[
  {
    "name": "Jihlava",
    "coordinate": {
      "index": 0,
      "latitude": 49.396064,
      "longitude": 15.5903065
    }
  },
  {
    "name": "Litovel",
    "coordinate": {
      "index": 0,
      "latitude": 49.7014789,
      "longitude": 17.0761064
    }
  },
  {
    "name": "Zawidów",
    "coordinate": {
      "index": 0,
      "latitude": 51.0257493,
      "longitude": 15.0610053
    }
  },
  {
    "name": "Plzeň",
    "coordinate": {
      "index": 0,
      "latitude": 49.7477415,
      "longitude": 13.3775249
    }
  },
  {
    "name": "Gmünd",
    "coordinate": {
      "index": 0,
      "latitude": 48.7729279,
      "longitude": 14.9861752
    }
  },
  {
    "name": "Kašperské Hory",
    "coordinate": {
      "index": 0,
      "latitude": 49.1434723,
      "longitude": 13.5560577
    }
  },
  {
    "name": "Rejštejn",
    "coordinate": {
      "index": 0,
      "latitude": 49.140531,
      "longitude": 13.5151685
    }
  },
  {
    "name": "Vejprty",
    "coordinate": {
      "index": 0,
      "latitude": 50.4923155,
      "longitude": 13.0321201
    }
  },
  {
    "name": "Hrádek nad Nisou",
    "coordinate": {
      "index": 0,
      "latitude": 50.8522229,
      "longitude": 14.8436667
    }
  },
  {
    "name": "Frýdlant",
    "coordinate": {
      "index": 0,
      "latitude": 50.9216775,
      "longitude": 15.0794594
    }
  },
  {
    "name": "Hardegg",
    "coordinate": {
      "index": 0,
      "latitude": 48.8536837,
      "longitude": 15.8585681
    }
  },
  {
    "name": "Hohenberg an der Eger",
    "coordinate": {
      "index": 0,
      "latitude": 50.0970494,
      "longitude": 12.2232841
    }
  },
  {
    "name": "Kurort Oberwiesenthal",
    "coordinate": {
      "index": 0,
      "latitude": 50.419377,
      "longitude": 12.970962
    }
  },
  {
    "name": "Ždírec nad Doubravou",
    "coordinate": {
      "index": 0,
      "latitude": 49.6959567,
      "longitude": 15.8136021
    }
  },
  {
    "name": "Zruč nad Sázavou",
    "coordinate": {
      "index": 0,
      "latitude": 49.740296,
      "longitude": 15.106074
    }
  },
  {
    "name": "Smržovka",
    "coordinate": {
      "index": 0,
      "latitude": 50.7384678,
      "longitude": 15.2463402
    }
  },
  {
    "name": "Lázně Bělohrad",
    "coordinate": {
      "index": 0,
      "latitude": 50.4290274,
      "longitude": 15.5827632
    }
  },
  {
    "name": "Brumov-Bylnice",
    "coordinate": {
      "index": 0,
      "latitude": 49.0912882,
      "longitude": 18.0227659
    }
  },
  {
    "name": "Otrokovice",
    "coordinate": {
      "index": 0,
      "latitude": 49.2088284,
      "longitude": 17.5353865
    }
  },
  {
    "name": "Nalžovské Hory",
    "coordinate": {
      "index": 0,
      "latitude": 49.3335778,
      "longitude": 13.5496097
    }
  },
  {
    "name": "Plánice",
    "coordinate": {
      "index": 0,
      "latitude": 49.3899269,
      "longitude": 13.4710601
    }
  },
  {
    "name": "Trhové Sviny",
    "coordinate": {
      "index": 0,
      "latitude": 48.8425812,
      "longitude": 14.6391858
    }
  },
  {
    "name": "Kudowa-Zdrój",
    "coordinate": {
      "index": 0,
      "latitude": 50.4420034,
      "longitude": 16.2416299
    }
  },
  {
    "name": "Desná",
    "coordinate": {
      "index": 0,
      "latitude": 50.760138,
      "longitude": 15.3027864
    }
  },
  {
    "name": "Sadská",
    "coordinate": {
      "index": 0,
      "latitude": 50.1361194,
      "longitude": 14.9859741
    }
  },
  {
    "name": "Švihov",
    "coordinate": {
      "index": 0,
      "latitude": 49.4813565,
      "longitude": 13.2841729
    }
  },
  {
    "name": "Vamberk",
    "coordinate": {
      "index": 0,
      "latitude": 50.1179339,
      "longitude": 16.2903737
    }
  },
  {
    "name": "Nepomuk",
    "coordinate": {
      "index": 0,
      "latitude": 49.4861397,
      "longitude": 13.5818116
    }
  },
  {
    "name": "Rohatec",
    "coordinate": {
      "index": 0,
      "latitude": 48.8803982,
      "longitude": 17.1833008
    }
  },
  {
    "name": "Staré Město",
    "coordinate": {
      "index": 0,
      "latitude": 49.0756576,
      "longitude": 17.4391723
    }
  },
  {
    "name": "Klingenthal",
    "coordinate": {
      "index": 0,
      "latitude": 50.3581046,
      "longitude": 12.4678923
    }
  },
  {
    "name": "Bezdružice",
    "coordinate": {
      "index": 0,
      "latitude": 49.907242,
      "longitude": 12.9711049
    }
  },
  {
    "name": "Černošice",
    "coordinate": {
      "index": 0,
      "latitude": 49.9605466,
      "longitude": 14.3197051
    }
  },
  {
    "name": "Králův Dvůr",
    "coordinate": {
      "index": 0,
      "latitude": 49.9502063,
      "longitude": 14.0344556
    }
  },
  {
    "name": "Vrbno pod Pradědem",
    "coordinate": {
      "index": 0,
      "latitude": 50.1209513,
      "longitude": 17.3831569
    }
  },
  {
    "name": "Lomnice nad Popelkou",
    "coordinate": {
      "index": 0,
      "latitude": 50.5310646,
      "longitude": 15.3728809
    }
  },
  {
    "name": "Meziboří",
    "coordinate": {
      "index": 0,
      "latitude": 50.6214996,
      "longitude": 13.6000332
    }
  },
  {
    "name": "Lom",
    "coordinate": {
      "index": 0,
      "latitude": 50.5932769,
      "longitude": 13.6572887
    }
  },
  {
    "name": "Třinec",
    "coordinate": {
      "index": 0,
      "latitude": 49.6779212,
      "longitude": 18.6711993
    }
  },
  {
    "name": "Strání",
    "coordinate": {
      "index": 0,
      "latitude": 48.9020757,
      "longitude": 17.7065802
    }
  },
  {
    "name": "Jevíčko",
    "coordinate": {
      "index": 0,
      "latitude": 49.6324875,
      "longitude": 16.7118442
    }
  },
  {
    "name": "Olešnice",
    "coordinate": {
      "index": 0,
      "latitude": 49.5577012,
      "longitude": 16.4223306
    }
  },
  {
    "name": "Vendryně",
    "coordinate": {
      "index": 0,
      "latitude": 49.6666154,
      "longitude": 18.7130749
    }
  },
  {
    "name": "Návsí",
    "coordinate": {
      "index": 0,
      "latitude": 49.5873223,
      "longitude": 18.7584931
    }
  },
  {
    "name": "Svatobořice",
    "coordinate": {
      "index": 0,
      "latitude": 48.9841062,
      "longitude": 17.095048
    }
  },
  {
    "name": "Libina",
    "coordinate": {
      "index": 0,
      "latitude": 49.8766994,
      "longitude": 17.0826722
    }
  },
  {
    "name": "Ostrožská Nová Ves",
    "coordinate": {
      "index": 0,
      "latitude": 49.0043387,
      "longitude": 17.4363185
    }
  },
  {
    "name": "Štěpánkovice",
    "coordinate": {
      "index": 0,
      "latitude": 49.9578896,
      "longitude": 18.0387601
    }
  },
  {
    "name": "Klášterec nad Ohří",
    "coordinate": {
      "index": 0,
      "latitude": 50.3847188,
      "longitude": 13.1712133
    }
  },
  {
    "name": "Ralsko",
    "coordinate": {
      "index": 0,
      "latitude": 50.5857728,
      "longitude": 14.8040625
    }
  },
  {
    "name": "Jevišovice",
    "coordinate": {
      "index": 0,
      "latitude": 48.9874765,
      "longitude": 15.9896915
    }
  },
  {
    "name": "Veltrusy",
    "coordinate": {
      "index": 0,
      "latitude": 50.2710734,
      "longitude": 14.3277379
    }
  },
  {
    "name": "Habartov",
    "coordinate": {
      "index": 0,
      "latitude": 50.1826873,
      "longitude": 12.5502631
    }
  },
  {
    "name": "Pelhřimov",
    "coordinate": {
      "index": 0,
      "latitude": 49.4308737,
      "longitude": 15.2232341
    }
  },
  {
    "name": "Horní Bříza",
    "coordinate": {
      "index": 0,
      "latitude": 49.8411529,
      "longitude": 13.3573652
    }
  },
  {
    "name": "Třemošnice",
    "coordinate": {
      "index": 0,
      "latitude": 49.8693093,
      "longitude": 15.5803962
    }
  },
  {
    "name": "Slatiňany",
    "coordinate": {
      "index": 0,
      "latitude": 49.9212452,
      "longitude": 15.8132542
    }
  },
  {
    "name": "Skuteč",
    "coordinate": {
      "index": 0,
      "latitude": 49.8434267,
      "longitude": 15.9961932
    }
  },
  {
    "name": "Seč",
    "coordinate": {
      "index": 0,
      "latitude": 49.8473534,
      "longitude": 15.6571108
    }
  },
  {
    "name": "Ronov nad Doubravou",
    "coordinate": {
      "index": 0,
      "latitude": 49.8882524,
      "longitude": 15.5314359
    }
  },
  {
    "name": "Luže",
    "coordinate": {
      "index": 0,
      "latitude": 49.8934114,
      "longitude": 16.0284252
    }
  },
  {
    "name": "Hlinsko",
    "coordinate": {
      "index": 0,
      "latitude": 49.7625672,
      "longitude": 15.907339
    }
  },
  {
    "name": "Heřmanův Městec",
    "coordinate": {
      "index": 0,
      "latitude": 49.9470444,
      "longitude": 15.6646587
    }
  },
  {
    "name": "Chrudim",
    "coordinate": {
      "index": 0,
      "latitude": 49.9511458,
      "longitude": 15.7947559
    }
  },
  {
    "name": "Chrast",
    "coordinate": {
      "index": 0,
      "latitude": 49.9020497,
      "longitude": 15.9339624
    }
  },
  {
    "name": "Sezemice",
    "coordinate": {
      "index": 0,
      "latitude": 50.0663195,
      "longitude": 15.8526363
    }
  },
  {
    "name": "Přelouč",
    "coordinate": {
      "index": 0,
      "latitude": 50.0401412,
      "longitude": 15.5603286
    }
  },
  {
    "name": "Pardubice",
    "coordinate": {
      "index": 0,
      "latitude": 50.0385812,
      "longitude": 15.7791356
    }
  },
  {
    "name": "Lázně Bohdaneč",
    "coordinate": {
      "index": 0,
      "latitude": 50.0764166,
      "longitude": 15.6798078
    }
  },
  {
    "name": "Holice",
    "coordinate": {
      "index": 0,
      "latitude": 50.0662793,
      "longitude": 15.9858513
    }
  },
  {
    "name": "Chvaletice",
    "coordinate": {
      "index": 0,
      "latitude": 50.0348654,
      "longitude": 15.4184231
    }
  },
  {
    "name": "Třebechovice pod Orebem",
    "coordinate": {
      "index": 0,
      "latitude": 50.2007842,
      "longitude": 15.993087
    }
  },
  {
    "name": "Smiřice",
    "coordinate": {
      "index": 0,
      "latitude": 50.2995707,
      "longitude": 15.8645911
    }
  },
  {
    "name": "Nový Bydžov",
    "coordinate": {
      "index": 0,
      "latitude": 50.2417701,
      "longitude": 15.4907692
    }
  },
  {
    "name": "Hradec Králové",
    "coordinate": {
      "index": 0,
      "latitude": 50.2094963,
      "longitude": 15.832719
    }
  },
  {
    "name": "Chlumec nad Cidlinou",
    "coordinate": {
      "index": 0,
      "latitude": 50.154395,
      "longitude": 15.4603384
    }
  },
  {
    "name": "Světlá nad Sázavou",
    "coordinate": {
      "index": 0,
      "latitude": 49.6680082,
      "longitude": 15.403934
    }
  },
  {
    "name": "Přibyslav",
    "coordinate": {
      "index": 0,
      "latitude": 49.5768385,
      "longitude": 15.7385463
    }
  },
  {
    "name": "Ledeč nad Sázavou",
    "coordinate": {
      "index": 0,
      "latitude": 49.6954347,
      "longitude": 15.2776706
    }
  },
  {
    "name": "Havlíčkův Brod",
    "coordinate": {
      "index": 0,
      "latitude": 49.607079,
      "longitude": 15.5794883
    }
  },
  {
    "name": "Golčův Jeníkov",
    "coordinate": {
      "index": 0,
      "latitude": 49.8160108,
      "longitude": 15.4772768
    }
  },
  {
    "name": "Chotěboř",
    "coordinate": {
      "index": 0,
      "latitude": 49.7205393,
      "longitude": 15.6699904
    }
  },
  {
    "name": "Žďár nad Sázavou",
    "coordinate": {
      "index": 0,
      "latitude": 49.5629014,
      "longitude": 15.9391924
    }
  },
  {
    "name": "Velké Meziříčí",
    "coordinate": {
      "index": 0,
      "latitude": 49.3554996,
      "longitude": 16.0121507
    }
  },
  {
    "name": "Velká Bíteš",
    "coordinate": {
      "index": 0,
      "latitude": 49.2888655,
      "longitude": 16.225908
    }
  },
  {
    "name": "Svratka",
    "coordinate": {
      "index": 0,
      "latitude": 49.7111798,
      "longitude": 16.0315815
    }
  },
  {
    "name": "Nové Město na Moravě",
    "coordinate": {
      "index": 0,
      "latitude": 49.5616916,
      "longitude": 16.0744185
    }
  },
  {
    "name": "Bystřice nad Pernštejnem",
    "coordinate": {
      "index": 0,
      "latitude": 49.5228805,
      "longitude": 16.2613311
    }
  },
  {
    "name": "Třešť",
    "coordinate": {
      "index": 0,
      "latitude": 49.2905709,
      "longitude": 15.4821668
    }
  },
  {
    "name": "Telč",
    "coordinate": {
      "index": 0,
      "latitude": 49.1847652,
      "longitude": 15.4524773
    }
  },
  {
    "name": "Polná",
    "coordinate": {
      "index": 0,
      "latitude": 49.4873383,
      "longitude": 15.7188513
    }
  },
  {
    "name": "Brtnice",
    "coordinate": {
      "index": 0,
      "latitude": 49.3068037,
      "longitude": 15.6766872
    }
  },
  {
    "name": "Svitavy",
    "coordinate": {
      "index": 0,
      "latitude": 49.7562053,
      "longitude": 16.4688995
    }
  },
  {
    "name": "Polička",
    "coordinate": {
      "index": 0,
      "latitude": 49.7149137,
      "longitude": 16.2653869
    }
  },
  {
    "name": "Moravská Třebová",
    "coordinate": {
      "index": 0,
      "latitude": 49.7581979,
      "longitude": 16.6642129
    }
  },
  {
    "name": "Litomyšl",
    "coordinate": {
      "index": 0,
      "latitude": 49.8725491,
      "longitude": 16.3101243
    }
  },
  {
    "name": "Březová nad Svitavou",
    "coordinate": {
      "index": 0,
      "latitude": 49.6447658,
      "longitude": 16.5174116
    }
  },
  {
    "name": "Žamberk",
    "coordinate": {
      "index": 0,
      "latitude": 50.0874408,
      "longitude": 16.4648984
    }
  },
  {
    "name": "Česká Třebová",
    "coordinate": {
      "index": 0,
      "latitude": 49.9021593,
      "longitude": 16.4472039
    }
  },
  {
    "name": "Červená Voda",
    "coordinate": {
      "index": 0,
      "latitude": 50.0402915,
      "longitude": 16.7426822
    }
  },
  {
    "name": "Ústí nad Orlicí",
    "coordinate": {
      "index": 0,
      "latitude": 49.9737051,
      "longitude": 16.3940676
    }
  },
  {
    "name": "Vysoké Mýto",
    "coordinate": {
      "index": 0,
      "latitude": 49.9534727,
      "longitude": 16.1616455
    }
  },
  {
    "name": "Letohrad",
    "coordinate": {
      "index": 0,
      "latitude": 50.0358007,
      "longitude": 16.4987852
    }
  },
  {
    "name": "Lanškroun",
    "coordinate": {
      "index": 0,
      "latitude": 49.9124356,
      "longitude": 16.6118541
    }
  },
  {
    "name": "Králíky",
    "coordinate": {
      "index": 0,
      "latitude": 50.0842625,
      "longitude": 16.7603582
    }
  },
  {
    "name": "Jablonné nad Orlicí",
    "coordinate": {
      "index": 0,
      "latitude": 50.0296366,
      "longitude": 16.6005927
    }
  },
  {
    "name": "Choceň",
    "coordinate": {
      "index": 0,
      "latitude": 50.0018735,
      "longitude": 16.2229788
    }
  },
  {
    "name": "Brandýs nad Orlicí",
    "coordinate": {
      "index": 0,
      "latitude": 50.0019438,
      "longitude": 16.285279
    }
  },
  {
    "name": "Žirovnice",
    "coordinate": {
      "index": 0,
      "latitude": 49.2531813,
      "longitude": 15.188238
    }
  },
  {
    "name": "Červená Řečice",
    "coordinate": {
      "index": 0,
      "latitude": 49.5112314,
      "longitude": 15.1783645
    }
  },
  {
    "name": "Černovice",
    "coordinate": {
      "index": 0,
      "latitude": 49.3725903,
      "longitude": 14.9599829
    }
  },
  {
    "name": "Počátky",
    "coordinate": {
      "index": 0,
      "latitude": 49.2602542,
      "longitude": 15.2404051
    }
  },
  {
    "name": "Pacov",
    "coordinate": {
      "index": 0,
      "latitude": 49.4707194,
      "longitude": 15.0036121
    }
  },
  {
    "name": "Kamenice nad Lipou",
    "coordinate": {
      "index": 0,
      "latitude": 49.303118,
      "longitude": 15.0754914
    }
  },
  {
    "name": "Humpolec",
    "coordinate": {
      "index": 0,
      "latitude": 49.5418861,
      "longitude": 15.3586709
    }
  },
  {
    "name": "Třebíč",
    "coordinate": {
      "index": 0,
      "latitude": 49.2151907,
      "longitude": 15.8816091
    }
  },
  {
    "name": "Náměšť nad Oslavou",
    "coordinate": {
      "index": 0,
      "latitude": 49.2073771,
      "longitude": 16.1577984
    }
  },
  {
    "name": "Moravské Budějovice",
    "coordinate": {
      "index": 0,
      "latitude": 49.052357,
      "longitude": 15.808595
    }
  },
  {
    "name": "Jemnice",
    "coordinate": {
      "index": 0,
      "latitude": 49.0192524,
      "longitude": 15.5698865
    }
  },
  {
    "name": "Jaroměřice nad Rokytnou",
    "coordinate": {
      "index": 0,
      "latitude": 49.0943503,
      "longitude": 15.8932579
    }
  },
  {
    "name": "Česká Skalice",
    "coordinate": {
      "index": 0,
      "latitude": 50.3946132,
      "longitude": 16.0435698
    }
  },
  {
    "name": "Červený Kostelec",
    "coordinate": {
      "index": 0,
      "latitude": 50.4765545,
      "longitude": 16.0928092
    }
  },
  {
    "name": "Police nad Metují",
    "coordinate": {
      "index": 0,
      "latitude": 50.5368703,
      "longitude": 16.2335044
    }
  },
  {
    "name": "Náchod",
    "coordinate": {
      "index": 0,
      "latitude": 50.4167811,
      "longitude": 16.1630918
    }
  },
  {
    "name": "Nové Město nad Metují",
    "coordinate": {
      "index": 0,
      "latitude": 50.3442064,
      "longitude": 16.1512997
    }
  },
  {
    "name": "Jaroměř",
    "coordinate": {
      "index": 0,
      "latitude": 50.3555088,
      "longitude": 15.9185723
    }
  },
  {
    "name": "Hronov",
    "coordinate": {
      "index": 0,
      "latitude": 50.4797582,
      "longitude": 16.1820581
    }
  },
  {
    "name": "Broumov",
    "coordinate": {
      "index": 0,
      "latitude": 50.5853016,
      "longitude": 16.3324545
    }
  },
  {
    "name": "Nová Paka",
    "coordinate": {
      "index": 0,
      "latitude": 50.4947616,
      "longitude": 15.5149801
    }
  },
  {
    "name": "Jičín",
    "coordinate": {
      "index": 0,
      "latitude": 50.4370452,
      "longitude": 15.3516528
    }
  },
  {
    "name": "Hořice",
    "coordinate": {
      "index": 0,
      "latitude": 50.3665337,
      "longitude": 15.6321735
    }
  },
  {
    "name": "Žacléř",
    "coordinate": {
      "index": 0,
      "latitude": 50.6585674,
      "longitude": 15.9080271
    }
  },
  {
    "name": "Úpice",
    "coordinate": {
      "index": 0,
      "latitude": 50.5125314,
      "longitude": 16.0154279
    }
  },
  {
    "name": "Vrchlabí",
    "coordinate": {
      "index": 0,
      "latitude": 50.6271452,
      "longitude": 15.6095779
    }
  },
  {
    "name": "Trutnov",
    "coordinate": {
      "index": 0,
      "latitude": 50.5608851,
      "longitude": 15.9130498
    }
  },
  {
    "name": "Rtyně v Podkrkonoší",
    "coordinate": {
      "index": 0,
      "latitude": 50.505532,
      "longitude": 16.0711662
    }
  },
  {
    "name": "Hostinné",
    "coordinate": {
      "index": 0,
      "latitude": 50.5409308,
      "longitude": 15.723285
    }
  },
  {
    "name": "Dvůr Králové nad Labem",
    "coordinate": {
      "index": 0,
      "latitude": 50.4319898,
      "longitude": 15.8139714
    }
  },
  {
    "name": "Rychnov nad Kněžnou",
    "coordinate": {
      "index": 0,
      "latitude": 50.1631069,
      "longitude": 16.274837
    }
  },
  {
    "name": "Opočno",
    "coordinate": {
      "index": 0,
      "latitude": 50.2676907,
      "longitude": 16.1145157
    }
  },
  {
    "name": "Kostelec nad Orlicí",
    "coordinate": {
      "index": 0,
      "latitude": 50.1228357,
      "longitude": 16.2135958
    }
  },
  {
    "name": "Týniště nad Orlicí",
    "coordinate": {
      "index": 0,
      "latitude": 50.1513634,
      "longitude": 16.0776973
    }
  },
  {
    "name": "Dobruška",
    "coordinate": {
      "index": 0,
      "latitude": 50.2921062,
      "longitude": 16.1605457
    }
  },
  {
    "name": "Borohrádek",
    "coordinate": {
      "index": 0,
      "latitude": 50.0978039,
      "longitude": 16.0932512
    }
  },
  {
    "name": "Solnice",
    "coordinate": {
      "index": 0,
      "latitude": 50.2030082,
      "longitude": 16.2383273
    }
  },
  {
    "name": "Vysoké nad Jizerou",
    "coordinate": {
      "index": 0,
      "latitude": 50.6855879,
      "longitude": 15.4015246
    }
  },
  {
    "name": "Turnov",
    "coordinate": {
      "index": 0,
      "latitude": 50.5874068,
      "longitude": 15.1574182
    }
  },
  {
    "name": "Semily",
    "coordinate": {
      "index": 0,
      "latitude": 50.602249,
      "longitude": 15.33526
    }
  },
  {
    "name": "Rokytnice nad Jizerou",
    "coordinate": {
      "index": 0,
      "latitude": 50.7258788,
      "longitude": 15.433522
    }
  },
  {
    "name": "Jilemnice",
    "coordinate": {
      "index": 0,
      "latitude": 50.6091761,
      "longitude": 15.5064747
    }
  },
  {
    "name": "Nové Město pod Smrkem",
    "coordinate": {
      "index": 0,
      "latitude": 50.9254734,
      "longitude": 15.2299746
    }
  },
  {
    "name": "Liberec",
    "coordinate": {
      "index": 0,
      "latitude": 50.7702648,
      "longitude": 15.0583947
    }
  },
  {
    "name": "Jablonné v Podještědí",
    "coordinate": {
      "index": 0,
      "latitude": 50.7657554,
      "longitude": 14.7614324
    }
  },
  {
    "name": "Hodkovice nad Mohelkou",
    "coordinate": {
      "index": 0,
      "latitude": 50.665862,
      "longitude": 15.0898509
    }
  },
  {
    "name": "Chrastava",
    "coordinate": {
      "index": 0,
      "latitude": 50.8171929,
      "longitude": 14.9687813
    }
  },
  {
    "name": "Železný Brod",
    "coordinate": {
      "index": 0,
      "latitude": 50.6430652,
      "longitude": 15.2539851
    }
  },
  {
    "name": "Tanvald",
    "coordinate": {
      "index": 0,
      "latitude": 50.7379436,
      "longitude": 15.3037997
    }
  },
  {
    "name": "Jablonec nad Nisou",
    "coordinate": {
      "index": 0,
      "latitude": 50.7240899,
      "longitude": 15.1710958
    }
  },
  {
    "name": "Česká Lípa",
    "coordinate": {
      "index": 0,
      "latitude": 50.6865452,
      "longitude": 14.5372974
    }
  },
  {
    "name": "Stráž pod Ralskem",
    "coordinate": {
      "index": 0,
      "latitude": 50.7029923,
      "longitude": 14.8009646
    }
  },
  {
    "name": "Nový Bor",
    "coordinate": {
      "index": 0,
      "latitude": 50.757878,
      "longitude": 14.5554953
    }
  },
  {
    "name": "Mimoň",
    "coordinate": {
      "index": 0,
      "latitude": 50.6589287,
      "longitude": 14.7244345
    }
  },
  {
    "name": "Kamenický Šenov",
    "coordinate": {
      "index": 0,
      "latitude": 50.7735891,
      "longitude": 14.4728675
    }
  },
  {
    "name": "Doksy",
    "coordinate": {
      "index": 0,
      "latitude": 50.5642825,
      "longitude": 14.6553399
    }
  },
  {
    "name": "Cvikov",
    "coordinate": {
      "index": 0,
      "latitude": 50.7766765,
      "longitude": 14.6329751
    }
  },
  {
    "name": "Ústí nad Labem",
    "coordinate": {
      "index": 0,
      "latitude": 50.6603327,
      "longitude": 14.0381357
    }
  },
  {
    "name": "Chlumec",
    "coordinate": {
      "index": 0,
      "latitude": 50.699992,
      "longitude": 13.9397526
    }
  },
  {
    "name": "Teplice",
    "coordinate": {
      "index": 0,
      "latitude": 50.6406644,
      "longitude": 13.8244461
    }
  },
  {
    "name": "Osek",
    "coordinate": {
      "index": 0,
      "latitude": 50.6230807,
      "longitude": 13.6861489
    }
  },
  {
    "name": "Krupka",
    "coordinate": {
      "index": 0,
      "latitude": 50.6847005,
      "longitude": 13.8577518
    }
  },
  {
    "name": "Hrob",
    "coordinate": {
      "index": 0,
      "latitude": 50.6590894,
      "longitude": 13.7255293
    }
  },
  {
    "name": "Duchcov",
    "coordinate": {
      "index": 0,
      "latitude": 50.6040315,
      "longitude": 13.7461464
    }
  },
  {
    "name": "Dubí",
    "coordinate": {
      "index": 0,
      "latitude": 50.6812997,
      "longitude": 13.788771
    }
  },
  {
    "name": "Bílina",
    "coordinate": {
      "index": 0,
      "latitude": 50.5484048,
      "longitude": 13.7747641
    }
  },
  {
    "name": "Most",
    "coordinate": {
      "index": 0,
      "latitude": 50.5032737,
      "longitude": 13.636112
    }
  },
  {
    "name": "Litvínov",
    "coordinate": {
      "index": 0,
      "latitude": 50.6009532,
      "longitude": 13.6110485
    }
  },
  {
    "name": "Žatec",
    "coordinate": {
      "index": 0,
      "latitude": 50.3274423,
      "longitude": 13.545952
    }
  },
  {
    "name": "Postoloprty",
    "coordinate": {
      "index": 0,
      "latitude": 50.3600554,
      "longitude": 13.7028467
    }
  },
  {
    "name": "Podbořany",
    "coordinate": {
      "index": 0,
      "latitude": 50.2296341,
      "longitude": 13.4118542
    }
  },
  {
    "name": "Louny",
    "coordinate": {
      "index": 0,
      "latitude": 50.3572555,
      "longitude": 13.7966137
    }
  },
  {
    "name": "Kadaň",
    "coordinate": {
      "index": 0,
      "latitude": 50.3761991,
      "longitude": 13.2710364
    }
  },
  {
    "name": "Jirkov",
    "coordinate": {
      "index": 0,
      "latitude": 50.5000597,
      "longitude": 13.4476266
    }
  },
  {
    "name": "Chomutov",
    "coordinate": {
      "index": 0,
      "latitude": 50.4607421,
      "longitude": 13.4177224
    }
  },
  {
    "name": "Šluknov",
    "coordinate": {
      "index": 0,
      "latitude": 51.003217,
      "longitude": 14.4530321
    }
  },
  {
    "name": "Česká Kamenice",
    "coordinate": {
      "index": 0,
      "latitude": 50.7994117,
      "longitude": 14.4165592
    }
  },
  {
    "name": "Varnsdorf",
    "coordinate": {
      "index": 0,
      "latitude": 50.9124244,
      "longitude": 14.6194058
    }
  },
  {
    "name": "Rumburk",
    "coordinate": {
      "index": 0,
      "latitude": 50.9517739,
      "longitude": 14.5569317
    }
  },
  {
    "name": "Krásná Lípa",
    "coordinate": {
      "index": 0,
      "latitude": 50.9145647,
      "longitude": 14.5062621
    }
  },
  {
    "name": "Jílové",
    "coordinate": {
      "index": 0,
      "latitude": 50.7610971,
      "longitude": 14.1041986
    }
  },
  {
    "name": "Jiříkov",
    "coordinate": {
      "index": 0,
      "latitude": 50.9951393,
      "longitude": 14.5690963
    }
  },
  {
    "name": "Děčín",
    "coordinate": {
      "index": 0,
      "latitude": 50.7824196,
      "longitude": 14.2147221
    }
  },
  {
    "name": "Benešov nad Ploučnicí",
    "coordinate": {
      "index": 0,
      "latitude": 50.7413413,
      "longitude": 14.3112047
    }
  },
  {
    "name": "Štětí",
    "coordinate": {
      "index": 0,
      "latitude": 50.4529665,
      "longitude": 14.3746577
    }
  },
  {
    "name": "Roudnice nad Labem",
    "coordinate": {
      "index": 0,
      "latitude": 50.4255496,
      "longitude": 14.2616915
    }
  },
  {
    "name": "Lovosice",
    "coordinate": {
      "index": 0,
      "latitude": 50.5153052,
      "longitude": 14.0509704
    }
  },
  {
    "name": "Litoměřice",
    "coordinate": {
      "index": 0,
      "latitude": 50.5340795,
      "longitude": 14.1317985
    }
  },
  {
    "name": "Kroměříž",
    "coordinate": {
      "index": 0,
      "latitude": 49.2984191,
      "longitude": 17.3929804
    }
  },
  {
    "name": "Hulín",
    "coordinate": {
      "index": 0,
      "latitude": 49.3171618,
      "longitude": 17.4636996
    }
  },
  {
    "name": "Holešov",
    "coordinate": {
      "index": 0,
      "latitude": 49.333718,
      "longitude": 17.5786751
    }
  },
  {
    "name": "Chropyně",
    "coordinate": {
      "index": 0,
      "latitude": 49.3567094,
      "longitude": 17.3644698
    }
  },
  {
    "name": "Bystřice pod Hostýnem",
    "coordinate": {
      "index": 0,
      "latitude": 49.399451,
      "longitude": 17.6737912
    }
  },
  {
    "name": "Vlčnov",
    "coordinate": {
      "index": 0,
      "latitude": 49.0099715,
      "longitude": 17.5819505
    }
  },
  {
    "name": "Uherský Ostroh",
    "coordinate": {
      "index": 0,
      "latitude": 48.985558,
      "longitude": 17.3898443
    }
  },
  {
    "name": "Uherský Brod",
    "coordinate": {
      "index": 0,
      "latitude": 49.0253139,
      "longitude": 17.6464437
    }
  },
  {
    "name": "Nivnice",
    "coordinate": {
      "index": 0,
      "latitude": 48.9762719,
      "longitude": 17.6449068
    }
  },
  {
    "name": "Kunovice",
    "coordinate": {
      "index": 0,
      "latitude": 49.0419604,
      "longitude": 17.4662253
    }
  },
  {
    "name": "Hluk",
    "coordinate": {
      "index": 0,
      "latitude": 48.988328,
      "longitude": 17.5268918
    }
  },
  {
    "name": "Dolní Němčí",
    "coordinate": {
      "index": 0,
      "latitude": 48.9684218,
      "longitude": 17.5853622
    }
  },
  {
    "name": "Bojkovice",
    "coordinate": {
      "index": 0,
      "latitude": 49.0389132,
      "longitude": 17.8148347
    }
  },
  {
    "name": "Zubří",
    "coordinate": {
      "index": 0,
      "latitude": 49.4661007,
      "longitude": 18.092283
    }
  },
  {
    "name": "Vsetín",
    "coordinate": {
      "index": 0,
      "latitude": 49.3389775,
      "longitude": 17.9961534
    }
  },
  {
    "name": "Valašské Meziříčí",
    "coordinate": {
      "index": 0,
      "latitude": 49.4716056,
      "longitude": 17.971593
    }
  },
  {
    "name": "Rožnov pod Radhoštěm",
    "coordinate": {
      "index": 0,
      "latitude": 49.4587958,
      "longitude": 18.1429843
    }
  },
  {
    "name": "Zlín",
    "coordinate": {
      "index": 0,
      "latitude": 49.226766,
      "longitude": 17.6667415
    }
  },
  {
    "name": "Vizovice",
    "coordinate": {
      "index": 0,
      "latitude": 49.2231391,
      "longitude": 17.8545076
    }
  },
  {
    "name": "Valašské Klobouky",
    "coordinate": {
      "index": 0,
      "latitude": 49.1409048,
      "longitude": 18.0075634
    }
  },
  {
    "name": "Slavičín",
    "coordinate": {
      "index": 0,
      "latitude": 49.0889594,
      "longitude": 17.874808
    }
  },
  {
    "name": "Napajedla",
    "coordinate": {
      "index": 0,
      "latitude": 49.1715891,
      "longitude": 17.5113718
    }
  },
  {
    "name": "Luhačovice",
    "coordinate": {
      "index": 0,
      "latitude": 49.0997324,
      "longitude": 17.7577004
    }
  },
  {
    "name": "Fryšták",
    "coordinate": {
      "index": 0,
      "latitude": 49.2852044,
      "longitude": 17.6834631
    }
  },
  {
    "name": "Teplá",
    "coordinate": {
      "index": 0,
      "latitude": 49.9821176,
      "longitude": 12.8631587
    }
  },
  {
    "name": "Mariánské Lázně",
    "coordinate": {
      "index": 0,
      "latitude": 49.9739518,
      "longitude": 12.703319
    }
  },
  {
    "name": "Františkovy Lázně",
    "coordinate": {
      "index": 0,
      "latitude": 50.1223741,
      "longitude": 12.3488519
    }
  },
  {
    "name": "Cheb",
    "coordinate": {
      "index": 0,
      "latitude": 50.0793511,
      "longitude": 12.3703526
    }
  },
  {
    "name": "Aš",
    "coordinate": {
      "index": 0,
      "latitude": 50.2216257,
      "longitude": 12.1895886
    }
  },
  {
    "name": "Toužim",
    "coordinate": {
      "index": 0,
      "latitude": 50.0607602,
      "longitude": 12.9849922
    }
  },
  {
    "name": "Ostrov",
    "coordinate": {
      "index": 0,
      "latitude": 50.3061911,
      "longitude": 12.9390017
    }
  },
  {
    "name": "Nová Role",
    "coordinate": {
      "index": 0,
      "latitude": 50.2709162,
      "longitude": 12.7842174
    }
  },
  {
    "name": "Nejdek",
    "coordinate": {
      "index": 0,
      "latitude": 50.3247878,
      "longitude": 12.7332967
    }
  },
  {
    "name": "Karlovy Vary",
    "coordinate": {
      "index": 0,
      "latitude": 50.2304694,
      "longitude": 12.8710769
    }
  },
  {
    "name": "Sokolov",
    "coordinate": {
      "index": 0,
      "latitude": 50.1815641,
      "longitude": 12.640035
    }
  },
  {
    "name": "Rotava",
    "coordinate": {
      "index": 0,
      "latitude": 50.3058704,
      "longitude": 12.5610769
    }
  },
  {
    "name": "Loket",
    "coordinate": {
      "index": 0,
      "latitude": 50.1860008,
      "longitude": 12.7540466
    }
  },
  {
    "name": "Kynšperk nad Ohří",
    "coordinate": {
      "index": 0,
      "latitude": 50.1182943,
      "longitude": 12.531107
    }
  },
  {
    "name": "Kraslice",
    "coordinate": {
      "index": 0,
      "latitude": 50.3239885,
      "longitude": 12.5174004
    }
  },
  {
    "name": "Horní Slavkov",
    "coordinate": {
      "index": 0,
      "latitude": 50.139072,
      "longitude": 12.8077875
    }
  },
  {
    "name": "Chodov",
    "coordinate": {
      "index": 0,
      "latitude": 50.2390665,
      "longitude": 12.7489079
    }
  },
  {
    "name": "České Budějovice",
    "coordinate": {
      "index": 0,
      "latitude": 48.9747357,
      "longitude": 14.474285
    }
  },
  {
    "name": "Zliv",
    "coordinate": {
      "index": 0,
      "latitude": 49.0663495,
      "longitude": 14.3660772
    }
  },
  {
    "name": "Týn nad Vltavou",
    "coordinate": {
      "index": 0,
      "latitude": 49.2233024,
      "longitude": 14.4211263
    }
  },
  {
    "name": "Rudolfov",
    "coordinate": {
      "index": 0,
      "latitude": 48.9936055,
      "longitude": 14.5411628
    }
  },
  {
    "name": "Nové Hrady",
    "coordinate": {
      "index": 0,
      "latitude": 48.7896693,
      "longitude": 14.7783906
    }
  },
  {
    "name": "Lišov",
    "coordinate": {
      "index": 0,
      "latitude": 49.0158765,
      "longitude": 14.6083357
    }
  },
  {
    "name": "Hluboká nad Vltavou",
    "coordinate": {
      "index": 0,
      "latitude": 49.0522493,
      "longitude": 14.4342702
    }
  },
  {
    "name": "Borovany",
    "coordinate": {
      "index": 0,
      "latitude": 48.8998724,
      "longitude": 14.6419628
    }
  },
  {
    "name": "Český Krumlov",
    "coordinate": {
      "index": 0,
      "latitude": 48.810678,
      "longitude": 14.3149994
    }
  },
  {
    "name": "Větřní",
    "coordinate": {
      "index": 0,
      "latitude": 48.7742466,
      "longitude": 14.2861607
    }
  },
  {
    "name": "Vyšší Brod",
    "coordinate": {
      "index": 0,
      "latitude": 48.6154234,
      "longitude": 14.3120378
    }
  },
  {
    "name": "Velešín",
    "coordinate": {
      "index": 0,
      "latitude": 48.8294852,
      "longitude": 14.4625166
    }
  },
  {
    "name": "Rožmberk nad Vltavou",
    "coordinate": {
      "index": 0,
      "latitude": 48.6545255,
      "longitude": 14.3656325
    }
  },
  {
    "name": "Kaplice",
    "coordinate": {
      "index": 0,
      "latitude": 48.7388101,
      "longitude": 14.4965785
    }
  },
  {
    "name": "Horní Planá",
    "coordinate": {
      "index": 0,
      "latitude": 48.7673396,
      "longitude": 14.0321919
    }
  },
  {
    "name": "Třeboň",
    "coordinate": {
      "index": 0,
      "latitude": 49.003969,
      "longitude": 14.7711751
    }
  },
  {
    "name": "Suchdol nad Lužnicí",
    "coordinate": {
      "index": 0,
      "latitude": 48.8880893,
      "longitude": 14.8746872
    }
  },
  {
    "name": "Stráž nad Nežárkou",
    "coordinate": {
      "index": 0,
      "latitude": 49.0697105,
      "longitude": 14.9055137
    }
  },
  {
    "name": "Strmilov",
    "coordinate": {
      "index": 0,
      "latitude": 49.1584643,
      "longitude": 15.1993375
    }
  },
  {
    "name": "Slavonice",
    "coordinate": {
      "index": 0,
      "latitude": 48.9975333,
      "longitude": 15.3515379
    }
  },
  {
    "name": "Nová Včelnice",
    "coordinate": {
      "index": 0,
      "latitude": 49.2393496,
      "longitude": 15.0726025
    }
  },
  {
    "name": "Nová Bystřice",
    "coordinate": {
      "index": 0,
      "latitude": 49.0193392,
      "longitude": 15.1029382
    }
  },
  {
    "name": "Lomnice nad Lužnicí",
    "coordinate": {
      "index": 0,
      "latitude": 49.0815285,
      "longitude": 14.7181416
    }
  },
  {
    "name": "Kardašova Řečice",
    "coordinate": {
      "index": 0,
      "latitude": 49.1847779,
      "longitude": 14.8531546
    }
  },
  {
    "name": "Jindřichův Hradec",
    "coordinate": {
      "index": 0,
      "latitude": 49.1443265,
      "longitude": 15.003354
    }
  },
  {
    "name": "Deštná",
    "coordinate": {
      "index": 0,
      "latitude": 49.2651331,
      "longitude": 14.9239558
    }
  },
  {
    "name": "Dačice",
    "coordinate": {
      "index": 0,
      "latitude": 49.0818108,
      "longitude": 15.437216
    }
  },
  {
    "name": "Písek",
    "coordinate": {
      "index": 0,
      "latitude": 49.3089887,
      "longitude": 14.147769
    }
  },
  {
    "name": "Protivín",
    "coordinate": {
      "index": 0,
      "latitude": 49.2000186,
      "longitude": 14.2159645
    }
  },
  {
    "name": "Mirovice",
    "coordinate": {
      "index": 0,
      "latitude": 49.5155508,
      "longitude": 14.0358191
    }
  },
  {
    "name": "Mirotice",
    "coordinate": {
      "index": 0,
      "latitude": 49.4290263,
      "longitude": 14.0368614
    }
  },
  {
    "name": "Milevsko",
    "coordinate": {
      "index": 0,
      "latitude": 49.4503023,
      "longitude": 14.3595152
    }
  },
  {
    "name": "Volary",
    "coordinate": {
      "index": 0,
      "latitude": 48.9095977,
      "longitude": 13.8883971
    }
  },
  {
    "name": "Vlachovo Březí",
    "coordinate": {
      "index": 0,
      "latitude": 49.08135,
      "longitude": 13.9584176
    }
  },
  {
    "name": "Vimperk",
    "coordinate": {
      "index": 0,
      "latitude": 49.0526997,
      "longitude": 13.774198
    }
  },
  {
    "name": "Prachatice",
    "coordinate": {
      "index": 0,
      "latitude": 49.0131123,
      "longitude": 13.9977479
    }
  },
  {
    "name": "Netolice",
    "coordinate": {
      "index": 0,
      "latitude": 49.0493797,
      "longitude": 14.1962532
    }
  },
  {
    "name": "Husinec",
    "coordinate": {
      "index": 0,
      "latitude": 49.0549583,
      "longitude": 13.9869724
    }
  },
  {
    "name": "Volyně",
    "coordinate": {
      "index": 0,
      "latitude": 49.1663541,
      "longitude": 13.8865967
    }
  },
  {
    "name": "Vodňany",
    "coordinate": {
      "index": 0,
      "latitude": 49.1478708,
      "longitude": 14.1754647
    }
  },
  {
    "name": "Strakonice",
    "coordinate": {
      "index": 0,
      "latitude": 49.261277,
      "longitude": 13.9025043
    }
  },
  {
    "name": "Sedlice",
    "coordinate": {
      "index": 0,
      "latitude": 49.3768585,
      "longitude": 13.9394057
    }
  },
  {
    "name": "Bavorov",
    "coordinate": {
      "index": 0,
      "latitude": 49.1218443,
      "longitude": 14.0789263
    }
  },
  {
    "name": "Blatná",
    "coordinate": {
      "index": 0,
      "latitude": 49.425124,
      "longitude": 13.8825978
    }
  },
  {
    "name": "Veselí nad Lužnicí",
    "coordinate": {
      "index": 0,
      "latitude": 49.1868515,
      "longitude": 14.6989831
    }
  },
  {
    "name": "Tábor",
    "coordinate": {
      "index": 0,
      "latitude": 49.4140896,
      "longitude": 14.6584713
    }
  },
  {
    "name": "Soběslav",
    "coordinate": {
      "index": 0,
      "latitude": 49.259407,
      "longitude": 14.7193304
    }
  },
  {
    "name": "Sezimovo Ústí",
    "coordinate": {
      "index": 0,
      "latitude": 49.3854146,
      "longitude": 14.684521
    }
  },
  {
    "name": "Planá nad Lužnicí",
    "coordinate": {
      "index": 0,
      "latitude": 49.3510522,
      "longitude": 14.7047195
    }
  },
  {
    "name": "Mladá Vožice",
    "coordinate": {
      "index": 0,
      "latitude": 49.5331269,
      "longitude": 14.8085653
    }
  },
  {
    "name": "Jistebnice",
    "coordinate": {
      "index": 0,
      "latitude": 49.4855293,
      "longitude": 14.5275997
    }
  },
  {
    "name": "Chýnov",
    "coordinate": {
      "index": 0,
      "latitude": 49.4067686,
      "longitude": 14.8112157
    }
  },
  {
    "name": "Bechyně",
    "coordinate": {
      "index": 0,
      "latitude": 49.2953802,
      "longitude": 14.46884
    }
  },
  {
    "name": "Zlaté Hory",
    "coordinate": {
      "index": 0,
      "latitude": 50.2637622,
      "longitude": 17.3953643
    }
  },
  {
    "name": "Vidnava",
    "coordinate": {
      "index": 0,
      "latitude": 50.372434,
      "longitude": 17.1861229
    }
  },
  {
    "name": "Jeseník",
    "coordinate": {
      "index": 0,
      "latitude": 50.2296385,
      "longitude": 17.2046012
    }
  },
  {
    "name": "Šternberk",
    "coordinate": {
      "index": 0,
      "latitude": 49.730712,
      "longitude": 17.2988474
    }
  },
  {
    "name": "Velká Bystřice",
    "coordinate": {
      "index": 0,
      "latitude": 49.5947568,
      "longitude": 17.3654414
    }
  },
  {
    "name": "Uničov",
    "coordinate": {
      "index": 0,
      "latitude": 49.7711837,
      "longitude": 17.1213944
    }
  },
  {
    "name": "Olomouc",
    "coordinate": {
      "index": 0,
      "latitude": 49.5940567,
      "longitude": 17.251143
    }
  },
  {
    "name": "Moravský Beroun",
    "coordinate": {
      "index": 0,
      "latitude": 49.7939027,
      "longitude": 17.4427357
    }
  },
  {
    "name": "Lutín",
    "coordinate": {
      "index": 0,
      "latitude": 49.5587043,
      "longitude": 17.1372983
    }
  },
  {
    "name": "Prostějov",
    "coordinate": {
      "index": 0,
      "latitude": 49.4721467,
      "longitude": 17.1117979
    }
  },
  {
    "name": "Konice",
    "coordinate": {
      "index": 0,
      "latitude": 49.5905186,
      "longitude": 16.8894268
    }
  },
  {
    "name": "Přerov",
    "coordinate": {
      "index": 0,
      "latitude": 49.4553775,
      "longitude": 17.4508621
    }
  },
  {
    "name": "Lipník nad Bečvou",
    "coordinate": {
      "index": 0,
      "latitude": 49.5273114,
      "longitude": 17.5861035
    }
  },
  {
    "name": "Kojetín",
    "coordinate": {
      "index": 0,
      "latitude": 49.3520529,
      "longitude": 17.3021634
    }
  },
  {
    "name": "Hranice",
    "coordinate": {
      "index": 0,
      "latitude": 49.548233,
      "longitude": 17.7346535
    }
  },
  {
    "name": "Šumperk",
    "coordinate": {
      "index": 0,
      "latitude": 49.9655521,
      "longitude": 16.9705651
    }
  },
  {
    "name": "Zábřeh",
    "coordinate": {
      "index": 0,
      "latitude": 49.88287,
      "longitude": 16.8721836
    }
  },
  {
    "name": "Mohelnice",
    "coordinate": {
      "index": 0,
      "latitude": 49.7769472,
      "longitude": 16.9196183
    }
  },
  {
    "name": "Loštice",
    "coordinate": {
      "index": 0,
      "latitude": 49.7449432,
      "longitude": 16.9281353
    }
  },
  {
    "name": "Hanušovice",
    "coordinate": {
      "index": 0,
      "latitude": 50.0784174,
      "longitude": 16.9347166
    }
  },
  {
    "name": "Staňkov",
    "coordinate": {
      "index": 0,
      "latitude": 49.5537448,
      "longitude": 13.0696938
    }
  },
  {
    "name": "Poběžovice",
    "coordinate": {
      "index": 0,
      "latitude": 49.5108301,
      "longitude": 12.8023911
    }
  },
  {
    "name": "Kdyně",
    "coordinate": {
      "index": 0,
      "latitude": 49.3905888,
      "longitude": 13.0394725
    }
  },
  {
    "name": "Horšovský Týn",
    "coordinate": {
      "index": 0,
      "latitude": 49.5299132,
      "longitude": 12.9439844
    }
  },
  {
    "name": "Holýšov",
    "coordinate": {
      "index": 0,
      "latitude": 49.5936108,
      "longitude": 13.1012935
    }
  },
  {
    "name": "Domažlice",
    "coordinate": {
      "index": 0,
      "latitude": 49.4407069,
      "longitude": 12.9298338
    }
  },
  {
    "name": "Bělá nad Radbuzou",
    "coordinate": {
      "index": 0,
      "latitude": 49.5911481,
      "longitude": 12.717606
    }
  },
  {
    "name": "Železná Ruda",
    "coordinate": {
      "index": 0,
      "latitude": 49.1374249,
      "longitude": 13.2350287
    }
  },
  {
    "name": "Sušice",
    "coordinate": {
      "index": 0,
      "latitude": 49.2313907,
      "longitude": 13.5204076
    }
  },
  {
    "name": "Strážov",
    "coordinate": {
      "index": 0,
      "latitude": 49.3034789,
      "longitude": 13.2483379
    }
  },
  {
    "name": "Rabí",
    "coordinate": {
      "index": 0,
      "latitude": 49.2809304,
      "longitude": 13.6188949
    }
  },
  {
    "name": "Nýrsko",
    "coordinate": {
      "index": 0,
      "latitude": 49.2938686,
      "longitude": 13.1435324
    }
  },
  {
    "name": "Měčín",
    "coordinate": {
      "index": 0,
      "latitude": 49.4800853,
      "longitude": 13.402886
    }
  },
  {
    "name": "Klatovy",
    "coordinate": {
      "index": 0,
      "latitude": 49.3951183,
      "longitude": 13.2935954
    }
  },
  {
    "name": "Janovice nad Úhlavou",
    "coordinate": {
      "index": 0,
      "latitude": 49.3452626,
      "longitude": 13.2175818
    }
  },
  {
    "name": "Horažďovice",
    "coordinate": {
      "index": 0,
      "latitude": 49.3210159,
      "longitude": 13.7006943
    }
  },
  {
    "name": "Hartmanice",
    "coordinate": {
      "index": 0,
      "latitude": 49.1703098,
      "longitude": 13.4548124
    }
  },
  {
    "name": "Starý Plzenec",
    "coordinate": {
      "index": 0,
      "latitude": 49.6977029,
      "longitude": 13.4734102
    }
  },
  {
    "name": "Stod",
    "coordinate": {
      "index": 0,
      "latitude": 49.6390886,
      "longitude": 13.1647362
    }
  },
  {
    "name": "Spálené Poříčí",
    "coordinate": {
      "index": 0,
      "latitude": 49.6137072,
      "longitude": 13.6055617
    }
  },
  {
    "name": "Přeštice",
    "coordinate": {
      "index": 0,
      "latitude": 49.5726096,
      "longitude": 13.3295697
    }
  },
  {
    "name": "Kasejovice",
    "coordinate": {
      "index": 0,
      "latitude": 49.4626974,
      "longitude": 13.7405997
    }
  },
  {
    "name": "Dobřany",
    "coordinate": {
      "index": 0,
      "latitude": 49.6554407,
      "longitude": 13.2908386
    }
  },
  {
    "name": "Blovice",
    "coordinate": {
      "index": 0,
      "latitude": 49.5821789,
      "longitude": 13.5403535
    }
  },
  {
    "name": "Úterý",
    "coordinate": {
      "index": 0,
      "latitude": 49.9400702,
      "longitude": 13.0041771
    }
  },
  {
    "name": "Všeruby",
    "coordinate": {
      "index": 0,
      "latitude": 49.8417849,
      "longitude": 13.229176
    }
  },
  {
    "name": "Třemošná",
    "coordinate": {
      "index": 0,
      "latitude": 49.8161125,
      "longitude": 13.3949879
    }
  },
  {
    "name": "Plasy",
    "coordinate": {
      "index": 0,
      "latitude": 49.933503,
      "longitude": 13.3895611
    }
  },
  {
    "name": "Nýřany",
    "coordinate": {
      "index": 0,
      "latitude": 49.7131491,
      "longitude": 13.2074889
    }
  },
  {
    "name": "Manětín",
    "coordinate": {
      "index": 0,
      "latitude": 49.9917746,
      "longitude": 13.2331924
    }
  },
  {
    "name": "Kralovice",
    "coordinate": {
      "index": 0,
      "latitude": 49.9821831,
      "longitude": 13.4874108
    }
  },
  {
    "name": "Kožlany",
    "coordinate": {
      "index": 0,
      "latitude": 49.9938908,
      "longitude": 13.5410653
    }
  },
  {
    "name": "Kaznějov",
    "coordinate": {
      "index": 0,
      "latitude": 49.8931303,
      "longitude": 13.3829479
    }
  },
  {
    "name": "Zbiroh",
    "coordinate": {
      "index": 0,
      "latitude": 49.8592406,
      "longitude": 13.7711465
    }
  },
  {
    "name": "Mýto",
    "coordinate": {
      "index": 0,
      "latitude": 49.7889973,
      "longitude": 13.7346533
    }
  },
  {
    "name": "Rokycany",
    "coordinate": {
      "index": 0,
      "latitude": 49.7429636,
      "longitude": 13.5945245
    }
  },
  {
    "name": "Radnice",
    "coordinate": {
      "index": 0,
      "latitude": 49.8571241,
      "longitude": 13.606275
    }
  },
  {
    "name": "Mirošov",
    "coordinate": {
      "index": 0,
      "latitude": 49.6878219,
      "longitude": 13.6580664
    }
  },
  {
    "name": "Hrádek",
    "coordinate": {
      "index": 0,
      "latitude": 49.7099197,
      "longitude": 13.6541018
    }
  },
  {
    "name": "Černošín",
    "coordinate": {
      "index": 0,
      "latitude": 49.8162537,
      "longitude": 12.8838251
    }
  },
  {
    "name": "Tachov",
    "coordinate": {
      "index": 0,
      "latitude": 49.7955449,
      "longitude": 12.6329861
    }
  },
  {
    "name": "Stříbro",
    "coordinate": {
      "index": 0,
      "latitude": 49.7530168,
      "longitude": 13.0049136
    }
  },
  {
    "name": "Přimda",
    "coordinate": {
      "index": 0,
      "latitude": 49.6746089,
      "longitude": 12.6763078
    }
  },
  {
    "name": "Planá",
    "coordinate": {
      "index": 0,
      "latitude": 49.8683954,
      "longitude": 12.7382081
    }
  },
  {
    "name": "Kladruby",
    "coordinate": {
      "index": 0,
      "latitude": 49.715342,
      "longitude": 12.9800032
    }
  },
  {
    "name": "Bor",
    "coordinate": {
      "index": 0,
      "latitude": 49.7113567,
      "longitude": 12.7753178
    }
  },
  {
    "name": "Votice",
    "coordinate": {
      "index": 0,
      "latitude": 49.6403939,
      "longitude": 14.6380296
    }
  },
  {
    "name": "Vlašim",
    "coordinate": {
      "index": 0,
      "latitude": 49.7065924,
      "longitude": 14.8987513
    }
  },
  {
    "name": "Týnec nad Sázavou",
    "coordinate": {
      "index": 0,
      "latitude": 49.8334756,
      "longitude": 14.5899539
    }
  },
  {
    "name": "Trhový Štěpánov",
    "coordinate": {
      "index": 0,
      "latitude": 49.7116864,
      "longitude": 15.0135299
    }
  },
  {
    "name": "Sázava",
    "coordinate": {
      "index": 0,
      "latitude": 49.8717573,
      "longitude": 14.896712
    }
  },
  {
    "name": "Pyšely",
    "coordinate": {
      "index": 0,
      "latitude": 49.8767807,
      "longitude": 14.6770252
    }
  },
  {
    "name": "Neveklov",
    "coordinate": {
      "index": 0,
      "latitude": 49.7535116,
      "longitude": 14.533402
    }
  },
  {
    "name": "Bystřice",
    "coordinate": {
      "index": 0,
      "latitude": 49.7321319,
      "longitude": 14.667401
    }
  },
  {
    "name": "Benešov",
    "coordinate": {
      "index": 0,
      "latitude": 49.7818921,
      "longitude": 14.6869121
    }
  },
  {
    "name": "Zdice",
    "coordinate": {
      "index": 0,
      "latitude": 49.9119542,
      "longitude": 13.9779864
    }
  },
  {
    "name": "Hořovice",
    "coordinate": {
      "index": 0,
      "latitude": 49.8363239,
      "longitude": 13.902867
    }
  },
  {
    "name": "Hostomice",
    "coordinate": {
      "index": 0,
      "latitude": 49.8252575,
      "longitude": 14.0456045
    }
  },
  {
    "name": "Beroun",
    "coordinate": {
      "index": 0,
      "latitude": 49.9640292,
      "longitude": 14.0733907
    }
  },
  {
    "name": "Velvary",
    "coordinate": {
      "index": 0,
      "latitude": 50.2819312,
      "longitude": 14.2361619
    }
  },
  {
    "name": "Unhošť",
    "coordinate": {
      "index": 0,
      "latitude": 50.08499,
      "longitude": 14.1318613
    }
  },
  {
    "name": "Stochov",
    "coordinate": {
      "index": 0,
      "latitude": 50.1481264,
      "longitude": 13.9629115
    }
  },
  {
    "name": "Smečno",
    "coordinate": {
      "index": 0,
      "latitude": 50.1884375,
      "longitude": 14.0403651
    }
  },
  {
    "name": "Slaný",
    "coordinate": {
      "index": 0,
      "latitude": 50.2306933,
      "longitude": 14.0868501
    }
  },
  {
    "name": "Libušín",
    "coordinate": {
      "index": 0,
      "latitude": 50.1681884,
      "longitude": 14.054581
    }
  },
  {
    "name": "Kladno",
    "coordinate": {
      "index": 0,
      "latitude": 50.1478497,
      "longitude": 14.1025379
    }
  },
  {
    "name": "Buštěhrad",
    "coordinate": {
      "index": 0,
      "latitude": 50.1558258,
      "longitude": 14.188817
    }
  },
  {
    "name": "Český Brod",
    "coordinate": {
      "index": 0,
      "latitude": 50.0744692,
      "longitude": 14.8607574
    }
  },
  {
    "name": "Zásmuky",
    "coordinate": {
      "index": 0,
      "latitude": 49.9547046,
      "longitude": 15.0305803
    }
  },
  {
    "name": "Týnec nad Labem",
    "coordinate": {
      "index": 0,
      "latitude": 50.0418987,
      "longitude": 15.3580835
    }
  },
  {
    "name": "Pečky",
    "coordinate": {
      "index": 0,
      "latitude": 50.0898509,
      "longitude": 15.0291945
    }
  },
  {
    "name": "Kouřim",
    "coordinate": {
      "index": 0,
      "latitude": 50.0030568,
      "longitude": 14.977031
    }
  },
  {
    "name": "Kolín",
    "coordinate": {
      "index": 0,
      "latitude": 50.0288894,
      "longitude": 15.2011571
    }
  },
  {
    "name": "Čáslav",
    "coordinate": {
      "index": 0,
      "latitude": 49.9109171,
      "longitude": 15.3913205
    }
  },
  {
    "name": "Uhlířské Janovice",
    "coordinate": {
      "index": 0,
      "latitude": 49.8807582,
      "longitude": 15.064492
    }
  },
  {
    "name": "Kutná Hora",
    "coordinate": {
      "index": 0,
      "latitude": 49.9486561,
      "longitude": 15.2681123
    }
  },
  {
    "name": "Mšeno",
    "coordinate": {
      "index": 0,
      "latitude": 50.4381922,
      "longitude": 14.6326066
    }
  },
  {
    "name": "Mělník",
    "coordinate": {
      "index": 0,
      "latitude": 50.3520785,
      "longitude": 14.4748281
    }
  },
  {
    "name": "Kralupy nad Vltavou",
    "coordinate": {
      "index": 0,
      "latitude": 50.2421243,
      "longitude": 14.3118883
    }
  },
  {
    "name": "Kostelec nad Labem",
    "coordinate": {
      "index": 0,
      "latitude": 50.226532,
      "longitude": 14.5855201
    }
  },
  {
    "name": "Mnichovo Hradiště",
    "coordinate": {
      "index": 0,
      "latitude": 50.527337,
      "longitude": 14.971863
    }
  },
  {
    "name": "Mladá Boleslav",
    "coordinate": {
      "index": 0,
      "latitude": 50.4116187,
      "longitude": 14.9031301
    }
  },
  {
    "name": "Kosmonosy",
    "coordinate": {
      "index": 0,
      "latitude": 50.4389828,
      "longitude": 14.9305091
    }
  },
  {
    "name": "Bělá pod Bezdězem",
    "coordinate": {
      "index": 0,
      "latitude": 50.5014795,
      "longitude": 14.8041263
    }
  },
  {
    "name": "Benátky nad Jizerou",
    "coordinate": {
      "index": 0,
      "latitude": 50.291767,
      "longitude": 14.8260014
    }
  },
  {
    "name": "Bakov nad Jizerou",
    "coordinate": {
      "index": 0,
      "latitude": 50.4801187,
      "longitude": 14.9388306
    }
  },
  {
    "name": "Poděbrady",
    "coordinate": {
      "index": 0,
      "latitude": 50.1430072,
      "longitude": 15.1191453
    }
  },
  {
    "name": "Nymburk",
    "coordinate": {
      "index": 0,
      "latitude": 50.186331,
      "longitude": 15.0417306
    }
  },
  {
    "name": "Milovice",
    "coordinate": {
      "index": 0,
      "latitude": 50.2259601,
      "longitude": 14.8886322
    }
  },
  {
    "name": "Lysá nad Labem",
    "coordinate": {
      "index": 0,
      "latitude": 50.2016983,
      "longitude": 14.832757
    }
  },
  {
    "name": "Říčany",
    "coordinate": {
      "index": 0,
      "latitude": 49.9919444,
      "longitude": 14.6542365
    }
  },
  {
    "name": "Čelákovice",
    "coordinate": {
      "index": 0,
      "latitude": 50.1607829,
      "longitude": 14.7500022
    }
  },
  {
    "name": "Úvaly",
    "coordinate": {
      "index": 0,
      "latitude": 50.0740135,
      "longitude": 14.7305192
    }
  },
  {
    "name": "Odolena Voda",
    "coordinate": {
      "index": 0,
      "latitude": 50.2334117,
      "longitude": 14.4107808
    }
  },
  {
    "name": "Kostelec nad Černými lesy",
    "coordinate": {
      "index": 0,
      "latitude": 49.9918984,
      "longitude": 14.8557555
    }
  },
  {
    "name": "Brandýs nad Labem-Stará Boleslav",
    "coordinate": {
      "index": 0,
      "latitude": 50.1912412,
      "longitude": 14.6649786
    }
  },
  {
    "name": "Řevnice",
    "coordinate": {
      "index": 0,
      "latitude": 49.9139823,
      "longitude": 14.2366056
    }
  },
  {
    "name": "Rudná",
    "coordinate": {
      "index": 0,
      "latitude": 50.0337771,
      "longitude": 14.2312404
    }
  },
  {
    "name": "Roztoky",
    "coordinate": {
      "index": 0,
      "latitude": 50.1586802,
      "longitude": 14.3975468
    }
  },
  {
    "name": "Mníšek pod Brdy",
    "coordinate": {
      "index": 0,
      "latitude": 49.8664138,
      "longitude": 14.2609488
    }
  },
  {
    "name": "Libčice nad Vltavou",
    "coordinate": {
      "index": 0,
      "latitude": 50.1988879,
      "longitude": 14.3624086
    }
  },
  {
    "name": "Jílové u Prahy",
    "coordinate": {
      "index": 0,
      "latitude": 49.8952972,
      "longitude": 14.4933502
    }
  },
  {
    "name": "Hostivice",
    "coordinate": {
      "index": 0,
      "latitude": 50.0815167,
      "longitude": 14.2585743
    }
  },
  {
    "name": "Sedlčany",
    "coordinate": {
      "index": 0,
      "latitude": 49.6582258,
      "longitude": 14.4254935
    }
  },
  {
    "name": "Sedlec-Prčice",
    "coordinate": {
      "index": 0,
      "latitude": 49.5726082,
      "longitude": 14.5326911
    }
  },
  {
    "name": "Rožmitál pod Třemšínem",
    "coordinate": {
      "index": 0,
      "latitude": 49.602176,
      "longitude": 13.863958
    }
  },
  {
    "name": "Příbram",
    "coordinate": {
      "index": 0,
      "latitude": 49.6901444,
      "longitude": 14.0103663
    }
  },
  {
    "name": "Nový Knín",
    "coordinate": {
      "index": 0,
      "latitude": 49.7871435,
      "longitude": 14.2907781
    }
  },
  {
    "name": "Krásná Hora nad Vltavou",
    "coordinate": {
      "index": 0,
      "latitude": 49.6046057,
      "longitude": 14.2774188
    }
  },
  {
    "name": "Dobříš",
    "coordinate": {
      "index": 0,
      "latitude": 49.7813749,
      "longitude": 14.1704372
    }
  },
  {
    "name": "Březnice",
    "coordinate": {
      "index": 0,
      "latitude": 49.5576246,
      "longitude": 13.9506049
    }
  },
  {
    "name": "Rakovník",
    "coordinate": {
      "index": 0,
      "latitude": 50.1039674,
      "longitude": 13.7333385
    }
  },
  {
    "name": "Nové Strašecí",
    "coordinate": {
      "index": 0,
      "latitude": 50.1532192,
      "longitude": 13.9004279
    }
  },
  {
    "name": "Rýmařov",
    "coordinate": {
      "index": 0,
      "latitude": 49.9320352,
      "longitude": 17.2714574
    }
  },
  {
    "name": "Město Albrechtice",
    "coordinate": {
      "index": 0,
      "latitude": 50.1631183,
      "longitude": 17.5750385
    }
  },
  {
    "name": "Krnov",
    "coordinate": {
      "index": 0,
      "latitude": 50.089937,
      "longitude": 17.7038079
    }
  },
  {
    "name": "Břidličná",
    "coordinate": {
      "index": 0,
      "latitude": 49.9116692,
      "longitude": 17.3710729
    }
  },
  {
    "name": "Bruntál",
    "coordinate": {
      "index": 0,
      "latitude": 49.9885113,
      "longitude": 17.4652901
    }
  },
  {
    "name": "Paskov",
    "coordinate": {
      "index": 0,
      "latitude": 49.7317867,
      "longitude": 18.2903689
    }
  },
  {
    "name": "Mosty u Jablunkova",
    "coordinate": {
      "index": 0,
      "latitude": 49.5275936,
      "longitude": 18.7541357
    }
  },
  {
    "name": "Jablunkov",
    "coordinate": {
      "index": 0,
      "latitude": 49.5767408,
      "longitude": 18.7645761
    }
  },
  {
    "name": "Frýdlant nad Ostravicí",
    "coordinate": {
      "index": 0,
      "latitude": 49.5930718,
      "longitude": 18.3596301
    }
  },
  {
    "name": "Frýdek-Místek",
    "coordinate": {
      "index": 0,
      "latitude": 49.685635,
      "longitude": 18.3483416
    }
  },
  {
    "name": "Baška",
    "coordinate": {
      "index": 0,
      "latitude": 49.6458449,
      "longitude": 18.3723334
    }
  },
  {
    "name": "Bystřice",
    "coordinate": {
      "index": 0,
      "latitude": 49.6363495,
      "longitude": 18.7204916
    }
  },
  {
    "name": "Brušperk",
    "coordinate": {
      "index": 0,
      "latitude": 49.7003751,
      "longitude": 18.2216061
    }
  },
  {
    "name": "Dolní Lutyně",
    "coordinate": {
      "index": 0,
      "latitude": 49.8988168,
      "longitude": 18.4281743
    }
  },
  {
    "name": "Český Těšín",
    "coordinate": {
      "index": 0,
      "latitude": 49.7464018,
      "longitude": 18.6260976
    }
  },
  {
    "name": "Těrlicko",
    "coordinate": {
      "index": 0,
      "latitude": 49.7520345,
      "longitude": 18.4828608
    }
  },
  {
    "name": "Rychvald",
    "coordinate": {
      "index": 0,
      "latitude": 49.8663296,
      "longitude": 18.376392
    }
  },
  {
    "name": "Petřvald",
    "coordinate": {
      "index": 0,
      "latitude": 49.8310682,
      "longitude": 18.3898338
    }
  },
  {
    "name": "Petrovice u Karviné",
    "coordinate": {
      "index": 0,
      "latitude": 49.8958672,
      "longitude": 18.5477896
    }
  },
  {
    "name": "Orlová",
    "coordinate": {
      "index": 0,
      "latitude": 49.8459427,
      "longitude": 18.4309274
    }
  },
  {
    "name": "Karviná",
    "coordinate": {
      "index": 0,
      "latitude": 49.8542719,
      "longitude": 18.5416556
    }
  },
  {
    "name": "Horní Suchá",
    "coordinate": {
      "index": 0,
      "latitude": 49.7977588,
      "longitude": 18.4816244
    }
  },
  {
    "name": "Havířov",
    "coordinate": {
      "index": 0,
      "latitude": 49.7801136,
      "longitude": 18.4368451
    }
  },
  {
    "name": "Dětmarovice",
    "coordinate": {
      "index": 0,
      "latitude": 49.8942584,
      "longitude": 18.4605013
    }
  },
  {
    "name": "Albrechtice",
    "coordinate": {
      "index": 0,
      "latitude": 49.7863609,
      "longitude": 18.5246402
    }
  },
  {
    "name": "Bohumín",
    "coordinate": {
      "index": 0,
      "latitude": 49.9041537,
      "longitude": 18.3574288
    }
  },
  {
    "name": "Štramberk",
    "coordinate": {
      "index": 0,
      "latitude": 49.591233,
      "longitude": 18.1170378
    }
  },
  {
    "name": "Příbor",
    "coordinate": {
      "index": 0,
      "latitude": 49.6401091,
      "longitude": 18.1438062
    }
  },
  {
    "name": "Odry",
    "coordinate": {
      "index": 0,
      "latitude": 49.6622193,
      "longitude": 17.8303013
    }
  },
  {
    "name": "Nový Jičín",
    "coordinate": {
      "index": 0,
      "latitude": 49.594881,
      "longitude": 18.0102584
    }
  },
  {
    "name": "Kopřivnice",
    "coordinate": {
      "index": 0,
      "latitude": 49.598913,
      "longitude": 18.1452134
    }
  },
  {
    "name": "Fulnek",
    "coordinate": {
      "index": 0,
      "latitude": 49.7126449,
      "longitude": 17.9031553
    }
  },
  {
    "name": "Frenštát pod Radhoštěm",
    "coordinate": {
      "index": 0,
      "latitude": 49.5474224,
      "longitude": 18.2117067
    }
  },
  {
    "name": "Bílovec",
    "coordinate": {
      "index": 0,
      "latitude": 49.7567664,
      "longitude": 18.01623
    }
  },
  {
    "name": "Vítkov",
    "coordinate": {
      "index": 0,
      "latitude": 49.7758144,
      "longitude": 17.7517864
    }
  },
  {
    "name": "Opava",
    "coordinate": {
      "index": 0,
      "latitude": 49.9389004,
      "longitude": 17.9024174
    }
  },
  {
    "name": "Ludgeřovice",
    "coordinate": {
      "index": 0,
      "latitude": 49.8903906,
      "longitude": 18.2401116
    }
  },
  {
    "name": "Kravaře",
    "coordinate": {
      "index": 0,
      "latitude": 49.9321321,
      "longitude": 18.0044266
    }
  },
  {
    "name": "Háj ve Slezsku",
    "coordinate": {
      "index": 0,
      "latitude": 49.8999332,
      "longitude": 18.0937793
    }
  },
  {
    "name": "Hradec nad Moravicí",
    "coordinate": {
      "index": 0,
      "latitude": 49.8709009,
      "longitude": 17.8754742
    }
  },
  {
    "name": "Hlučín",
    "coordinate": {
      "index": 0,
      "latitude": 49.8982209,
      "longitude": 18.1919194
    }
  },
  {
    "name": "Dolní Benešov",
    "coordinate": {
      "index": 0,
      "latitude": 49.9210128,
      "longitude": 18.1083515
    }
  },
  {
    "name": "Budišov nad Budišovkou",
    "coordinate": {
      "index": 0,
      "latitude": 49.7949749,
      "longitude": 17.6289202
    }
  },
  {
    "name": "Bolatice",
    "coordinate": {
      "index": 0,
      "latitude": 49.9518373,
      "longitude": 18.0834921
    }
  },
  {
    "name": "Šenov",
    "coordinate": {
      "index": 0,
      "latitude": 49.7931698,
      "longitude": 18.3756285
    }
  },
  {
    "name": "Vratimov",
    "coordinate": {
      "index": 0,
      "latitude": 49.7697532,
      "longitude": 18.3102044
    }
  },
  {
    "name": "Ostrava",
    "coordinate": {
      "index": 0,
      "latitude": 49.8349139,
      "longitude": 18.2820084
    }
  },
  {
    "name": "Klimkovice",
    "coordinate": {
      "index": 0,
      "latitude": 49.7884424,
      "longitude": 18.1254099
    }
  },
  {
    "name": "Velké Opatovice",
    "coordinate": {
      "index": 0,
      "latitude": 49.6126397,
      "longitude": 16.6794242
    }
  },
  {
    "name": "Rájec-Jestřebí",
    "coordinate": {
      "index": 0,
      "latitude": 49.409145,
      "longitude": 16.6270226
    }
  },
  {
    "name": "Letovice",
    "coordinate": {
      "index": 0,
      "latitude": 49.5467115,
      "longitude": 16.5738843
    }
  },
  {
    "name": "Kunštát",
    "coordinate": {
      "index": 0,
      "latitude": 49.506451,
      "longitude": 16.5172192
    }
  },
  {
    "name": "Boskovice",
    "coordinate": {
      "index": 0,
      "latitude": 49.4877983,
      "longitude": 16.66016
    }
  },
  {
    "name": "Adamov",
    "coordinate": {
      "index": 0,
      "latitude": 49.300901,
      "longitude": 16.6544811
    }
  },
  {
    "name": "Blansko",
    "coordinate": {
      "index": 0,
      "latitude": 49.3636494,
      "longitude": 16.6442394
    }
  },
  {
    "name": "Brno",
    "coordinate": {
      "index": 0,
      "latitude": 49.1922443,
      "longitude": 16.6113382
    }
  },
  {
    "name": "Židlochovice",
    "coordinate": {
      "index": 0,
      "latitude": 49.0379775,
      "longitude": 16.6171639
    }
  },
  {
    "name": "Šlapanice",
    "coordinate": {
      "index": 0,
      "latitude": 49.1688974,
      "longitude": 16.7272687
    }
  },
  {
    "name": "Újezd u Brna",
    "coordinate": {
      "index": 0,
      "latitude": 49.1043477,
      "longitude": 16.7573682
    }
  },
  {
    "name": "Zbýšov",
    "coordinate": {
      "index": 0,
      "latitude": 49.1552431,
      "longitude": 16.3495114
    }
  },
  {
    "name": "Veverská Bítýška",
    "coordinate": {
      "index": 0,
      "latitude": 49.2756422,
      "longitude": 16.4370099
    }
  },
  {
    "name": "Tišnov",
    "coordinate": {
      "index": 0,
      "latitude": 49.348838,
      "longitude": 16.4244906
    }
  },
  {
    "name": "Rosice",
    "coordinate": {
      "index": 0,
      "latitude": 49.1825874,
      "longitude": 16.3878251
    }
  },
  {
    "name": "Rajhrad",
    "coordinate": {
      "index": 0,
      "latitude": 49.0890629,
      "longitude": 16.6030548
    }
  },
  {
    "name": "Pohořelice",
    "coordinate": {
      "index": 0,
      "latitude": 48.9814826,
      "longitude": 16.5245722
    }
  },
  {
    "name": "Oslavany",
    "coordinate": {
      "index": 0,
      "latitude": 49.1236142,
      "longitude": 16.3364832
    }
  },
  {
    "name": "Modřice",
    "coordinate": {
      "index": 0,
      "latitude": 49.1288791,
      "longitude": 16.6137074
    }
  },
  {
    "name": "Kuřim",
    "coordinate": {
      "index": 0,
      "latitude": 49.2987857,
      "longitude": 16.531396
    }
  },
  {
    "name": "Ivančice",
    "coordinate": {
      "index": 0,
      "latitude": 49.1015881,
      "longitude": 16.3776051
    }
  },
  {
    "name": "Dolní Kounice",
    "coordinate": {
      "index": 0,
      "latitude": 49.0701117,
      "longitude": 16.4649199
    }
  },
  {
    "name": "Velké Pavlovice",
    "coordinate": {
      "index": 0,
      "latitude": 48.9044074,
      "longitude": 16.8164581
    }
  },
  {
    "name": "Velké Bílovice",
    "coordinate": {
      "index": 0,
      "latitude": 48.8493878,
      "longitude": 16.892052
    }
  },
  {
    "name": "Valtice",
    "coordinate": {
      "index": 0,
      "latitude": 48.7409486,
      "longitude": 16.7555364
    }
  },
  {
    "name": "Novosedly",
    "coordinate": {
      "index": 0,
      "latitude": 48.8369264,
      "longitude": 16.4934479
    }
  },
  {
    "name": "Mikulov",
    "coordinate": {
      "index": 0,
      "latitude": 48.8068577,
      "longitude": 16.6383914
    }
  },
  {
    "name": "Lanžhot",
    "coordinate": {
      "index": 0,
      "latitude": 48.7244326,
      "longitude": 16.9669476
    }
  },
  {
    "name": "Klobouky u Brna",
    "coordinate": {
      "index": 0,
      "latitude": 48.9950119,
      "longitude": 16.8595131
    }
  },
  {
    "name": "Hustopeče",
    "coordinate": {
      "index": 0,
      "latitude": 48.9399831,
      "longitude": 16.7369738
    }
  },
  {
    "name": "Břeclav",
    "coordinate": {
      "index": 0,
      "latitude": 48.7594008,
      "longitude": 16.8813137
    }
  },
  {
    "name": "Ždánice",
    "coordinate": {
      "index": 0,
      "latitude": 49.0672875,
      "longitude": 17.0275122
    }
  },
  {
    "name": "Vracov",
    "coordinate": {
      "index": 0,
      "latitude": 48.9753927,
      "longitude": 17.2106987
    }
  },
  {
    "name": "Vnorovy",
    "coordinate": {
      "index": 0,
      "latitude": 48.9309642,
      "longitude": 17.3505008
    }
  },
  {
    "name": "Veselí nad Moravou",
    "coordinate": {
      "index": 0,
      "latitude": 48.9540796,
      "longitude": 17.379034
    }
  },
  {
    "name": "Velká nad Veličkou",
    "coordinate": {
      "index": 0,
      "latitude": 48.8827446,
      "longitude": 17.5202893
    }
  },
  {
    "name": "Hodonín",
    "coordinate": {
      "index": 0,
      "latitude": 48.8492027,
      "longitude": 17.1324031
    }
  },
  {
    "name": "Strážnice",
    "coordinate": {
      "index": 0,
      "latitude": 48.9018932,
      "longitude": 17.314434
    }
  },
  {
    "name": "Ratíškovice",
    "coordinate": {
      "index": 0,
      "latitude": 48.9197267,
      "longitude": 17.1657321
    }
  },
  {
    "name": "Mutěnice",
    "coordinate": {
      "index": 0,
      "latitude": 48.9043578,
      "longitude": 17.0293787
    }
  },
  {
    "name": "Kyjov",
    "coordinate": {
      "index": 0,
      "latitude": 49.0104456,
      "longitude": 17.1224867
    }
  },
  {
    "name": "Dubňany",
    "coordinate": {
      "index": 0,
      "latitude": 48.9175078,
      "longitude": 17.0955296
    }
  },
  {
    "name": "Bzenec",
    "coordinate": {
      "index": 0,
      "latitude": 48.9736321,
      "longitude": 17.2668112
    }
  },
  {
    "name": "Vyškov",
    "coordinate": {
      "index": 0,
      "latitude": 49.2778194,
      "longitude": 16.9994446
    }
  },
  {
    "name": "Slavkov u Brna",
    "coordinate": {
      "index": 0,
      "latitude": 49.1535759,
      "longitude": 16.8763606
    }
  },
  {
    "name": "Rousínov",
    "coordinate": {
      "index": 0,
      "latitude": 49.2015498,
      "longitude": 16.8821032
    }
  },
  {
    "name": "Bučovice",
    "coordinate": {
      "index": 0,
      "latitude": 49.1492236,
      "longitude": 17.001864
    }
  },
  {
    "name": "Znojmo",
    "coordinate": {
      "index": 0,
      "latitude": 48.8554341,
      "longitude": 16.0489457
    }
  },
  {
    "name": "Moravský Krumlov",
    "coordinate": {
      "index": 0,
      "latitude": 49.0492698,
      "longitude": 16.3115273
    }
  },
  {
    "name": "Miroslav",
    "coordinate": {
      "index": 0,
      "latitude": 48.9473112,
      "longitude": 16.3134526
    }
  },
  {
    "name": "Hrušovany nad Jevišovkou",
    "coordinate": {
      "index": 0,
      "latitude": 48.8299011,
      "longitude": 16.4022403
    }
  },
  {
    "name": "Praha",
    "coordinate": {
      "index": 0,
      "latitude": 50.0874654,
      "longitude": 14.4212535
    }
  },
  {
    "name": "Uherské Hradiště",
    "coordinate": {
      "index": 0,
      "latitude": 49.0681018,
      "longitude": 17.4663899
    }
  },
  {
    "name": "Studénka",
    "coordinate": {
      "index": 0,
      "latitude": 49.7137494,
      "longitude": 18.0610845
    }
  },
  {
    "name": "Hejnice",
    "coordinate": {
      "index": 0,
      "latitude": 50.8781307,
      "longitude": 15.1818959
    }
  },
  {
    "name": "Neratovice",
    "coordinate": {
      "index": 0,
      "latitude": 50.2598479,
      "longitude": 14.5175086
    }
  },
  {
    "name": "Libochovice",
    "coordinate": {
      "index": 0,
      "latitude": 50.4061126,
      "longitude": 14.044564
    }
  },
  {
    "name": "Liběchov",
    "coordinate": {
      "index": 0,
      "latitude": 50.4078364,
      "longitude": 14.4467459
    }
  },
  {
    "name": "Horní Cerekev",
    "coordinate": {
      "index": 0,
      "latitude": 49.3192961,
      "longitude": 15.3291878
    }
  }
]