[
  {
    "elevationRange": {
      "ceiling": {
        "origin": "AMSL",
        "units": "FEETS",
        "value": 3500.0
      },
      "floor": {
        "origin": "GND",
        "units": "NONE",
        "value": 0.0
      }
    },
    "geometry": {
      "coordinates": [
        {
          "index": 0,
          "latitude": 50.3128,
          "longitude": 14.3353
        },
        {
          "index": 1,
          "latitude": 50.2347,
          "longitude": 14.569
        },
        {
          "index": 2,
          "latitude": 50.1756,
          "longitude": 14.5465
        },
        {
          "index": 3,
          "latitude": 50.2229,
          "longitude": 14.2479
        },
        {
          "index": 4,
          "latitude": 50.2868,
          "longitude": 14.2724
        },
        {
          "index": 5,
          "latitude": 50.3128,
          "longitude": 14.3353
        }
      ],
      "radius": 0.0,
      "shape": "POLYGON"
    },
    "handle": 2557025163,
    "identification": "LKVO",
    "name": "CTR VODOCHODY",
    "sun": {
      "astronomicalDawn": "2021-02-03T05:02:00Z",
      "astronomicalDusk": "2021-02-03T15:31:00Z",
      "civilDawn": "2021-02-03T05:37:00Z",
      "civilDusk": "2021-02-03T14:56:00Z",
      "date": "2021-02-02T23:00:00Z"
    },
    "thumbprint": "663d3ec415d1d67f807fd7bfc6787880cebe497aa299cf4b01a6ab914eda7ffd"
  },
  {
    "elevationRange": {
      "ceiling": {
        "origin": "AMSL",
        "units": "FEETS",
        "value": 5000.0
      },
      "floor": {
        "origin": "GND",
        "units": "NONE",
        "value": 0.0
      }
    },
    "geometry": {
      "coordinates": [
        {
          "index": 0,
          "latitude": 48.9306,
          "longitude": 17.445
        },
        {
          "index": 1,
          "latitude": 48.9299,
          "longitude": 17.4538
        },
        {
          "index": 2,
          "latitude": 48.9312,
          "longitude": 17.4673
        },
        {
          "index": 3,
          "latitude": 48.9332,
          "longitude": 17.4806
        },
        {
          "index": 4,
          "latitude": 48.936,
          "longitude": 17.4936
        },
        {
          "index": 5,
          "latitude": 48.9396,
          "longitude": 17.5061
        },
        {
          "index": 6,
          "latitude": 48.9438,
          "longitude": 17.5181
        },
        {
          "index": 7,
          "latitude": 48.9488,
          "longitude": 17.5295
        },
        {
          "index": 8,
          "latitude": 48.9544,
          "longitude": 17.5401
        },
        {
          "index": 9,
          "latitude": 48.9607,
          "longitude": 17.5499
        },
        {
          "index": 10,
          "latitude": 48.9675,
          "longitude": 17.5589
        },
        {
          "index": 11,
          "latitude": 48.9748,
          "longitude": 17.5669
        },
        {
          "index": 12,
          "latitude": 48.9825,
          "longitude": 17.5738
        },
        {
          "index": 13,
          "latitude": 48.9906,
          "longitude": 17.5797
        },
        {
          "index": 14,
          "latitude": 48.999,
          "longitude": 17.5844
        },
        {
          "index": 15,
          "latitude": 49.0077,
          "longitude": 17.588
        },
        {
          "index": 16,
          "latitude": 49.0166,
          "longitude": 17.5904
        },
        {
          "index": 17,
          "latitude": 49.0255,
          "longitude": 17.5916
        },
        {
          "index": 18,
          "latitude": 49.0345,
          "longitude": 17.5915
        },
        {
          "index": 19,
          "latitude": 49.0435,
          "longitude": 17.5902
        },
        {
          "index": 20,
          "latitude": 49.0599,
          "longitude": 17.583
        },
        {
          "index": 21,
          "latitude": 49.1865,
          "longitude": 17.6753
        },
        {
          "index": 22,
          "latitude": 49.2176,
          "longitude": 17.5762
        },
        {
          "index": 23,
          "latitude": 49.1547,
          "longitude": 17.4533
        },
        {
          "index": 24,
          "latitude": 49.1283,
          "longitude": 17.4344
        },
        {
          "index": 25,
          "latitude": 49.1289,
          "longitude": 17.4256
        },
        {
          "index": 26,
          "latitude": 49.1277,
          "longitude": 17.412
        },
        {
          "index": 27,
          "latitude": 49.1256,
          "longitude": 17.3987
        },
        {
          "index": 28,
          "latitude": 49.1228,
          "longitude": 17.3857
        },
        {
          "index": 29,
          "latitude": 49.1193,
          "longitude": 17.3731
        },
        {
          "index": 30,
          "latitude": 49.115,
          "longitude": 17.3611
        },
        {
          "index": 31,
          "latitude": 49.11,
          "longitude": 17.3497
        },
        {
          "index": 32,
          "latitude": 49.1043,
          "longitude": 17.3391
        },
        {
          "index": 33,
          "latitude": 49.0981,
          "longitude": 17.3292
        },
        {
          "index": 34,
          "latitude": 49.0913,
          "longitude": 17.3203
        },
        {
          "index": 35,
          "latitude": 49.0839,
          "longitude": 17.3123
        },
        {
          "index": 36,
          "latitude": 49.0762,
          "longitude": 17.3054
        },
        {
          "index": 37,
          "latitude": 49.0681,
          "longitude": 17.2995
        },
        {
          "index": 38,
          "latitude": 49.0596,
          "longitude": 17.2948
        },
        {
          "index": 39,
          "latitude": 49.0509,
          "longitude": 17.2913
        },
        {
          "index": 40,
          "latitude": 49.0421,
          "longitude": 17.289
        },
        {
          "index": 41,
          "latitude": 49.0331,
          "longitude": 17.2879
        },
        {
          "index": 42,
          "latitude": 49.0241,
          "longitude": 17.288
        },
        {
          "index": 43,
          "latitude": 49.0152,
          "longitude": 17.2893
        },
        {
          "index": 44,
          "latitude": 49.0064,
          "longitude": 17.2919
        },
        {
          "index": 45,
          "latitude": 48.9977,
          "longitude": 17.2957
        },
        {
          "index": 46,
          "latitude": 48.9893,
          "longitude": 17.3006
        },
        {
          "index": 47,
          "latitude": 48.9813,
          "longitude": 17.3066
        },
        {
          "index": 48,
          "latitude": 48.9689,
          "longitude": 17.3208
        },
        {
          "index": 49,
          "latitude": 48.9353,
          "longitude": 17.2969
        },
        {
          "index": 50,
          "latitude": 48.9072,
          "longitude": 17.4283
        },
        {
          "index": 51,
          "latitude": 48.9306,
          "longitude": 17.445
        }
      ],
      "radius": 0.0,
      "shape": "POLYGON"
    },
    "handle": 948226760,
    "identification": "LKKU",
    "name": "CTR KUNOVICE",
    "sun": {
      "astronomicalDawn": "2021-02-03T04:47:00Z",
      "astronomicalDusk": "2021-02-03T15:21:00Z",
      "civilDawn": "2021-02-03T05:21:00Z",
      "civilDusk": "2021-02-03T14:47:00Z",
      "date": "2021-02-02T23:00:00Z"
    },
    "thumbprint": "8f7151ed162953bc7eda4f59ec16b7e12c6d64814775efc1a744592b97a14645"
  },
  {
    "elevationRange": {
      "ceiling": {
        "origin": "AMSL",
        "units": "FEETS",
        "value": 3500.0
      },
      "floor": {
        "origin": "GND",
        "units": "NONE",
        "value": 0.0
      }
    },
    "geometry": {
      "coordinates": [
        {
          "index": 0,
          "latitude": 50.2342,
          "longitude": 14.1758
        },
        {
          "index": 1,
          "latitude": 50.2229,
          "longitude": 14.2479
        },
        {
          "index": 2,
          "latitude": 50.1756,
          "longitude": 14.5465
        },
        {
          "index": 3,
          "latitude": 50.1545,
          "longitude": 14.562
        },
        {
          "index": 4,
          "latitude": 50.1148,
          "longitude": 14.4312
        },
        {
          "index": 5,
          "latitude": 50.0746,
          "longitude": 14.4305
        },
        {
          "index": 6,
          "latitude": 50.0528,
          "longitude": 14.4751
        },
        {
          "index": 7,
          "latitude": 50.0457,
          "longitude": 14.4712
        },
        {
          "index": 8,
          "latitude": 50.0374,
          "longitude": 14.4659
        },
        {
          "index": 9,
          "latitude": 50.0293,
          "longitude": 14.4597
        },
        {
          "index": 10,
          "latitude": 50.0215,
          "longitude": 14.4527
        },
        {
          "index": 11,
          "latitude": 50.014,
          "longitude": 14.445
        },
        {
          "index": 12,
          "latitude": 50.0068,
          "longitude": 14.4366
        },
        {
          "index": 13,
          "latitude": 50.0,
          "longitude": 14.4275
        },
        {
          "index": 14,
          "latitude": 49.9928,
          "longitude": 14.4163
        },
        {
          "index": 15,
          "latitude": 50.0017,
          "longitude": 14.3487
        },
        {
          "index": 16,
          "latitude": 49.998,
          "longitude": 14.3378
        },
        {
          "index": 17,
          "latitude": 49.9945,
          "longitude": 14.325
        },
        {
          "index": 18,
          "latitude": 49.9917,
          "longitude": 14.3118
        },
        {
          "index": 19,
          "latitude": 49.9896,
          "longitude": 14.2982
        },
        {
          "index": 20,
          "latitude": 49.9882,
          "longitude": 14.2844
        },
        {
          "index": 21,
          "latitude": 49.9876,
          "longitude": 14.2705
        },
        {
          "index": 22,
          "latitude": 49.9877,
          "longitude": 14.2566
        },
        {
          "index": 23,
          "latitude": 49.9885,
          "longitude": 14.2427
        },
        {
          "index": 24,
          "latitude": 49.9901,
          "longitude": 14.229
        },
        {
          "index": 25,
          "latitude": 49.9924,
          "longitude": 14.2155
        },
        {
          "index": 26,
          "latitude": 49.9954,
          "longitude": 14.2024
        },
        {
          "index": 27,
          "latitude": 49.9992,
          "longitude": 14.1897
        },
        {
          "index": 28,
          "latitude": 50.0035,
          "longitude": 14.1775
        },
        {
          "index": 29,
          "latitude": 50.0086,
          "longitude": 14.1659
        },
        {
          "index": 30,
          "latitude": 50.0142,
          "longitude": 14.155
        },
        {
          "index": 31,
          "latitude": 50.0203,
          "longitude": 14.1449
        },
        {
          "index": 32,
          "latitude": 50.0284,
          "longitude": 14.1339
        },
        {
          "index": 33,
          "latitude": 50.0108,
          "longitude": 14.0737
        },
        {
          "index": 34,
          "latitude": 50.0171,
          "longitude": 14.0673
        },
        {
          "index": 35,
          "latitude": 50.0249,
          "longitude": 14.0604
        },
        {
          "index": 36,
          "latitude": 50.0329,
          "longitude": 14.0541
        },
        {
          "index": 37,
          "latitude": 50.0412,
          "longitude": 14.0486
        },
        {
          "index": 38,
          "latitude": 50.0496,
          "longitude": 14.0439
        },
        {
          "index": 39,
          "latitude": 50.0583,
          "longitude": 14.04
        },
        {
          "index": 40,
          "latitude": 50.067,
          "longitude": 14.0369
        },
        {
          "index": 41,
          "latitude": 50.0806,
          "longitude": 14.0337
        },
        {
          "index": 42,
          "latitude": 50.1104,
          "longitude": 14.1325
        },
        {
          "index": 43,
          "latitude": 50.1507,
          "longitude": 14.0486
        },
        {
          "index": 44,
          "latitude": 50.1577,
          "longitude": 14.0531
        },
        {
          "index": 45,
          "latitude": 50.1658,
          "longitude": 14.0593
        },
        {
          "index": 46,
          "latitude": 50.1736,
          "longitude": 14.0662
        },
        {
          "index": 47,
          "latitude": 50.1811,
          "longitude": 14.0738
        },
        {
          "index": 48,
          "latitude": 50.1884,
          "longitude": 14.0821
        },
        {
          "index": 49,
          "latitude": 50.1953,
          "longitude": 14.091
        },
        {
          "index": 50,
          "latitude": 50.2018,
          "longitude": 14.1006
        },
        {
          "index": 51,
          "latitude": 50.208,
          "longitude": 14.1108
        },
        {
          "index": 52,
          "latitude": 50.2138,
          "longitude": 14.1216
        },
        {
          "index": 53,
          "latitude": 50.2191,
          "longitude": 14.1329
        },
        {
          "index": 54,
          "latitude": 50.224,
          "longitude": 14.1446
        },
        {
          "index": 55,
          "latitude": 50.2284,
          "longitude": 14.1568
        },
        {
          "index": 56,
          "latitude": 50.2342,
          "longitude": 14.1758
        }
      ],
      "radius": 0.0,
      "shape": "POLYGON"
    },
    "handle": 4254165705,
    "identification": "LKPR",
    "name": "CTR RUZYNE",
    "sun": {
      "astronomicalDawn": "2021-02-03T05:02:00Z",
      "astronomicalDusk": "2021-02-03T15:32:00Z",
      "civilDawn": "2021-02-03T05:37:00Z",
      "civilDusk": "2021-02-03T14:57:00Z",
      "date": "2021-02-02T23:00:00Z"
    },
    "thumbprint": "442095fefdbeba5461f6b464133ca401ce6f309e6130805f8255b58bc0af0e75"
  },
  {
    "elevationRange": {
      "ceiling": {
        "origin": "AMSL",
        "units": "FEETS",
        "value": 2500.0
      },
      "floor": {
        "origin": "GND",
        "units": "NONE",
        "value": 0.0
      }
    },
    "geometry": {
      "coordinates": [
        {
          "index": 0,
          "latitude": 49.7378,
          "longitude": 18.2786
        },
        {
          "index": 1,
          "latitude": 49.7245,
          "longitude": 18.2851
        },
        {
          "index": 2,
          "latitude": 49.7158,
          "longitude": 18.2879
        },
        {
          "index": 3,
          "latitude": 49.7068,
          "longitude": 18.2897
        },
        {
          "index": 4,
          "latitude": 49.6979,
          "longitude": 18.2905
        },
        {
          "index": 5,
          "latitude": 49.6889,
          "longitude": 18.2901
        },
        {
          "index": 6,
          "latitude": 49.6799,
          "longitude": 18.2887
        },
        {
          "index": 7,
          "latitude": 49.6711,
          "longitude": 18.2863
        },
        {
          "index": 8,
          "latitude": 49.6624,
          "longitude": 18.2828
        },
        {
          "index": 9,
          "latitude": 49.6539,
          "longitude": 18.2783
        },
        {
          "index": 10,
          "latitude": 49.6457,
          "longitude": 18.2728
        },
        {
          "index": 11,
          "latitude": 49.6377,
          "longitude": 18.2663
        },
        {
          "index": 12,
          "latitude": 49.6301,
          "longitude": 18.2589
        },
        {
          "index": 13,
          "latitude": 49.6229,
          "longitude": 18.2506
        },
        {
          "index": 14,
          "latitude": 49.6162,
          "longitude": 18.2415
        },
        {
          "index": 15,
          "latitude": 49.6099,
          "longitude": 18.2317
        },
        {
          "index": 16,
          "latitude": 49.6041,
          "longitude": 18.2211
        },
        {
          "index": 17,
          "latitude": 49.5988,
          "longitude": 18.2099
        },
        {
          "index": 18,
          "latitude": 49.5942,
          "longitude": 18.198
        },
        {
          "index": 19,
          "latitude": 49.5901,
          "longitude": 18.1857
        },
        {
          "index": 20,
          "latitude": 49.5867,
          "longitude": 18.1729
        },
        {
          "index": 21,
          "latitude": 49.5839,
          "longitude": 18.1598
        },
        {
          "index": 22,
          "latitude": 49.5818,
          "longitude": 18.1464
        },
        {
          "index": 23,
          "latitude": 49.5804,
          "longitude": 18.1327
        },
        {
          "index": 24,
          "latitude": 49.5796,
          "longitude": 18.1189
        },
        {
          "index": 25,
          "latitude": 49.5796,
          "longitude": 18.1051
        },
        {
          "index": 26,
          "latitude": 49.5802,
          "longitude": 18.0913
        },
        {
          "index": 27,
          "latitude": 49.5815,
          "longitude": 18.0777
        },
        {
          "index": 28,
          "latitude": 49.5835,
          "longitude": 18.0642
        },
        {
          "index": 29,
          "latitude": 49.5862,
          "longitude": 18.051
        },
        {
          "index": 30,
          "latitude": 49.5894,
          "longitude": 18.0389
        },
        {
          "index": 31,
          "latitude": 49.5515,
          "longitude": 17.978
        },
        {
          "index": 32,
          "latitude": 49.5566,
          "longitude": 17.9704
        },
        {
          "index": 33,
          "latitude": 49.6164,
          "longitude": 17.8823
        },
        {
          "index": 34,
          "latitude": 49.6543,
          "longitude": 17.9433
        },
        {
          "index": 35,
          "latitude": 49.6674,
          "longitude": 17.9367
        },
        {
          "index": 36,
          "latitude": 49.6762,
          "longitude": 17.9338
        },
        {
          "index": 37,
          "latitude": 49.6851,
          "longitude": 17.932
        },
        {
          "index": 38,
          "latitude": 49.6941,
          "longitude": 17.9312
        },
        {
          "index": 39,
          "latitude": 49.7031,
          "longitude": 17.9315
        },
        {
          "index": 40,
          "latitude": 49.712,
          "longitude": 17.9328
        },
        {
          "index": 41,
          "latitude": 49.7209,
          "longitude": 17.9353
        },
        {
          "index": 42,
          "latitude": 49.7296,
          "longitude": 17.9387
        },
        {
          "index": 43,
          "latitude": 49.7381,
          "longitude": 17.9432
        },
        {
          "index": 44,
          "latitude": 49.7463,
          "longitude": 17.9487
        },
        {
          "index": 45,
          "latitude": 49.7543,
          "longitude": 17.9551
        },
        {
          "index": 46,
          "latitude": 49.7619,
          "longitude": 17.9625
        },
        {
          "index": 47,
          "latitude": 49.7691,
          "longitude": 17.9708
        },
        {
          "index": 48,
          "latitude": 49.7759,
          "longitude": 17.9799
        },
        {
          "index": 49,
          "latitude": 49.7822,
          "longitude": 17.9898
        },
        {
          "index": 50,
          "latitude": 49.788,
          "longitude": 18.0004
        },
        {
          "index": 51,
          "latitude": 49.7932,
          "longitude": 18.0116
        },
        {
          "index": 52,
          "latitude": 49.7979,
          "longitude": 18.0235
        },
        {
          "index": 53,
          "latitude": 49.802,
          "longitude": 18.0359
        },
        {
          "index": 54,
          "latitude": 49.8054,
          "longitude": 18.0487
        },
        {
          "index": 55,
          "latitude": 49.8082,
          "longitude": 18.0619
        },
        {
          "index": 56,
          "latitude": 49.8103,
          "longitude": 18.0754
        },
        {
          "index": 57,
          "latitude": 49.8117,
          "longitude": 18.0891
        },
        {
          "index": 58,
          "latitude": 49.8125,
          "longitude": 18.103
        },
        {
          "index": 59,
          "latitude": 49.8125,
          "longitude": 18.1168
        },
        {
          "index": 60,
          "latitude": 49.8118,
          "longitude": 18.1307
        },
        {
          "index": 61,
          "latitude": 49.8105,
          "longitude": 18.1444
        },
        {
          "index": 62,
          "latitude": 49.8085,
          "longitude": 18.158
        },
        {
          "index": 63,
          "latitude": 49.8058,
          "longitude": 18.1712
        },
        {
          "index": 64,
          "latitude": 49.8032,
          "longitude": 18.1815
        },
        {
          "index": 65,
          "latitude": 49.8418,
          "longitude": 18.2461
        },
        {
          "index": 66,
          "latitude": 49.7772,
          "longitude": 18.3417
        },
        {
          "index": 67,
          "latitude": 49.7378,
          "longitude": 18.2786
        }
      ],
      "radius": 0.0,
      "shape": "POLYGON"
    },
    "handle": 4175809696,
    "identification": "LKMT",
    "name": "CTR MOSNOV",
    "sun": {
      "astronomicalDawn": "2021-02-03T04:46:00Z",
      "astronomicalDusk": "2021-02-03T15:17:00Z",
      "civilDawn": "2021-02-03T05:20:00Z",
      "civilDusk": "2021-02-03T14:43:00Z",
      "date": "2021-02-02T23:00:00Z"
    },
    "thumbprint": "81a9c302157db3b26581f3fee28753a262987b8e75242838551c58ad1253da2b"
  },
  {
    "elevationRange": {
      "ceiling": {
        "origin": "AMSL",
        "units": "FEETS",
        "value": 2000.0
      },
      "floor": {
        "origin": "GND",
        "units": "NONE",
        "value": 0.0
      }
    },
    "geometry": {
      "coordinates": [
        {
          "index": 0,
          "latitude": 50.2247,
          "longitude": 14.795
        },
        {
          "index": 1,
          "latitude": 50.1514,
          "longitude": 14.8289
        },
        {
          "index": 2,
          "latitude": 49.98,
          "longitude": 14.6243
        },
        {
          "index": 3,
          "latitude": 50.0162,
          "longitude": 14.5503
        },
        {
          "index": 4,
          "latitude": 50.0528,
          "longitude": 14.4751
        },
        {
          "index": 5,
          "latitude": 50.0746,
          "longitude": 14.4305
        },
        {
          "index": 6,
          "latitude": 50.1148,
          "longitude": 14.4312
        },
        {
          "index": 7,
          "latitude": 50.1545,
          "longitude": 14.562
        },
        {
          "index": 8,
          "latitude": 50.1706,
          "longitude": 14.5502
        },
        {
          "index": 9,
          "latitude": 50.2011,
          "longitude": 14.6411
        },
        {
          "index": 10,
          "latitude": 50.1829,
          "longitude": 14.656
        },
        {
          "index": 11,
          "latitude": 50.1926,
          "longitude": 14.6882
        },
        {
          "index": 12,
          "latitude": 50.2247,
          "longitude": 14.795
        }
      ],
      "radius": 0.0,
      "shape": "POLYGON"
    },
    "handle": 348736499,
    "identification": "LKKB",
    "name": "MCTR KBELY",
    "sun": {
      "astronomicalDawn": "2021-02-03T05:01:00Z",
      "astronomicalDusk": "2021-02-03T15:31:00Z",
      "civilDawn": "2021-02-03T05:36:00Z",
      "civilDusk": "2021-02-03T14:56:00Z",
      "date": "2021-02-02T23:00:00Z"
    },
    "thumbprint": "632e057d3042ab746935c2a58fdc3852b1b1e60a946395491f091a5f55fd7ce5"
  },
  {
    "elevationRange": {
      "ceiling": {
        "origin": "AMSL",
        "units": "FEETS",
        "value": 5000.0
      },
      "floor": {
        "origin": "GND",
        "units": "NONE",
        "value": 0.0
      }
    },
    "geometry": {
      "coordinates": [
        {
          "index": 0,
          "latitude": 50.0999,
          "longitude": 15.8593
        },
        {
          "index": 1,
          "latitude": 50.0497,
          "longitude": 16.0213
        },
        {
          "index": 2,
          "latitude": 49.9597,
          "longitude": 16.0146
        },
        {
          "index": 3,
          "latitude": 49.9213,
          "longitude": 15.8463
        },
        {
          "index": 4,
          "latitude": 49.9299,
          "longitude": 15.5866
        },
        {
          "index": 5,
          "latitude": 50.0563,
          "longitude": 15.4071
        },
        {
          "index": 6,
          "latitude": 50.1058,
          "longitude": 15.6291
        },
        {
          "index": 7,
          "latitude": 50.0999,
          "longitude": 15.8593
        }
      ],
      "radius": 0.0,
      "shape": "POLYGON"
    },
    "handle": 898387041,
    "identification": "LKPD",
    "name": "MCTR PARDUBICE",
    "sun": {
      "astronomicalDawn": "2021-02-03T04:57:00Z",
      "astronomicalDusk": "2021-02-03T15:26:00Z",
      "civilDawn": "2021-02-03T05:31:00Z",
      "civilDusk": "2021-02-03T14:51:00Z",
      "date": "2021-02-02T23:00:00Z"
    },
    "thumbprint": "7a5f86475f7562b0283569999c647f6cf31207fc101d92b7ce7bfc79d8672913"
  },
  {
    "elevationRange": {
      "ceiling": {
        "origin": "AMSL",
        "units": "FEETS",
        "value": 3500.0
      },
      "floor": {
        "origin": "GND",
        "units": "NONE",
        "value": 0.0
      }
    },
    "geometry": {
      "coordinates": [
        {
          "index": 0,
          "latitude": 50.3217,
          "longitude": 12.7247
        },
        {
          "index": 1,
          "latitude": 50.1979,
          "longitude": 13.177
        },
        {
          "index": 2,
          "latitude": 50.1033,
          "longitude": 13.1137
        },
        {
          "index": 3,
          "latitude": 50.1292,
          "longitude": 13.0197
        },
        {
          "index": 4,
          "latitude": 50.1251,
          "longitude": 13.0123
        },
        {
          "index": 5,
          "latitude": 50.1198,
          "longitude": 13.001
        },
        {
          "index": 6,
          "latitude": 50.1152,
          "longitude": 12.9891
        },
        {
          "index": 7,
          "latitude": 50.1113,
          "longitude": 12.9765
        },
        {
          "index": 8,
          "latitude": 50.1081,
          "longitude": 12.9634
        },
        {
          "index": 9,
          "latitude": 50.1057,
          "longitude": 12.9499
        },
        {
          "index": 10,
          "latitude": 50.1041,
          "longitude": 12.9362
        },
        {
          "index": 11,
          "latitude": 50.1032,
          "longitude": 12.9223
        },
        {
          "index": 12,
          "latitude": 50.1032,
          "longitude": 12.9083
        },
        {
          "index": 13,
          "latitude": 50.104,
          "longitude": 12.8944
        },
        {
          "index": 14,
          "latitude": 50.1056,
          "longitude": 12.8806
        },
        {
          "index": 15,
          "latitude": 50.108,
          "longitude": 12.8672
        },
        {
          "index": 16,
          "latitude": 50.1111,
          "longitude": 12.8541
        },
        {
          "index": 17,
          "latitude": 50.115,
          "longitude": 12.8415
        },
        {
          "index": 18,
          "latitude": 50.1196,
          "longitude": 12.8294
        },
        {
          "index": 19,
          "latitude": 50.1249,
          "longitude": 12.8181
        },
        {
          "index": 20,
          "latitude": 50.1308,
          "longitude": 12.8076
        },
        {
          "index": 21,
          "latitude": 50.1373,
          "longitude": 12.7979
        },
        {
          "index": 22,
          "latitude": 50.1443,
          "longitude": 12.7892
        },
        {
          "index": 23,
          "latitude": 50.1518,
          "longitude": 12.7815
        },
        {
          "index": 24,
          "latitude": 50.1597,
          "longitude": 12.7748
        },
        {
          "index": 25,
          "latitude": 50.168,
          "longitude": 12.7693
        },
        {
          "index": 26,
          "latitude": 50.1765,
          "longitude": 12.765
        },
        {
          "index": 27,
          "latitude": 50.1853,
          "longitude": 12.7618
        },
        {
          "index": 28,
          "latitude": 50.2003,
          "longitude": 12.7594
        },
        {
          "index": 29,
          "latitude": 50.2267,
          "longitude": 12.6621
        },
        {
          "index": 30,
          "latitude": 50.3217,
          "longitude": 12.7247
        }
      ],
      "radius": 0.0,
      "shape": "POLYGON"
    },
    "handle": 3365781197,
    "identification": "LKKV",
    "name": "CTR KARLOVY VARY",
    "sun": {
      "astronomicalDawn": "2021-02-03T05:08:00Z",
      "astronomicalDusk": "2021-02-03T15:37:00Z",
      "civilDawn": "2021-02-03T05:43:00Z",
      "civilDusk": "2021-02-03T15:02:00Z",
      "date": "2021-02-02T23:00:00Z"
    },
    "thumbprint": "363d60c043c15fe29935a6e34026dd6e98ce72ae106cd42b7d366c1fe255cfb3"
  },
  {
    "elevationRange": {
      "ceiling": {
        "origin": "AMSL",
        "units": "FEETS",
        "value": 5000.0
      },
      "floor": {
        "origin": "GND",
        "units": "NONE",
        "value": 0.0
      }
    },
    "geometry": {
      "coordinates": [
        {
          "index": 0,
          "latitude": 49.3147,
          "longitude": 15.9552
        },
        {
          "index": 1,
          "latitude": 49.2935,
          "longitude": 16.1295
        },
        {
          "index": 2,
          "latitude": 49.2853,
          "longitude": 16.1456
        },
        {
          "index": 3,
          "latitude": 49.23,
          "longitude": 16.2519
        },
        {
          "index": 4,
          "latitude": 49.2012,
          "longitude": 16.3067
        },
        {
          "index": 5,
          "latitude": 49.0972,
          "longitude": 16.3797
        },
        {
          "index": 6,
          "latitude": 49.0177,
          "longitude": 16.2936
        },
        {
          "index": 7,
          "latitude": 49.0499,
          "longitude": 16.1241
        },
        {
          "index": 8,
          "latitude": 49.1466,
          "longitude": 15.9466
        },
        {
          "index": 9,
          "latitude": 49.2469,
          "longitude": 15.8683
        },
        {
          "index": 10,
          "latitude": 49.2841,
          "longitude": 15.9165
        },
        {
          "index": 11,
          "latitude": 49.3147,
          "longitude": 15.9552
        }
      ],
      "radius": 0.0,
      "shape": "POLYGON"
    },
    "handle": 3559586720,
    "identification": "LKNA",
    "name": "MCTR NAMEST",
    "sun": {
      "astronomicalDawn": "2021-02-03T04:53:00Z",
      "astronomicalDusk": "2021-02-03T15:27:00Z",
      "civilDawn": "2021-02-03T05:27:00Z",
      "civilDusk": "2021-02-03T14:53:00Z",
      "date": "2021-02-02T23:00:00Z"
    },
    "thumbprint": "eb4f0f3ff3100abbd31840ccbfeb74aa287eac72d1954e79a4890a8fdd635619"
  },
  {
    "elevationRange": {
      "ceiling": {
        "origin": "AMSL",
        "units": "FEETS",
        "value": 2500.0
      },
      "floor": {
        "origin": "GND",
        "units": "NONE",
        "value": 0.0
      }
    },
    "geometry": {
      "coordinates": [
        {
          "index": 0,
          "latitude": 49.2222,
          "longitude": 16.5514
        },
        {
          "index": 1,
          "latitude": 49.2307,
          "longitude": 16.5635
        },
        {
          "index": 2,
          "latitude": 49.2371,
          "longitude": 16.5733
        },
        {
          "index": 3,
          "latitude": 49.2429,
          "longitude": 16.5837
        },
        {
          "index": 4,
          "latitude": 49.2482,
          "longitude": 16.5948
        },
        {
          "index": 5,
          "latitude": 49.2529,
          "longitude": 16.6065
        },
        {
          "index": 6,
          "latitude": 49.2571,
          "longitude": 16.6187
        },
        {
          "index": 7,
          "latitude": 49.2605,
          "longitude": 16.6314
        },
        {
          "index": 8,
          "latitude": 49.2634,
          "longitude": 16.6444
        },
        {
          "index": 9,
          "latitude": 49.2655,
          "longitude": 16.6577
        },
        {
          "index": 10,
          "latitude": 49.267,
          "longitude": 16.6713
        },
        {
          "index": 11,
          "latitude": 49.2678,
          "longitude": 16.685
        },
        {
          "index": 12,
          "latitude": 49.2679,
          "longitude": 16.6987
        },
        {
          "index": 13,
          "latitude": 49.2673,
          "longitude": 16.7124
        },
        {
          "index": 14,
          "latitude": 49.2661,
          "longitude": 16.726
        },
        {
          "index": 15,
          "latitude": 49.2641,
          "longitude": 16.7394
        },
        {
          "index": 16,
          "latitude": 49.2615,
          "longitude": 16.7525
        },
        {
          "index": 17,
          "latitude": 49.2582,
          "longitude": 16.7653
        },
        {
          "index": 18,
          "latitude": 49.2542,
          "longitude": 16.7777
        },
        {
          "index": 19,
          "latitude": 49.2497,
          "longitude": 16.7895
        },
        {
          "index": 20,
          "latitude": 49.2446,
          "longitude": 16.8008
        },
        {
          "index": 21,
          "latitude": 49.2389,
          "longitude": 16.8115
        },
        {
          "index": 22,
          "latitude": 49.2327,
          "longitude": 16.8214
        },
        {
          "index": 23,
          "latitude": 49.226,
          "longitude": 16.8306
        },
        {
          "index": 24,
          "latitude": 49.2189,
          "longitude": 16.8389
        },
        {
          "index": 25,
          "latitude": 49.2113,
          "longitude": 16.8464
        },
        {
          "index": 26,
          "latitude": 49.2034,
          "longitude": 16.853
        },
        {
          "index": 27,
          "latitude": 49.1952,
          "longitude": 16.8587
        },
        {
          "index": 28,
          "latitude": 49.1868,
          "longitude": 16.8633
        },
        {
          "index": 29,
          "latitude": 49.1822,
          "longitude": 16.8664
        },
        {
          "index": 30,
          "latitude": 49.1753,
          "longitude": 16.9531
        },
        {
          "index": 31,
          "latitude": 49.0861,
          "longitude": 16.9356
        },
        {
          "index": 32,
          "latitude": 49.0931,
          "longitude": 16.8492
        },
        {
          "index": 33,
          "latitude": 49.0837,
          "longitude": 16.8385
        },
        {
          "index": 34,
          "latitude": 49.0766,
          "longitude": 16.8302
        },
        {
          "index": 35,
          "latitude": 49.0699,
          "longitude": 16.821
        },
        {
          "index": 36,
          "latitude": 49.0637,
          "longitude": 16.811
        },
        {
          "index": 37,
          "latitude": 49.0581,
          "longitude": 16.8004
        },
        {
          "index": 38,
          "latitude": 49.053,
          "longitude": 16.7891
        },
        {
          "index": 39,
          "latitude": 49.0485,
          "longitude": 16.7773
        },
        {
          "index": 40,
          "latitude": 49.0445,
          "longitude": 16.765
        },
        {
          "index": 41,
          "latitude": 49.0413,
          "longitude": 16.7523
        },
        {
          "index": 42,
          "latitude": 49.0386,
          "longitude": 16.7392
        },
        {
          "index": 43,
          "latitude": 49.0367,
          "longitude": 16.7258
        },
        {
          "index": 44,
          "latitude": 49.0354,
          "longitude": 16.7123
        },
        {
          "index": 45,
          "latitude": 49.0348,
          "longitude": 16.6986
        },
        {
          "index": 46,
          "latitude": 49.0349,
          "longitude": 16.685
        },
        {
          "index": 47,
          "latitude": 49.0357,
          "longitude": 16.6714
        },
        {
          "index": 48,
          "latitude": 49.0372,
          "longitude": 16.6579
        },
        {
          "index": 49,
          "latitude": 49.0394,
          "longitude": 16.6446
        },
        {
          "index": 50,
          "latitude": 49.0422,
          "longitude": 16.6316
        },
        {
          "index": 51,
          "latitude": 49.0457,
          "longitude": 16.619
        },
        {
          "index": 52,
          "latitude": 49.0498,
          "longitude": 16.6068
        },
        {
          "index": 53,
          "latitude": 49.0545,
          "longitude": 16.5951
        },
        {
          "index": 54,
          "latitude": 49.0598,
          "longitude": 16.5841
        },
        {
          "index": 55,
          "latitude": 49.0656,
          "longitude": 16.5736
        },
        {
          "index": 56,
          "latitude": 49.0719,
          "longitude": 16.5639
        },
        {
          "index": 57,
          "latitude": 49.0787,
          "longitude": 16.555
        },
        {
          "index": 58,
          "latitude": 49.086,
          "longitude": 16.5469
        },
        {
          "index": 59,
          "latitude": 49.0936,
          "longitude": 16.5396
        },
        {
          "index": 60,
          "latitude": 49.1015,
          "longitude": 16.5333
        },
        {
          "index": 61,
          "latitude": 49.1098,
          "longitude": 16.5279
        },
        {
          "index": 62,
          "latitude": 49.1208,
          "longitude": 16.5211
        },
        {
          "index": 63,
          "latitude": 49.1303,
          "longitude": 16.4447
        },
        {
          "index": 64,
          "latitude": 49.2389,
          "longitude": 16.4658
        },
        {
          "index": 65,
          "latitude": 49.2222,
          "longitude": 16.5514
        }
      ],
      "radius": 0.0,
      "shape": "POLYGON"
    },
    "handle": 2317385848,
    "identification": "LKTB",
    "name": "CTR TURANY",
    "sun": {
      "astronomicalDawn": "2021-02-03T04:51:00Z",
      "astronomicalDusk": "2021-02-03T15:24:00Z",
      "civilDawn": "2021-02-03T05:25:00Z",
      "civilDusk": "2021-02-03T14:50:00Z",
      "date": "2021-02-02T23:00:00Z"
    },
    "thumbprint": "54e422015cf0586011ab078feb750c232237cd2a285e32cfc6ae3f53650f859a"
  },
  {
    "elevationRange": {
      "ceiling": {
        "origin": "AMSL",
        "units": "FEETS",
        "value": 5000.0
      },
      "floor": {
        "origin": "GND",
        "units": "NONE",
        "value": 0.0
      }
    },
    "geometry": {
      "coordinates": [
        {
          "index": 0,
          "latitude": 50.103,
          "longitude": 15.2435
        },
        {
          "index": 1,
          "latitude": 50.0563,
          "longitude": 15.4071
        },
        {
          "index": 2,
          "latitude": 49.9299,
          "longitude": 15.5866
        },
        {
          "index": 3,
          "latitude": 49.8383,
          "longitude": 15.6232
        },
        {
          "index": 4,
          "latitude": 49.7774,
          "longitude": 15.5204
        },
        {
          "index": 5,
          "latitude": 49.8255,
          "longitude": 15.3577
        },
        {
          "index": 6,
          "latitude": 49.9349,
          "longitude": 15.2013
        },
        {
          "index": 7,
          "latitude": 50.0047,
          "longitude": 15.1949
        },
        {
          "index": 8,
          "latitude": 50.0416,
          "longitude": 15.1408
        },
        {
          "index": 9,
          "latitude": 50.103,
          "longitude": 15.2435
        }
      ],
      "radius": 0.0,
      "shape": "POLYGON"
    },
    "handle": 993984930,
    "identification": "LKCV",
    "name": "MCTR CASLAV",
    "sun": {
      "astronomicalDawn": "2021-02-03T04:58:00Z",
      "astronomicalDusk": "2021-02-03T15:28:00Z",
      "civilDawn": "2021-02-03T05:32:00Z",
      "civilDusk": "2021-02-03T14:53:00Z",
      "date": "2021-02-02T23:00:00Z"
    },
    "thumbprint": "ae33dcb6e35e09e7c35014645b25870cf130c9d4e736f382e1f1769dcb89fc11"
  }
]