[
  {
    "elevationRange": {
      "ceiling": {
        "origin": "AGL",
        "units": "FEETS",
        "value": 1000.0
      },
      "floor": {
        "origin": "GND",
        "units": "NONE",
        "value": 0.0
      }
    },
    "geometry": {
      "coordinates": [
        {
          "index": 0,
          "latitude": 50.1203,
          "longitude": 14.5679
        }
      ],
      "radius": 555.6,
      "shape": "POINT"
    },
    "handle": 4240597395,
    "identification": "LKD4",
    "name": "SATALICE",
    "note": {},
    "schedule": {},
    "sun": {
      "astronomicalDawn": "2021-02-08T04:53:00Z",
      "astronomicalDusk": "2021-02-08T15:40:00Z",
      "civilDawn": "2021-02-08T05:27:00Z",
      "civilDusk": "2021-02-08T15:05:00Z",
      "date": "2021-02-07T23:00:00Z"
    },
    "thumbprint": "28c49c00f9af5104c80382b374ea293a402775b35167e3a0371c2da240b08364"
  },
  {
    "elevationRange": {
      "ceiling": {
        "origin": "AGL",
        "units": "FEETS",
        "value": 1000.0
      },
      "floor": {
        "origin": "GND",
        "units": "NONE",
        "value": 0.0
      }
    },
    "geometry": {
      "coordinates": [
        {
          "index": 0,
          "latitude": 49.2097,
          "longitude": 14.6826
        }
      ],
      "radius": 1481.6,
      "shape": "POINT"
    },
    "handle": 3425995936,
    "identification": "LKD5",
    "name": "VESELI NAD LUŽNICÍ",
    "note": {},
    "schedule": {},
    "sun": {
      "astronomicalDawn": "2021-02-08T04:51:00Z",
      "astronomicalDusk": "2021-02-08T15:41:00Z",
      "civilDawn": "2021-02-08T05:24:00Z",
      "civilDusk": "2021-02-08T15:07:00Z",
      "date": "2021-02-07T23:00:00Z"
    },
    "thumbprint": "a0277b9915a135d0fb4c55b8407663eb9b25b7d5da04466ad0e84cf1d578af19"
  },
  {
    "elevationRange": {
      "ceiling": {
        "origin": "AGL",
        "units": "FEETS",
        "value": 1000.0
      },
      "floor": {
        "origin": "GND",
        "units": "NONE",
        "value": 0.0
      }
    },
    "geometry": {
      "coordinates": [
        {
          "index": 0,
          "latitude": 48.871,
          "longitude": 17.0294
        }
      ],
      "radius": 1481.6,
      "shape": "POINT"
    },
    "handle": 1650319937,
    "identification": "LKD6",
    "name": "DOLNÍ BOJANOVICE",
    "note": {},
    "schedule": {},
    "sun": {
      "astronomicalDawn": "2021-02-08T04:41:00Z",
      "astronomicalDusk": "2021-02-08T15:32:00Z",
      "civilDawn": "2021-02-08T05:14:00Z",
      "civilDusk": "2021-02-08T14:59:00Z",
      "date": "2021-02-07T23:00:00Z"
    },
    "thumbprint": "7de4e7d1b1376f3ad3f62d3e87a4a7389aace00bad43510dcdd078e02915945d"
  },
  {
    "elevationRange": {
      "ceiling": {
        "origin": "AGL",
        "units": "FEETS",
        "value": 1000.0
      },
      "floor": {
        "origin": "GND",
        "units": "NONE",
        "value": 0.0
      }
    },
    "geometry": {
      "coordinates": [
        {
          "index": 0,
          "latitude": 48.7807,
          "longitude": 16.9369
        }
      ],
      "radius": 1481.6,
      "shape": "POINT"
    },
    "handle": 4085377356,
    "identification": "LKD3",
    "name": "BRECLAV",
    "note": {},
    "schedule": {},
    "sun": {
      "astronomicalDawn": "2021-02-08T04:41:00Z",
      "astronomicalDusk": "2021-02-08T15:33:00Z",
      "civilDawn": "2021-02-08T05:14:00Z",
      "civilDusk": "2021-02-08T14:59:00Z",
      "date": "2021-02-07T23:00:00Z"
    },
    "thumbprint": "78e9a3053691c041d524b2d246c2e3d539847ce174d755517e0554edd27248c5"
  },
  {
    "elevationRange": {
      "ceiling": {
        "origin": "AGL",
        "units": "FEETS",
        "value": 1000.0
      },
      "floor": {
        "origin": "GND",
        "units": "NONE",
        "value": 0.0
      }
    },
    "geometry": {
      "coordinates": [
        {
          "index": 0,
          "latitude": 50.0169,
          "longitude": 14.9318
        }
      ],
      "radius": 1481.6,
      "shape": "POINT"
    },
    "handle": 557568281,
    "identification": "LKD2",
    "name": "KOURIM",
    "note": {},
    "schedule": {},
    "sun": {
      "astronomicalDawn": "2021-02-08T04:51:00Z",
      "astronomicalDusk": "2021-02-08T15:38:00Z",
      "civilDawn": "2021-02-08T05:26:00Z",
      "civilDusk": "2021-02-08T15:04:00Z",
      "date": "2021-02-07T23:00:00Z"
    },
    "thumbprint": "e2e246cc9c8bd70aa11de5698bae2c0250b5363f6283a43b40addcd0d32fe451"
  },
  {
    "elevationRange": {
      "ceiling": {
        "origin": "AGL",
        "units": "FEETS",
        "value": 1000.0
      },
      "floor": {
        "origin": "GND",
        "units": "NONE",
        "value": 0.0
      }
    },
    "geometry": {
      "coordinates": [
        {
          "index": 0,
          "latitude": 49.2188,
          "longitude": 16.2143
        }
      ],
      "radius": 1481.6,
      "shape": "POINT"
    },
    "handle": 2530312120,
    "identification": "LKD1",
    "name": "KRALICE",
    "note": {},
    "schedule": {},
    "sun": {
      "astronomicalDawn": "2021-02-08T04:45:00Z",
      "astronomicalDusk": "2021-02-08T15:35:00Z",
      "civilDawn": "2021-02-08T05:18:00Z",
      "civilDusk": "2021-02-08T15:01:00Z",
      "date": "2021-02-07T23:00:00Z"
    },
    "thumbprint": "810612f506b30581226f7d97adfce7a569d558fa5ff967b855162cc229621030"
  },
  {
    "elevationRange": {
      "ceiling": {
        "origin": "FL",
        "units": "FEETS",
        "value": 9500.0
      },
      "floor": {
        "origin": "GND",
        "units": "NONE",
        "value": 0.0
      }
    },
    "geometry": {
      "coordinates": [
        {
          "index": 0,
          "latitude": 50.6091,
          "longitude": 14.8429
        }
      ],
      "radius": 2500.2,
      "shape": "POINT"
    },
    "handle": 1972957899,
    "identification": "LKD7",
    "name": "STRAZISTE",
    "note": {},
    "schedule": {},
    "sun": {
      "astronomicalDawn": "2021-02-08T04:53:00Z",
      "astronomicalDusk": "2021-02-08T15:38:00Z",
      "civilDawn": "2021-02-08T05:28:00Z",
      "civilDusk": "2021-02-08T15:03:00Z",
      "date": "2021-02-07T23:00:00Z"
    },
    "thumbprint": "1f1c1c3b80dfd2b170e3c1081f8fe5ba7093837adf08b53abfb5daf584ae93a1"
  },
  {
    "elevationRange": {
      "ceiling": {
        "origin": "FL",
        "units": "FEETS",
        "value": 9500.0
      },
      "floor": {
        "origin": "GND",
        "units": "NONE",
        "value": 0.0
      }
    },
    "geometry": {
      "coordinates": [
        {
          "index": 0,
          "latitude": 49.7494,
          "longitude": 13.9119
        }
      ],
      "radius": 2778.0,
      "shape": "POINT"
    },
    "handle": 1114326581,
    "identification": "LKD9",
    "name": "BRDA",
    "note": {},
    "schedule": {},
    "sun": {
      "astronomicalDawn": "2021-02-08T04:55:00Z",
      "astronomicalDusk": "2021-02-08T15:43:00Z",
      "civilDawn": "2021-02-08T05:29:00Z",
      "civilDusk": "2021-02-08T15:09:00Z",
      "date": "2021-02-07T23:00:00Z"
    },
    "thumbprint": "dcde30805c7c3a67adb1e6ba9e86b0c4555261937f98e6b3f11330e599be21d1"
  },
  {
    "elevationRange": {
      "ceiling": {
        "origin": "AGL",
        "units": "FEETS",
        "value": 1000.0
      },
      "floor": {
        "origin": "GND",
        "units": "NONE",
        "value": 0.0
      }
    },
    "geometry": {
      "coordinates": [
        {
          "index": 0,
          "latitude": 48.9019,
          "longitude": 16.6122
        },
        {
          "index": 1,
          "latitude": 48.8389,
          "longitude": 16.555
        },
        {
          "index": 2,
          "latitude": 48.8234,
          "longitude": 16.5942
        },
        {
          "index": 3,
          "latitude": 48.8864,
          "longitude": 16.6515
        },
        {
          "index": 4,
          "latitude": 48.9019,
          "longitude": 16.6122
        }
      ],
      "radius": 0.0,
      "shape": "POLYGON"
    },
    "handle": 2328000678,
    "identification": "LKD10",
    "name": "DOLNÍ DUNAJOVICE",
    "note": {},
    "schedule": {},
    "sun": {
      "astronomicalDawn": "2021-02-08T04:43:00Z",
      "astronomicalDusk": "2021-02-08T15:34:00Z",
      "civilDawn": "2021-02-08T05:16:00Z",
      "civilDusk": "2021-02-08T15:00:00Z",
      "date": "2021-02-07T23:00:00Z"
    },
    "thumbprint": "53eedfe1e00df1ea8aba25f5bf8fec71564bc544aceb9961cdc9d19482bcdc23"
  },
  {
    "elevationRange": {
      "ceiling": {
        "origin": "FL",
        "units": "FEETS",
        "value": 9500.0
      },
      "floor": {
        "origin": "GND",
        "units": "NONE",
        "value": 0.0
      }
    },
    "geometry": {
      "coordinates": [
        {
          "index": 0,
          "latitude": 49.6732,
          "longitude": 17.6015
        }
      ],
      "radius": 12964.0,
      "shape": "POINT"
    },
    "handle": 2715863174,
    "identification": "LKD13",
    "name": "MILOVANY",
    "note": {},
    "schedule": {},
    "sun": {
      "astronomicalDawn": "2021-02-08T04:41:00Z",
      "astronomicalDusk": "2021-02-08T15:28:00Z",
      "civilDawn": "2021-02-08T05:15:00Z",
      "civilDusk": "2021-02-08T14:54:00Z",
      "date": "2021-02-07T23:00:00Z"
    },
    "thumbprint": "f819186402eb02ecf216590d4c8080c4bcabec6d7b961e5968d3ffcf8183d637"
  },
  {
    "elevationRange": {
      "ceiling": {
        "origin": "FL",
        "units": "FEETS",
        "value": 9500.0
      },
      "floor": {
        "origin": "GND",
        "units": "NONE",
        "value": 0.0
      }
    },
    "geometry": {
      "coordinates": [
        {
          "index": 0,
          "latitude": 48.8773,
          "longitude": 14.0716
        }
      ],
      "radius": 12964.0,
      "shape": "POINT"
    },
    "handle": 2701044267,
    "identification": "LKD11",
    "name": "CHLUM",
    "note": {},
    "schedule": {},
    "sun": {
      "astronomicalDawn": "2021-02-08T04:53:00Z",
      "astronomicalDusk": "2021-02-08T15:43:00Z",
      "civilDawn": "2021-02-08T05:27:00Z",
      "civilDusk": "2021-02-08T15:10:00Z",
      "date": "2021-02-07T23:00:00Z"
    },
    "thumbprint": "d5baac16920b1e27d41d932cbc5e7b380288dd914765fb63957eab1f86453df8"
  },
  {
    "elevationRange": {
      "ceiling": {
        "origin": "FL",
        "units": "FEETS",
        "value": 9500.0
      },
      "floor": {
        "origin": "GND",
        "units": "NONE",
        "value": 0.0
      }
    },
    "geometry": {
      "coordinates": [
        {
          "index": 0,
          "latitude": 50.3049,
          "longitude": 13.1403
        }
      ],
      "radius": 12964.0,
      "shape": "POINT"
    },
    "handle": 3408762576,
    "identification": "LKD14",
    "name": "LESNÁ",
    "note": {},
    "schedule": {},
    "sun": {
      "astronomicalDawn": "2021-02-08T05:00:00Z",
      "astronomicalDusk": "2021-02-08T15:44:00Z",
      "civilDawn": "2021-02-08T05:34:00Z",
      "civilDusk": "2021-02-08T15:10:00Z",
      "date": "2021-02-07T23:00:00Z"
    },
    "thumbprint": "8aeeb0dcf330926e0b1c8e92798557fd44b6367c6c377f2a51113441b6a06883"
  }
]