[
  {
    "elevationRange": {
      "ceiling": {
        "origin": "AGL",
        "units": "FEETS",
        "value": 1000.0
      },
      "floor": {
        "origin": "GND",
        "units": "NONE",
        "value": 0.0
      }
    },
    "geometry": {
      "coordinates": [
        {
          "index": 0,
          "latitude": 50.1203,
          "longitude": 14.5679
        }
      ],
      "radius": 555.6,
      "shape": "POINT"
    },
    "handle": 2045495602,
    "identification": "LKD4",
    "name": "SATALICE",
    "note": {},
    "schedule": {},
    "sun": {
      "astronomicalDawn": "2021-01-26T05:10:00Z",
      "astronomicalDusk": "2021-01-26T15:19:00Z",
      "civilDawn": "2021-01-26T05:46:00Z",
      "civilDusk": "2021-01-26T14:43:00Z",
      "date": "2021-01-25T23:00:00Z"
    },
    "thumbprint": "ba1b557ff29b5e77cea0c922f74410cfb2791d1a02458c825f1f0ccbb80c4372"
  },
  {
    "elevationRange": {
      "ceiling": {
        "origin": "AGL",
        "units": "FEETS",
        "value": 1000.0
      },
      "floor": {
        "origin": "GND",
        "units": "NONE",
        "value": 0.0
      }
    },
    "geometry": {
      "coordinates": [
        {
          "index": 0,
          "latitude": 49.2097,
          "longitude": 14.6826
        }
      ],
      "radius": 1481.6,
      "shape": "POINT"
    },
    "handle": 1497705123,
    "identification": "LKD5",
    "name": "VESELI NAD LUŽNICÍ",
    "note": {},
    "schedule": {},
    "sun": {
      "astronomicalDawn": "2021-01-26T05:07:00Z",
      "astronomicalDusk": "2021-01-26T15:21:00Z",
      "civilDawn": "2021-01-26T05:42:00Z",
      "civilDusk": "2021-01-26T14:46:00Z",
      "date": "2021-01-25T23:00:00Z"
    },
    "thumbprint": "89a6e2a01d754b0cee13bc860b044c8bc81d43752267b6e958666bf701911556"
  },
  {
    "elevationRange": {
      "ceiling": {
        "origin": "AGL",
        "units": "FEETS",
        "value": 1000.0
      },
      "floor": {
        "origin": "GND",
        "units": "NONE",
        "value": 0.0
      }
    },
    "geometry": {
      "coordinates": [
        {
          "index": 0,
          "latitude": 48.871,
          "longitude": 17.0294
        }
      ],
      "radius": 1481.6,
      "shape": "POINT"
    },
    "handle": 3476203697,
    "identification": "LKD6",
    "name": "DOLNÍ BOJANOVICE",
    "note": {},
    "schedule": {},
    "sun": {
      "astronomicalDawn": "2021-01-26T04:57:00Z",
      "astronomicalDusk": "2021-01-26T15:12:00Z",
      "civilDawn": "2021-01-26T05:32:00Z",
      "civilDusk": "2021-01-26T14:38:00Z",
      "date": "2021-01-25T23:00:00Z"
    },
    "thumbprint": "a67050bec6c9854cb6198a01fc4f2abe15c87cddc6622319ce89e65a22ae1762"
  },
  {
    "elevationRange": {
      "ceiling": {
        "origin": "AGL",
        "units": "FEETS",
        "value": 1000.0
      },
      "floor": {
        "origin": "GND",
        "units": "NONE",
        "value": 0.0
      }
    },
    "geometry": {
      "coordinates": [
        {
          "index": 0,
          "latitude": 48.7807,
          "longitude": 16.9369
        }
      ],
      "radius": 1481.6,
      "shape": "POINT"
    },
    "handle": 1192633690,
    "identification": "LKD3",
    "name": "BRECLAV",
    "note": {},
    "schedule": {},
    "sun": {
      "astronomicalDawn": "2021-01-26T04:57:00Z",
      "astronomicalDusk": "2021-01-26T15:13:00Z",
      "civilDawn": "2021-01-26T05:32:00Z",
      "civilDusk": "2021-01-26T14:38:00Z",
      "date": "2021-01-25T23:00:00Z"
    },
    "thumbprint": "83618d8f8a7924cfeec688e2552149c136fcd08b9a7e9baff16df7bb0d2565db"
  },
  {
    "elevationRange": {
      "ceiling": {
        "origin": "AGL",
        "units": "FEETS",
        "value": 1000.0
      },
      "floor": {
        "origin": "GND",
        "units": "NONE",
        "value": 0.0
      }
    },
    "geometry": {
      "coordinates": [
        {
          "index": 0,
          "latitude": 50.0169,
          "longitude": 14.9318
        }
      ],
      "radius": 1481.6,
      "shape": "POINT"
    },
    "handle": 3236357517,
    "identification": "LKD2",
    "name": "KOURIM",
    "note": {},
    "schedule": {},
    "sun": {
      "astronomicalDawn": "2021-01-26T05:08:00Z",
      "astronomicalDusk": "2021-01-26T15:18:00Z",
      "civilDawn": "2021-01-26T05:44:00Z",
      "civilDusk": "2021-01-26T14:42:00Z",
      "date": "2021-01-25T23:00:00Z"
    },
    "thumbprint": "3ccc86c26a32a3a4506ae4abe23daea45b61515cf556f006bba9f1a5252b94b1"
  },
  {
    "elevationRange": {
      "ceiling": {
        "origin": "AGL",
        "units": "FEETS",
        "value": 1000.0
      },
      "floor": {
        "origin": "GND",
        "units": "NONE",
        "value": 0.0
      }
    },
    "geometry": {
      "coordinates": [
        {
          "index": 0,
          "latitude": 49.2188,
          "longitude": 16.2143
        }
      ],
      "radius": 1481.6,
      "shape": "POINT"
    },
    "handle": 3252912541,
    "identification": "LKD1",
    "name": "KRALICE",
    "note": {},
    "schedule": {},
    "sun": {
      "astronomicalDawn": "2021-01-26T05:01:00Z",
      "astronomicalDusk": "2021-01-26T15:15:00Z",
      "civilDawn": "2021-01-26T05:36:00Z",
      "civilDusk": "2021-01-26T14:40:00Z",
      "date": "2021-01-25T23:00:00Z"
    },
    "thumbprint": "9a8955132b6628ab9c2f96ecf3ddd2537b8ed597181c29db44e032842333c610"
  },
  {
    "elevationRange": {
      "ceiling": {
        "origin": "FL",
        "units": "FEETS",
        "value": 9500.0
      },
      "floor": {
        "origin": "GND",
        "units": "NONE",
        "value": 0.0
      }
    },
    "geometry": {
      "coordinates": [
        {
          "index": 0,
          "latitude": 50.6091,
          "longitude": 14.8429
        }
      ],
      "radius": 2500.2,
      "shape": "POINT"
    },
    "handle": 4182903205,
    "identification": "LKD7",
    "name": "STRAZISTE",
    "note": {},
    "schedule": {},
    "sun": {
      "astronomicalDawn": "2021-01-26T05:10:00Z",
      "astronomicalDusk": "2021-01-26T15:17:00Z",
      "civilDawn": "2021-01-26T05:46:00Z",
      "civilDusk": "2021-01-26T14:40:00Z",
      "date": "2021-01-25T23:00:00Z"
    },
    "thumbprint": "a93cbda1ca0d095ac6a329f93ea9e6b7fd588e4f249e4f0ed70e06230050d9da"
  },
  {
    "elevationRange": {
      "ceiling": {
        "origin": "FL",
        "units": "FEETS",
        "value": 9500.0
      },
      "floor": {
        "origin": "GND",
        "units": "NONE",
        "value": 0.0
      }
    },
    "geometry": {
      "coordinates": [
        {
          "index": 0,
          "latitude": 49.7494,
          "longitude": 13.9119
        }
      ],
      "radius": 2778.0,
      "shape": "POINT"
    },
    "handle": 318717959,
    "identification": "LKD9",
    "name": "BRDA",
    "note": {},
    "schedule": {},
    "sun": {
      "astronomicalDawn": "2021-01-26T05:12:00Z",
      "astronomicalDusk": "2021-01-26T15:23:00Z",
      "civilDawn": "2021-01-26T05:47:00Z",
      "civilDusk": "2021-01-26T14:47:00Z",
      "date": "2021-01-25T23:00:00Z"
    },
    "thumbprint": "ec9d667b91665d868ce7949abf9e6719a5d077bce0aae0aaa895fe28b8d1d543"
  },
  {
    "elevationRange": {
      "ceiling": {
        "origin": "AGL",
        "units": "FEETS",
        "value": 1000.0
      },
      "floor": {
        "origin": "GND",
        "units": "NONE",
        "value": 0.0
      }
    },
    "geometry": {
      "coordinates": [
        {
          "index": 0,
          "latitude": 48.9019,
          "longitude": 16.6122
        },
        {
          "index": 1,
          "latitude": 48.8389,
          "longitude": 16.555
        },
        {
          "index": 2,
          "latitude": 48.8234,
          "longitude": 16.5942
        },
        {
          "index": 3,
          "latitude": 48.8864,
          "longitude": 16.6515
        },
        {
          "index": 4,
          "latitude": 48.9019,
          "longitude": 16.6122
        }
      ],
      "radius": 0.0,
      "shape": "POLYGON"
    },
    "handle": 2357522728,
    "identification": "LKD10",
    "name": "DOLNÍ DUNAJOVICE",
    "note": {},
    "schedule": {},
    "sun": {
      "astronomicalDawn": "2021-01-26T04:59:00Z",
      "astronomicalDusk": "2021-01-26T15:14:00Z",
      "civilDawn": "2021-01-26T05:33:00Z",
      "civilDusk": "2021-01-26T14:39:00Z",
      "date": "2021-01-25T23:00:00Z"
    },
    "thumbprint": "607659236468ef5ecc2b4a8b4aedfeab1138f4cd99af46af3930a88ecf3f9eaf"
  },
  {
    "elevationRange": {
      "ceiling": {
        "origin": "FL",
        "units": "FEETS",
        "value": 9500.0
      },
      "floor": {
        "origin": "GND",
        "units": "NONE",
        "value": 0.0
      }
    },
    "geometry": {
      "coordinates": [
        {
          "index": 0,
          "latitude": 49.6732,
          "longitude": 17.6015
        }
      ],
      "radius": 12964.0,
      "shape": "POINT"
    },
    "handle": 84174668,
    "identification": "LKD13",
    "name": "MILOVANY",
    "note": {},
    "schedule": {},
    "sun": {
      "astronomicalDawn": "2021-01-26T04:57:00Z",
      "astronomicalDusk": "2021-01-26T15:07:00Z",
      "civilDawn": "2021-01-26T05:33:00Z",
      "civilDusk": "2021-01-26T14:32:00Z",
      "date": "2021-01-25T23:00:00Z"
    },
    "thumbprint": "145cae60fe214d9e21a0527600d62ab3275660a2c3c876d6b607bbfeabfe6f93"
  },
  {
    "elevationRange": {
      "ceiling": {
        "origin": "FL",
        "units": "FEETS",
        "value": 9500.0
      },
      "floor": {
        "origin": "GND",
        "units": "NONE",
        "value": 0.0
      }
    },
    "geometry": {
      "coordinates": [
        {
          "index": 0,
          "latitude": 48.8773,
          "longitude": 14.0716
        }
      ],
      "radius": 12964.0,
      "shape": "POINT"
    },
    "handle": 108990109,
    "identification": "LKD11",
    "name": "CHLUM",
    "note": {},
    "schedule": {},
    "sun": {
      "astronomicalDawn": "2021-01-26T05:09:00Z",
      "astronomicalDusk": "2021-01-26T15:23:00Z",
      "civilDawn": "2021-01-26T05:44:00Z",
      "civilDusk": "2021-01-26T14:49:00Z",
      "date": "2021-01-25T23:00:00Z"
    },
    "thumbprint": "f38575816290147559fe5085ebe2af2cb45e87721c7bf43f113ed6cd9951f43a"
  },
  {
    "elevationRange": {
      "ceiling": {
        "origin": "FL",
        "units": "FEETS",
        "value": 9500.0
      },
      "floor": {
        "origin": "GND",
        "units": "NONE",
        "value": 0.0
      }
    },
    "geometry": {
      "coordinates": [
        {
          "index": 0,
          "latitude": 50.3049,
          "longitude": 13.1403
        }
      ],
      "radius": 12964.0,
      "shape": "POINT"
    },
    "handle": 2616784597,
    "identification": "LKD14",
    "name": "LESNÁ",
    "note": {},
    "schedule": {},
    "sun": {
      "astronomicalDawn": "2021-01-26T05:17:00Z",
      "astronomicalDusk": "2021-01-26T15:24:00Z",
      "civilDawn": "2021-01-26T05:53:00Z",
      "civilDusk": "2021-01-26T14:48:00Z",
      "date": "2021-01-25T23:00:00Z"
    },
    "thumbprint": "0ccedb7294c162f27d557136c93847aede07832fb8104880797cd2c45e9eb095"
  }
]