[
  {
    "elevationRange": {
      "ceiling": {
        "origin": "AGL",
        "units": "FEETS",
        "value": 1000.0
      },
      "floor": {
        "origin": "GND",
        "units": "NONE",
        "value": 0.0
      }
    },
    "geometry": {
      "coordinates": [
        {
          "index": 0,
          "latitude": 50.1203,
          "longitude": 14.5679
        }
      ],
      "radius": 555.6,
      "shape": "POINT"
    },
    "handle": 307473038,
    "identification": "LKD4",
    "name": "SATALICE",
    "note": {},
    "schedule": {},
    "sun": {
      "astronomicalDawn": "2021-03-15T03:46:00Z",
      "astronomicalDusk": "2021-03-15T16:37:00Z",
      "civilDawn": "2021-03-15T04:19:00Z",
      "civilDusk": "2021-03-15T16:04:00Z",
      "date": "2021-03-14T23:00:00Z"
    },
    "thumbprint": "6c3195b7b5f699e7713b4c504f2f3ae7c63252a8c5e612e954b9cd1613ca26d2"
  },
  {
    "elevationRange": {
      "ceiling": {
        "origin": "AGL",
        "units": "FEETS",
        "value": 1000.0
      },
      "floor": {
        "origin": "GND",
        "units": "NONE",
        "value": 0.0
      }
    },
    "geometry": {
      "coordinates": [
        {
          "index": 0,
          "latitude": 49.2097,
          "longitude": 14.6826
        }
      ],
      "radius": 1481.6,
      "shape": "POINT"
    },
    "handle": 3760396460,
    "identification": "LKD5",
    "name": "VESELI NAD LUŽNICÍ",
    "note": {},
    "schedule": {},
    "sun": {
      "astronomicalDawn": "2021-03-15T03:46:00Z",
      "astronomicalDusk": "2021-03-15T16:36:00Z",
      "civilDawn": "2021-03-15T04:18:00Z",
      "civilDusk": "2021-03-15T16:04:00Z",
      "date": "2021-03-14T23:00:00Z"
    },
    "thumbprint": "f409928aa0d7f7672dababdc4790eae11014679c1235fe22d862af7732e9fe8e"
  },
  {
    "elevationRange": {
      "ceiling": {
        "origin": "AGL",
        "units": "FEETS",
        "value": 1000.0
      },
      "floor": {
        "origin": "GND",
        "units": "NONE",
        "value": 0.0
      }
    },
    "geometry": {
      "coordinates": [
        {
          "index": 0,
          "latitude": 48.871,
          "longitude": 17.0294
        }
      ],
      "radius": 1481.6,
      "shape": "POINT"
    },
    "handle": 3250076827,
    "identification": "LKD6",
    "name": "DOLNÍ BOJANOVICE",
    "note": {},
    "schedule": {},
    "sun": {
      "astronomicalDawn": "2021-03-15T03:37:00Z",
      "astronomicalDusk": "2021-03-15T16:26:00Z",
      "civilDawn": "2021-03-15T04:09:00Z",
      "civilDusk": "2021-03-15T15:55:00Z",
      "date": "2021-03-14T23:00:00Z"
    },
    "thumbprint": "665d86e4c28ecb50b6544b6b54db7bbad34a16261b4de34e6a48d5b083d426eb"
  },
  {
    "elevationRange": {
      "ceiling": {
        "origin": "AGL",
        "units": "FEETS",
        "value": 1000.0
      },
      "floor": {
        "origin": "GND",
        "units": "NONE",
        "value": 0.0
      }
    },
    "geometry": {
      "coordinates": [
        {
          "index": 0,
          "latitude": 48.7807,
          "longitude": 16.9369
        }
      ],
      "radius": 1481.6,
      "shape": "POINT"
    },
    "handle": 2884312312,
    "identification": "LKD3",
    "name": "BRECLAV",
    "note": {},
    "schedule": {},
    "sun": {
      "astronomicalDawn": "2021-03-15T03:38:00Z",
      "astronomicalDusk": "2021-03-15T16:27:00Z",
      "civilDawn": "2021-03-15T04:09:00Z",
      "civilDusk": "2021-03-15T15:55:00Z",
      "date": "2021-03-14T23:00:00Z"
    },
    "thumbprint": "4cd6d9529ec61f4b1d51ab0526944fd942ecf79dbec4b47587c4ac1fe52843ba"
  },
  {
    "elevationRange": {
      "ceiling": {
        "origin": "AGL",
        "units": "FEETS",
        "value": 1000.0
      },
      "floor": {
        "origin": "GND",
        "units": "NONE",
        "value": 0.0
      }
    },
    "geometry": {
      "coordinates": [
        {
          "index": 0,
          "latitude": 50.0169,
          "longitude": 14.9318
        }
      ],
      "radius": 1481.6,
      "shape": "POINT"
    },
    "handle": 1041627529,
    "identification": "LKD2",
    "name": "KOURIM",
    "note": {},
    "schedule": {},
    "sun": {
      "astronomicalDawn": "2021-03-15T03:45:00Z",
      "astronomicalDusk": "2021-03-15T16:35:00Z",
      "civilDawn": "2021-03-15T04:17:00Z",
      "civilDusk": "2021-03-15T16:03:00Z",
      "date": "2021-03-14T23:00:00Z"
    },
    "thumbprint": "99a0e93505281f9d44199e4209a53d033c8deb728bdf94697d0a90930694cd50"
  },
  {
    "elevationRange": {
      "ceiling": {
        "origin": "AGL",
        "units": "FEETS",
        "value": 1000.0
      },
      "floor": {
        "origin": "GND",
        "units": "NONE",
        "value": 0.0
      }
    },
    "geometry": {
      "coordinates": [
        {
          "index": 0,
          "latitude": 49.2188,
          "longitude": 16.2143
        }
      ],
      "radius": 1481.6,
      "shape": "POINT"
    },
    "handle": 737528368,
    "identification": "LKD1",
    "name": "KRALICE",
    "note": {},
    "schedule": {},
    "sun": {
      "astronomicalDawn": "2021-03-15T03:40:00Z",
      "astronomicalDusk": "2021-03-15T16:30:00Z",
      "civilDawn": "2021-03-15T04:12:00Z",
      "civilDusk": "2021-03-15T15:58:00Z",
      "date": "2021-03-14T23:00:00Z"
    },
    "thumbprint": "c39c8d747eee758c89d3720b0b48fde4c324e87b986ebcc1f5dbf83d1bde95c1"
  },
  {
    "elevationRange": {
      "ceiling": {
        "origin": "FL",
        "units": "FEETS",
        "value": 9500.0
      },
      "floor": {
        "origin": "GND",
        "units": "NONE",
        "value": 0.0
      }
    },
    "geometry": {
      "coordinates": [
        {
          "index": 0,
          "latitude": 50.6091,
          "longitude": 14.8429
        }
      ],
      "radius": 2500.2,
      "shape": "POINT"
    },
    "handle": 2284453635,
    "identification": "LKD7",
    "name": "STRAZISTE",
    "note": {},
    "schedule": {},
    "sun": {
      "astronomicalDawn": "2021-03-15T03:45:00Z",
      "astronomicalDusk": "2021-03-15T16:36:00Z",
      "civilDawn": "2021-03-15T04:18:00Z",
      "civilDusk": "2021-03-15T16:03:00Z",
      "date": "2021-03-14T23:00:00Z"
    },
    "thumbprint": "9513896b209c190b75be4eb1d70934830d46afac75274265a2f416b2cad6f58d"
  },
  {
    "elevationRange": {
      "ceiling": {
        "origin": "FL",
        "units": "FEETS",
        "value": 9500.0
      },
      "floor": {
        "origin": "GND",
        "units": "NONE",
        "value": 0.0
      }
    },
    "geometry": {
      "coordinates": [
        {
          "index": 0,
          "latitude": 49.7494,
          "longitude": 13.9119
        }
      ],
      "radius": 2778.0,
      "shape": "POINT"
    },
    "handle": 2194633001,
    "identification": "LKD9",
    "name": "BRDA",
    "note": {},
    "schedule": {},
    "sun": {
      "astronomicalDawn": "2021-03-15T03:49:00Z",
      "astronomicalDusk": "2021-03-15T16:39:00Z",
      "civilDawn": "2021-03-15T04:21:00Z",
      "civilDusk": "2021-03-15T16:07:00Z",
      "date": "2021-03-14T23:00:00Z"
    },
    "thumbprint": "a8e1436bc1bc3706045ac64b3d2936b7db75f051a0d6e9073f1f66e8194a1205"
  },
  {
    "elevationRange": {
      "ceiling": {
        "origin": "AGL",
        "units": "FEETS",
        "value": 1000.0
      },
      "floor": {
        "origin": "GND",
        "units": "NONE",
        "value": 0.0
      }
    },
    "geometry": {
      "coordinates": [
        {
          "index": 0,
          "latitude": 48.9019,
          "longitude": 16.6122
        },
        {
          "index": 1,
          "latitude": 48.8389,
          "longitude": 16.555
        },
        {
          "index": 2,
          "latitude": 48.8234,
          "longitude": 16.5942
        },
        {
          "index": 3,
          "latitude": 48.8864,
          "longitude": 16.6515
        },
        {
          "index": 4,
          "latitude": 48.9019,
          "longitude": 16.6122
        }
      ],
      "radius": 0.0,
      "shape": "POLYGON"
    },
    "handle": 2951897802,
    "identification": "LKD10",
    "name": "DOLNÍ DUNAJOVICE",
    "note": {},
    "schedule": {},
    "sun": {
      "astronomicalDawn": "2021-03-15T03:39:00Z",
      "astronomicalDusk": "2021-03-15T16:28:00Z",
      "civilDawn": "2021-03-15T04:10:00Z",
      "civilDusk": "2021-03-15T15:56:00Z",
      "date": "2021-03-14T23:00:00Z"
    },
    "thumbprint": "4c08858fabb583cd78aadd5382fd6f798cad7f2cafa20b31fbb66de1c9ffcd90"
  },
  {
    "elevationRange": {
      "ceiling": {
        "origin": "FL",
        "units": "FEETS",
        "value": 9500.0
      },
      "floor": {
        "origin": "GND",
        "units": "NONE",
        "value": 0.0
      }
    },
    "geometry": {
      "coordinates": [
        {
          "index": 0,
          "latitude": 49.6732,
          "longitude": 17.6015
        }
      ],
      "radius": 12964.0,
      "shape": "POINT"
    },
    "handle": 555565857,
    "identification": "LKD13",
    "name": "MILOVANY",
    "note": {},
    "schedule": {},
    "sun": {
      "astronomicalDawn": "2021-03-15T03:35:00Z",
      "astronomicalDusk": "2021-03-15T16:24:00Z",
      "civilDawn": "2021-03-15T04:07:00Z",
      "civilDusk": "2021-03-15T15:52:00Z",
      "date": "2021-03-14T23:00:00Z"
    },
    "thumbprint": "27e4c2a89037bd7e18a568b9fb640362b44850271571b3c0e9ce984051e23487"
  },
  {
    "elevationRange": {
      "ceiling": {
        "origin": "FL",
        "units": "FEETS",
        "value": 9500.0
      },
      "floor": {
        "origin": "GND",
        "units": "NONE",
        "value": 0.0
      }
    },
    "geometry": {
      "coordinates": [
        {
          "index": 0,
          "latitude": 48.8773,
          "longitude": 14.0716
        }
      ],
      "radius": 12964.0,
      "shape": "POINT"
    },
    "handle": 4235014987,
    "identification": "LKD11",
    "name": "CHLUM",
    "note": {},
    "schedule": {},
    "sun": {
      "astronomicalDawn": "2021-03-15T03:50:00Z",
      "astronomicalDusk": "2021-03-15T16:38:00Z",
      "civilDawn": "2021-03-15T04:21:00Z",
      "civilDusk": "2021-03-15T16:06:00Z",
      "date": "2021-03-14T23:00:00Z"
    },
    "thumbprint": "4025e5df656ed154e94e80d37d5808c7ad5d1ffc7af8f04441f781b2df814706"
  },
  {
    "elevationRange": {
      "ceiling": {
        "origin": "FL",
        "units": "FEETS",
        "value": 9500.0
      },
      "floor": {
        "origin": "GND",
        "units": "NONE",
        "value": 0.0
      }
    },
    "geometry": {
      "coordinates": [
        {
          "index": 0,
          "latitude": 50.3049,
          "longitude": 13.1403
        }
      ],
      "radius": 12964.0,
      "shape": "POINT"
    },
    "handle": 2944314687,
    "identification": "LKD14",
    "name": "LESNÁ",
    "note": {},
    "schedule": {},
    "sun": {
      "astronomicalDawn": "2021-03-15T03:53:00Z",
      "astronomicalDusk": "2021-03-15T16:42:00Z",
      "civilDawn": "2021-03-15T04:25:00Z",
      "civilDusk": "2021-03-15T16:09:00Z",
      "date": "2021-03-14T23:00:00Z"
    },
    "thumbprint": "fbada8530b7f06e7160d38d2eb5c82ec697d5b53085aacf3ed9531b962f2f66d"
  }
]