[
  {
    "elevationRange": {
      "ceiling": {
        "origin": "AGL",
        "units": "FEETS",
        "value": 1000.0
      },
      "floor": {
        "origin": "GND",
        "units": "NONE",
        "value": 0.0
      }
    },
    "geometry": {
      "coordinates": [
        {
          "index": 0,
          "latitude": 49.2188,
          "longitude": 16.2143
        }
      ],
      "radius": 1481.6,
      "shape": "POINT"
    },
    "handle": 3414828163,
    "identification": "LKD1",
    "name": "KRALICE",
    "note": {},
    "schedule": {},
    "sun": {
      "astronomicalDawn": "2021-02-03T04:52:00Z",
      "astronomicalDusk": "2021-02-03T15:27:00Z",
      "civilDawn": "2021-02-03T05:26:00Z",
      "civilDusk": "2021-02-03T14:53:00Z",
      "date": "2021-02-02T23:00:00Z"
    },
    "thumbprint": "66bc4a0f3dd02c0b141363b6d60de29f62a5e51c7f0711d72542d1af898e3721"
  },
  {
    "elevationRange": {
      "ceiling": {
        "origin": "FL",
        "units": "FEETS",
        "value": 9500.0
      },
      "floor": {
        "origin": "GND",
        "units": "NONE",
        "value": 0.0
      }
    },
    "geometry": {
      "coordinates": [
        {
          "index": 0,
          "latitude": 50.6091,
          "longitude": 14.8429
        }
      ],
      "radius": 2500.2,
      "shape": "POINT"
    },
    "handle": 206753319,
    "identification": "LKD7",
    "name": "STRAZISTE",
    "note": {},
    "schedule": {},
    "sun": {
      "astronomicalDawn": "2021-02-03T05:00:00Z",
      "astronomicalDusk": "2021-02-03T15:29:00Z",
      "civilDawn": "2021-02-03T05:36:00Z",
      "civilDusk": "2021-02-03T14:54:00Z",
      "date": "2021-02-02T23:00:00Z"
    },
    "thumbprint": "64521ef83d88bdaa7f992a5612569ee4f36aeb107950fbfe0b6ac5ab8f483b96"
  },
  {
    "elevationRange": {
      "ceiling": {
        "origin": "FL",
        "units": "FEETS",
        "value": 9500.0
      },
      "floor": {
        "origin": "GND",
        "units": "NONE",
        "value": 0.0
      }
    },
    "geometry": {
      "coordinates": [
        {
          "index": 0,
          "latitude": 49.7494,
          "longitude": 13.9119
        }
      ],
      "radius": 2778.0,
      "shape": "POINT"
    },
    "handle": 4062651483,
    "identification": "LKD9",
    "name": "BRDA",
    "note": {},
    "schedule": {},
    "sun": {
      "astronomicalDawn": "2021-02-03T05:02:00Z",
      "astronomicalDusk": "2021-02-03T15:35:00Z",
      "civilDawn": "2021-02-03T05:37:00Z",
      "civilDusk": "2021-02-03T15:00:00Z",
      "date": "2021-02-02T23:00:00Z"
    },
    "thumbprint": "2a53d275b19f406abd4c5719a1756254a37d52b3c40270cc5fe570d456e7488c"
  },
  {
    "elevationRange": {
      "ceiling": {
        "origin": "AGL",
        "units": "FEETS",
        "value": 1000.0
      },
      "floor": {
        "origin": "GND",
        "units": "NONE",
        "value": 0.0
      }
    },
    "geometry": {
      "coordinates": [
        {
          "index": 0,
          "latitude": 48.9019,
          "longitude": 16.6122
        },
        {
          "index": 1,
          "latitude": 48.8389,
          "longitude": 16.555
        },
        {
          "index": 2,
          "latitude": 48.8234,
          "longitude": 16.5942
        },
        {
          "index": 3,
          "latitude": 48.8864,
          "longitude": 16.6515
        },
        {
          "index": 4,
          "latitude": 48.9019,
          "longitude": 16.6122
        }
      ],
      "radius": 0.0,
      "shape": "POLYGON"
    },
    "handle": 3395004209,
    "identification": "LKD10",
    "name": "DOLNÍ DUNAJOVICE",
    "note": {},
    "schedule": {},
    "sun": {
      "astronomicalDawn": "2021-02-03T04:49:00Z",
      "astronomicalDusk": "2021-02-03T15:26:00Z",
      "civilDawn": "2021-02-03T05:23:00Z",
      "civilDusk": "2021-02-03T14:52:00Z",
      "date": "2021-02-02T23:00:00Z"
    },
    "thumbprint": "259d4e90b4489b0288c7da4253581751b8beff1cf7cb499784054828c86154a9"
  },
  {
    "elevationRange": {
      "ceiling": {
        "origin": "FL",
        "units": "FEETS",
        "value": 9500.0
      },
      "floor": {
        "origin": "GND",
        "units": "NONE",
        "value": 0.0
      }
    },
    "geometry": {
      "coordinates": [
        {
          "index": 0,
          "latitude": 49.6732,
          "longitude": 17.6015
        }
      ],
      "radius": 12964.0,
      "shape": "POINT"
    },
    "handle": 2140381086,
    "identification": "LKD13",
    "name": "MILOVANY",
    "note": {},
    "schedule": {},
    "sun": {
      "astronomicalDawn": "2021-02-03T04:48:00Z",
      "astronomicalDusk": "2021-02-03T15:20:00Z",
      "civilDawn": "2021-02-03T05:22:00Z",
      "civilDusk": "2021-02-03T14:45:00Z",
      "date": "2021-02-02T23:00:00Z"
    },
    "thumbprint": "d9b54e65f7a83f91f2c652a099a12971d36c464f1a6a71dffff5780d0fd37841"
  },
  {
    "elevationRange": {
      "ceiling": {
        "origin": "AGL",
        "units": "FEETS",
        "value": 1000.0
      },
      "floor": {
        "origin": "GND",
        "units": "NONE",
        "value": 0.0
      }
    },
    "geometry": {
      "coordinates": [
        {
          "index": 0,
          "latitude": 48.7807,
          "longitude": 16.9369
        }
      ],
      "radius": 1481.6,
      "shape": "POINT"
    },
    "handle": 4262466329,
    "identification": "LKD3",
    "name": "BRECLAV",
    "note": {},
    "schedule": {},
    "sun": {
      "astronomicalDawn": "2021-02-03T04:48:00Z",
      "astronomicalDusk": "2021-02-03T15:25:00Z",
      "civilDawn": "2021-02-03T05:22:00Z",
      "civilDusk": "2021-02-03T14:51:00Z",
      "date": "2021-02-02T23:00:00Z"
    },
    "thumbprint": "ac53efb21b9eddf809e515bde1c9f0971e91a1de3a58b09e992ace3216baf49c"
  },
  {
    "elevationRange": {
      "ceiling": {
        "origin": "AGL",
        "units": "FEETS",
        "value": 1000.0
      },
      "floor": {
        "origin": "GND",
        "units": "NONE",
        "value": 0.0
      }
    },
    "geometry": {
      "coordinates": [
        {
          "index": 0,
          "latitude": 50.0169,
          "longitude": 14.9318
        }
      ],
      "radius": 1481.6,
      "shape": "POINT"
    },
    "handle": 1432615148,
    "identification": "LKD2",
    "name": "KOURIM",
    "note": {},
    "schedule": {},
    "sun": {
      "astronomicalDawn": "2021-02-03T04:58:00Z",
      "astronomicalDusk": "2021-02-03T15:30:00Z",
      "civilDawn": "2021-02-03T05:33:00Z",
      "civilDusk": "2021-02-03T14:56:00Z",
      "date": "2021-02-02T23:00:00Z"
    },
    "thumbprint": "6f5884066c3e19f79aaaad5a1228a6e80020fb49d353dbcbb56c1b2a1826f66d"
  },
  {
    "elevationRange": {
      "ceiling": {
        "origin": "FL",
        "units": "FEETS",
        "value": 9500.0
      },
      "floor": {
        "origin": "GND",
        "units": "NONE",
        "value": 0.0
      }
    },
    "geometry": {
      "coordinates": [
        {
          "index": 0,
          "latitude": 48.8773,
          "longitude": 14.0716
        }
      ],
      "radius": 12964.0,
      "shape": "POINT"
    },
    "handle": 433374131,
    "identification": "LKD11",
    "name": "CHLUM",
    "note": {},
    "schedule": {},
    "sun": {
      "astronomicalDawn": "2021-02-03T05:00:00Z",
      "astronomicalDusk": "2021-02-03T15:36:00Z",
      "civilDawn": "2021-02-03T05:34:00Z",
      "civilDusk": "2021-02-03T15:02:00Z",
      "date": "2021-02-02T23:00:00Z"
    },
    "thumbprint": "520eaf3b1de6aedbfd2edae929ecfe26d38990395e8f3c8183bd7db10e5f0fbb"
  },
  {
    "elevationRange": {
      "ceiling": {
        "origin": "AGL",
        "units": "FEETS",
        "value": 1000.0
      },
      "floor": {
        "origin": "GND",
        "units": "NONE",
        "value": 0.0
      }
    },
    "geometry": {
      "coordinates": [
        {
          "index": 0,
          "latitude": 50.1203,
          "longitude": 14.5679
        }
      ],
      "radius": 555.6,
      "shape": "POINT"
    },
    "handle": 1133891323,
    "identification": "LKD4",
    "name": "SATALICE",
    "note": {},
    "schedule": {},
    "sun": {
      "astronomicalDawn": "2021-02-03T05:00:00Z",
      "astronomicalDusk": "2021-02-03T15:32:00Z",
      "civilDawn": "2021-02-03T05:35:00Z",
      "civilDusk": "2021-02-03T14:57:00Z",
      "date": "2021-02-02T23:00:00Z"
    },
    "thumbprint": "e6f591248ae7a2c53a3044e81290ace7fba34e122ff77864cc1726a20f7bfee8"
  },
  {
    "elevationRange": {
      "ceiling": {
        "origin": "AGL",
        "units": "FEETS",
        "value": 1000.0
      },
      "floor": {
        "origin": "GND",
        "units": "NONE",
        "value": 0.0
      }
    },
    "geometry": {
      "coordinates": [
        {
          "index": 0,
          "latitude": 49.2097,
          "longitude": 14.6826
        }
      ],
      "radius": 1481.6,
      "shape": "POINT"
    },
    "handle": 458108251,
    "identification": "LKD5",
    "name": "VESELI NAD LUŽNICÍ",
    "note": {},
    "schedule": {},
    "sun": {
      "astronomicalDawn": "2021-02-03T04:58:00Z",
      "astronomicalDusk": "2021-02-03T15:33:00Z",
      "civilDawn": "2021-02-03T05:32:00Z",
      "civilDusk": "2021-02-03T14:59:00Z",
      "date": "2021-02-02T23:00:00Z"
    },
    "thumbprint": "2963ae45b15fc8bb17001bf914d2e9b96efef1bf388181c23cfae56ad3433105"
  },
  {
    "elevationRange": {
      "ceiling": {
        "origin": "AGL",
        "units": "FEETS",
        "value": 1000.0
      },
      "floor": {
        "origin": "GND",
        "units": "NONE",
        "value": 0.0
      }
    },
    "geometry": {
      "coordinates": [
        {
          "index": 0,
          "latitude": 48.871,
          "longitude": 17.0294
        }
      ],
      "radius": 1481.6,
      "shape": "POINT"
    },
    "handle": 653052415,
    "identification": "LKD6",
    "name": "DOLNÍ BOJANOVICE",
    "note": {},
    "schedule": {},
    "sun": {
      "astronomicalDawn": "2021-02-03T04:48:00Z",
      "astronomicalDusk": "2021-02-03T15:24:00Z",
      "civilDawn": "2021-02-03T05:22:00Z",
      "civilDusk": "2021-02-03T14:51:00Z",
      "date": "2021-02-02T23:00:00Z"
    },
    "thumbprint": "9c239e982be5797adef4605b87eb8006f353fd62c9e34551a6f6dd9a7b457ae6"
  },
  {
    "elevationRange": {
      "ceiling": {
        "origin": "FL",
        "units": "FEETS",
        "value": 9500.0
      },
      "floor": {
        "origin": "GND",
        "units": "NONE",
        "value": 0.0
      }
    },
    "geometry": {
      "coordinates": [
        {
          "index": 0,
          "latitude": 50.3049,
          "longitude": 13.1403
        }
      ],
      "radius": 12964.0,
      "shape": "POINT"
    },
    "handle": 643704804,
    "identification": "LKD14",
    "name": "LESNÁ",
    "note": {},
    "schedule": {},
    "sun": {
      "astronomicalDawn": "2021-02-03T05:07:00Z",
      "astronomicalDusk": "2021-02-03T15:36:00Z",
      "civilDawn": "2021-02-03T05:42:00Z",
      "civilDusk": "2021-02-03T15:01:00Z",
      "date": "2021-02-02T23:00:00Z"
    },
    "thumbprint": "78e71fe4b18192246baccd9bef6aafb671509c9a5597bcdc03ef804bb03dbdc8"
  }
]