[
  {
    "elevationRange": {
      "ceiling": {
        "origin": "FL",
        "units": "FEETS",
        "value": 9500.0
      },
      "floor": {
        "origin": "GND",
        "units": "NONE",
        "value": 0.0
      }
    },
    "geometry": {
      "coordinates": [
        {
          "index": 0,
          "latitude": 50.6091,
          "longitude": 14.8429
        }
      ],
      "radius": 2500.2,
      "shape": "POINT"
    },
    "handle": 2258247568,
    "identification": "LKD7",
    "name": "STRAZISTE",
    "note": {},
    "schedule": {},
    "sun": {
      "astronomicalDawn": "2021-01-30T05:05:00Z",
      "astronomicalDusk": "2021-01-30T15:23:00Z",
      "civilDawn": "2021-01-30T05:41:00Z",
      "civilDusk": "2021-01-30T14:47:00Z",
      "date": "2021-01-29T23:00:00Z"
    },
    "thumbprint": "24924f39c8a40865cd5ef5eac5e84e7c575c0268df71d4032ff91786fe4ed1f5"
  },
  {
    "elevationRange": {
      "ceiling": {
        "origin": "FL",
        "units": "FEETS",
        "value": 9500.0
      },
      "floor": {
        "origin": "GND",
        "units": "NONE",
        "value": 0.0
      }
    },
    "geometry": {
      "coordinates": [
        {
          "index": 0,
          "latitude": 49.7494,
          "longitude": 13.9119
        }
      ],
      "radius": 2778.0,
      "shape": "POINT"
    },
    "handle": 4149235350,
    "identification": "LKD9",
    "name": "BRDA",
    "note": {},
    "schedule": {},
    "sun": {
      "astronomicalDawn": "2021-01-30T05:07:00Z",
      "astronomicalDusk": "2021-01-30T15:29:00Z",
      "civilDawn": "2021-01-30T05:42:00Z",
      "civilDusk": "2021-01-30T14:54:00Z",
      "date": "2021-01-29T23:00:00Z"
    },
    "thumbprint": "6c0d6288c99e6ee905e5f25e6e8e82a04aa1c68e6aad6d26c000da8c035b600f"
  },
  {
    "elevationRange": {
      "ceiling": {
        "origin": "FL",
        "units": "FEETS",
        "value": 9500.0
      },
      "floor": {
        "origin": "GND",
        "units": "NONE",
        "value": 0.0
      }
    },
    "geometry": {
      "coordinates": [
        {
          "index": 0,
          "latitude": 49.6732,
          "longitude": 17.6015
        }
      ],
      "radius": 12964.0,
      "shape": "POINT"
    },
    "handle": 2465529487,
    "identification": "LKD13",
    "name": "MILOVANY",
    "note": {},
    "schedule": {},
    "sun": {
      "astronomicalDawn": "2021-01-30T04:53:00Z",
      "astronomicalDusk": "2021-01-30T15:13:00Z",
      "civilDawn": "2021-01-30T05:28:00Z",
      "civilDusk": "2021-01-30T14:38:00Z",
      "date": "2021-01-29T23:00:00Z"
    },
    "thumbprint": "62dd04bb1eddcadce690bab8ce9a7b903d60322f1b73df7c9dfadafec7234398"
  },
  {
    "elevationRange": {
      "ceiling": {
        "origin": "FL",
        "units": "FEETS",
        "value": 9500.0
      },
      "floor": {
        "origin": "GND",
        "units": "NONE",
        "value": 0.0
      }
    },
    "geometry": {
      "coordinates": [
        {
          "index": 0,
          "latitude": 48.8773,
          "longitude": 14.0716
        }
      ],
      "radius": 12964.0,
      "shape": "POINT"
    },
    "handle": 2597408707,
    "identification": "LKD11",
    "name": "CHLUM",
    "note": {},
    "schedule": {},
    "sun": {
      "astronomicalDawn": "2021-01-30T05:05:00Z",
      "astronomicalDusk": "2021-01-30T15:29:00Z",
      "civilDawn": "2021-01-30T05:39:00Z",
      "civilDusk": "2021-01-30T14:55:00Z",
      "date": "2021-01-29T23:00:00Z"
    },
    "thumbprint": "b5e1325481196ed5bd1e054a3ebdd3eb41c0dd4f66683655d6162ffcb0227a22"
  },
  {
    "elevationRange": {
      "ceiling": {
        "origin": "AGL",
        "units": "FEETS",
        "value": 1000.0
      },
      "floor": {
        "origin": "GND",
        "units": "NONE",
        "value": 0.0
      }
    },
    "geometry": {
      "coordinates": [
        {
          "index": 0,
          "latitude": 50.1203,
          "longitude": 14.5679
        }
      ],
      "radius": 555.6,
      "shape": "POINT"
    },
    "handle": 3846417443,
    "identification": "LKD4",
    "name": "SATALICE",
    "note": {},
    "schedule": {},
    "sun": {
      "astronomicalDawn": "2021-01-30T05:05:00Z",
      "astronomicalDusk": "2021-01-30T15:25:00Z",
      "civilDawn": "2021-01-30T05:41:00Z",
      "civilDusk": "2021-01-30T14:50:00Z",
      "date": "2021-01-29T23:00:00Z"
    },
    "thumbprint": "eaefe3c215c155d8e346d4a4ba6a430f7209850075942d6486fb8c80f5c6c8de"
  },
  {
    "elevationRange": {
      "ceiling": {
        "origin": "AGL",
        "units": "FEETS",
        "value": 1000.0
      },
      "floor": {
        "origin": "GND",
        "units": "NONE",
        "value": 0.0
      }
    },
    "geometry": {
      "coordinates": [
        {
          "index": 0,
          "latitude": 49.2097,
          "longitude": 14.6826
        }
      ],
      "radius": 1481.6,
      "shape": "POINT"
    },
    "handle": 116540171,
    "identification": "LKD5",
    "name": "VESELI NAD LUŽNICÍ",
    "note": {},
    "schedule": {},
    "sun": {
      "astronomicalDawn": "2021-01-30T05:03:00Z",
      "astronomicalDusk": "2021-01-30T15:27:00Z",
      "civilDawn": "2021-01-30T05:37:00Z",
      "civilDusk": "2021-01-30T14:52:00Z",
      "date": "2021-01-29T23:00:00Z"
    },
    "thumbprint": "2f82003771754f7604f9e5e04a718b20bc3eae9895a4373298a9d8d30fdc0d91"
  },
  {
    "elevationRange": {
      "ceiling": {
        "origin": "AGL",
        "units": "FEETS",
        "value": 1000.0
      },
      "floor": {
        "origin": "GND",
        "units": "NONE",
        "value": 0.0
      }
    },
    "geometry": {
      "coordinates": [
        {
          "index": 0,
          "latitude": 48.871,
          "longitude": 17.0294
        }
      ],
      "radius": 1481.6,
      "shape": "POINT"
    },
    "handle": 109285602,
    "identification": "LKD6",
    "name": "DOLNÍ BOJANOVICE",
    "note": {},
    "schedule": {},
    "sun": {
      "astronomicalDawn": "2021-01-30T04:53:00Z",
      "astronomicalDusk": "2021-01-30T15:18:00Z",
      "civilDawn": "2021-01-30T05:27:00Z",
      "civilDusk": "2021-01-30T14:44:00Z",
      "date": "2021-01-29T23:00:00Z"
    },
    "thumbprint": "e5ee84407d4901f432bf6237cbe37bab187cc06ec9dbe5d75b2d090f350bc330"
  },
  {
    "elevationRange": {
      "ceiling": {
        "origin": "AGL",
        "units": "FEETS",
        "value": 1000.0
      },
      "floor": {
        "origin": "GND",
        "units": "NONE",
        "value": 0.0
      }
    },
    "geometry": {
      "coordinates": [
        {
          "index": 0,
          "latitude": 48.7807,
          "longitude": 16.9369
        }
      ],
      "radius": 1481.6,
      "shape": "POINT"
    },
    "handle": 1164030137,
    "identification": "LKD3",
    "name": "BRECLAV",
    "note": {},
    "schedule": {},
    "sun": {
      "astronomicalDawn": "2021-01-30T04:53:00Z",
      "astronomicalDusk": "2021-01-30T15:19:00Z",
      "civilDawn": "2021-01-30T05:27:00Z",
      "civilDusk": "2021-01-30T14:45:00Z",
      "date": "2021-01-29T23:00:00Z"
    },
    "thumbprint": "4d3a9f8453a3d9681eb2d2c257931542f732eeba3139e719f6fc815958cf38c9"
  },
  {
    "elevationRange": {
      "ceiling": {
        "origin": "AGL",
        "units": "FEETS",
        "value": 1000.0
      },
      "floor": {
        "origin": "GND",
        "units": "NONE",
        "value": 0.0
      }
    },
    "geometry": {
      "coordinates": [
        {
          "index": 0,
          "latitude": 50.0169,
          "longitude": 14.9318
        }
      ],
      "radius": 1481.6,
      "shape": "POINT"
    },
    "handle": 4292816037,
    "identification": "LKD2",
    "name": "KOURIM",
    "note": {},
    "schedule": {},
    "sun": {
      "astronomicalDawn": "2021-01-30T05:04:00Z",
      "astronomicalDusk": "2021-01-30T15:24:00Z",
      "civilDawn": "2021-01-30T05:39:00Z",
      "civilDusk": "2021-01-30T14:49:00Z",
      "date": "2021-01-29T23:00:00Z"
    },
    "thumbprint": "7c4370aa58b4ebaa71978aa8a02f1221425f20f2442d4fb05c72339f4cea90c7"
  },
  {
    "elevationRange": {
      "ceiling": {
        "origin": "AGL",
        "units": "FEETS",
        "value": 1000.0
      },
      "floor": {
        "origin": "GND",
        "units": "NONE",
        "value": 0.0
      }
    },
    "geometry": {
      "coordinates": [
        {
          "index": 0,
          "latitude": 49.2188,
          "longitude": 16.2143
        }
      ],
      "radius": 1481.6,
      "shape": "POINT"
    },
    "handle": 1313126767,
    "identification": "LKD1",
    "name": "KRALICE",
    "note": {},
    "schedule": {},
    "sun": {
      "astronomicalDawn": "2021-01-30T04:57:00Z",
      "astronomicalDusk": "2021-01-30T15:21:00Z",
      "civilDawn": "2021-01-30T05:31:00Z",
      "civilDusk": "2021-01-30T14:46:00Z",
      "date": "2021-01-29T23:00:00Z"
    },
    "thumbprint": "33d654bd338f245259ca310f1c7cfda229e484c7ea747d6d0ba8c12ac055c6b8"
  },
  {
    "elevationRange": {
      "ceiling": {
        "origin": "AGL",
        "units": "FEETS",
        "value": 1000.0
      },
      "floor": {
        "origin": "GND",
        "units": "NONE",
        "value": 0.0
      }
    },
    "geometry": {
      "coordinates": [
        {
          "index": 0,
          "latitude": 48.9019,
          "longitude": 16.6122
        },
        {
          "index": 1,
          "latitude": 48.8389,
          "longitude": 16.555
        },
        {
          "index": 2,
          "latitude": 48.8234,
          "longitude": 16.5942
        },
        {
          "index": 3,
          "latitude": 48.8864,
          "longitude": 16.6515
        },
        {
          "index": 4,
          "latitude": 48.9019,
          "longitude": 16.6122
        }
      ],
      "radius": 0.0,
      "shape": "POLYGON"
    },
    "handle": 128029265,
    "identification": "LKD10",
    "name": "DOLNÍ DUNAJOVICE",
    "note": {},
    "schedule": {},
    "sun": {
      "astronomicalDawn": "2021-01-30T04:54:00Z",
      "astronomicalDusk": "2021-01-30T15:20:00Z",
      "civilDawn": "2021-01-30T05:29:00Z",
      "civilDusk": "2021-01-30T14:46:00Z",
      "date": "2021-01-29T23:00:00Z"
    },
    "thumbprint": "02e4b0c8d9b45364ef2d73789136066bcfde18622b6fdf732ef6d31939ab9c93"
  },
  {
    "elevationRange": {
      "ceiling": {
        "origin": "FL",
        "units": "FEETS",
        "value": 9500.0
      },
      "floor": {
        "origin": "GND",
        "units": "NONE",
        "value": 0.0
      }
    },
    "geometry": {
      "coordinates": [
        {
          "index": 0,
          "latitude": 50.3049,
          "longitude": 13.1403
        }
      ],
      "radius": 12964.0,
      "shape": "POINT"
    },
    "handle": 642305675,
    "identification": "LKD14",
    "name": "LESNÁ",
    "note": {},
    "schedule": {},
    "sun": {
      "astronomicalDawn": "2021-01-30T05:12:00Z",
      "astronomicalDusk": "2021-01-30T15:30:00Z",
      "civilDawn": "2021-01-30T05:48:00Z",
      "civilDusk": "2021-01-30T14:54:00Z",
      "date": "2021-01-29T23:00:00Z"
    },
    "thumbprint": "6488e768686e1278904b1e8952c6bb4e8d000d9ac867542f03dbec53847b6ce9"
  }
]