[
  {
    "elevationRange": {
      "ceiling": {
        "origin": "AGL",
        "units": "FEETS",
        "value": 1000.0
      },
      "floor": {
        "origin": "GND",
        "units": "NONE",
        "value": 0.0
      }
    },
    "geometry": {
      "coordinates": [
        {
          "index": 0,
          "latitude": 48.7807,
          "longitude": 16.9369
        }
      ],
      "radius": 1481.6,
      "shape": "POINT"
    },
    "handle": 3601567746,
    "identification": "LKD3",
    "name": "BRECLAV",
    "note": {},
    "schedule": {},
    "sun": {
      "astronomicalDawn": "2021-01-09T05:08:00Z",
      "astronomicalDusk": "2021-01-09T14:50:00Z",
      "civilDawn": "2021-01-09T05:44:00Z",
      "civilDusk": "2021-01-09T14:14:00Z",
      "date": "2021-01-08T23:00:00Z"
    },
    "thumbprint": "300311f1e609c525bd2aa6f9bec45e5e70d7f06b48dce15416bf6e4603c280f1"
  },
  {
    "elevationRange": {
      "ceiling": {
        "origin": "AGL",
        "units": "FEETS",
        "value": 1000.0
      },
      "floor": {
        "origin": "GND",
        "units": "NONE",
        "value": 0.0
      }
    },
    "geometry": {
      "coordinates": [
        {
          "index": 0,
          "latitude": 50.1203,
          "longitude": 14.5679
        }
      ],
      "radius": 555.6,
      "shape": "POINT"
    },
    "handle": 2485418528,
    "identification": "LKD4",
    "name": "SATALICE",
    "note": {},
    "schedule": {},
    "sun": {
      "astronomicalDawn": "2021-01-09T05:22:00Z",
      "astronomicalDusk": "2021-01-09T14:56:00Z",
      "civilDawn": "2021-01-09T05:59:00Z",
      "civilDusk": "2021-01-09T14:18:00Z",
      "date": "2021-01-08T23:00:00Z"
    },
    "thumbprint": "46e672c01ec1c556bc334084a12984097a5debecb47695b854201c023a3bde66"
  },
  {
    "elevationRange": {
      "ceiling": {
        "origin": "AGL",
        "units": "FEETS",
        "value": 1000.0
      },
      "floor": {
        "origin": "GND",
        "units": "NONE",
        "value": 0.0
      }
    },
    "geometry": {
      "coordinates": [
        {
          "index": 0,
          "latitude": 49.2188,
          "longitude": 16.2143
        }
      ],
      "radius": 1481.6,
      "shape": "POINT"
    },
    "handle": 2800436186,
    "identification": "LKD1",
    "name": "KRALICE",
    "note": {},
    "schedule": {},
    "sun": {
      "astronomicalDawn": "2021-01-09T05:12:00Z",
      "astronomicalDusk": "2021-01-09T14:52:00Z",
      "civilDawn": "2021-01-09T05:49:00Z",
      "civilDusk": "2021-01-09T14:15:00Z",
      "date": "2021-01-08T23:00:00Z"
    },
    "thumbprint": "87ed3948955cec1e0731ba56584f190bc7eb818f1cf6187d921463587595ab27"
  },
  {
    "elevationRange": {
      "ceiling": {
        "origin": "FL",
        "units": "FEETS",
        "value": 9500.0
      },
      "floor": {
        "origin": "GND",
        "units": "NONE",
        "value": 0.0
      }
    },
    "geometry": {
      "coordinates": [
        {
          "index": 0,
          "latitude": 48.8773,
          "longitude": 14.0716
        }
      ],
      "radius": 12964.0,
      "shape": "POINT"
    },
    "handle": 1056287023,
    "identification": "LKD11",
    "name": "CHLUM",
    "note": {},
    "schedule": {},
    "sun": {
      "astronomicalDawn": "2021-01-09T05:20:00Z",
      "astronomicalDusk": "2021-01-09T15:01:00Z",
      "civilDawn": "2021-01-09T05:57:00Z",
      "civilDusk": "2021-01-09T14:24:00Z",
      "date": "2021-01-08T23:00:00Z"
    },
    "thumbprint": "862b79415f979bea3165cf10011dc99b23a455625e6531a5486285e9e48e0687"
  },
  {
    "elevationRange": {
      "ceiling": {
        "origin": "AGL",
        "units": "FEETS",
        "value": 1000.0
      },
      "floor": {
        "origin": "GND",
        "units": "NONE",
        "value": 0.0
      }
    },
    "geometry": {
      "coordinates": [
        {
          "index": 0,
          "latitude": 49.2097,
          "longitude": 14.6826
        }
      ],
      "radius": 1481.6,
      "shape": "POINT"
    },
    "handle": 1444360382,
    "identification": "LKD5",
    "name": "VESELI NAD LUŽNICÍ",
    "note": {},
    "schedule": {},
    "sun": {
      "astronomicalDawn": "2021-01-09T05:18:00Z",
      "astronomicalDusk": "2021-01-09T14:58:00Z",
      "civilDawn": "2021-01-09T05:55:00Z",
      "civilDusk": "2021-01-09T14:21:00Z",
      "date": "2021-01-08T23:00:00Z"
    },
    "thumbprint": "2bd7eac32ad8dedcf0a581519d152775f1b0ef3d7e8fde3330bd026117e9c7b1"
  },
  {
    "elevationRange": {
      "ceiling": {
        "origin": "FL",
        "units": "FEETS",
        "value": 9500.0
      },
      "floor": {
        "origin": "GND",
        "units": "NONE",
        "value": 0.0
      }
    },
    "geometry": {
      "coordinates": [
        {
          "index": 0,
          "latitude": 49.6732,
          "longitude": 17.6015
        }
      ],
      "radius": 12964.0,
      "shape": "POINT"
    },
    "handle": 3677542390,
    "identification": "LKD13",
    "name": "MILOVANY",
    "note": {},
    "schedule": {},
    "sun": {
      "astronomicalDawn": "2021-01-09T05:09:00Z",
      "astronomicalDusk": "2021-01-09T14:44:00Z",
      "civilDawn": "2021-01-09T05:46:00Z",
      "civilDusk": "2021-01-09T14:07:00Z",
      "date": "2021-01-08T23:00:00Z"
    },
    "thumbprint": "8d7b431563f4b890859edcff5534d347c8eba81ca4b049ae70375b17a826f881"
  },
  {
    "elevationRange": {
      "ceiling": {
        "origin": "AGL",
        "units": "FEETS",
        "value": 1000.0
      },
      "floor": {
        "origin": "GND",
        "units": "NONE",
        "value": 0.0
      }
    },
    "geometry": {
      "coordinates": [
        {
          "index": 0,
          "latitude": 48.9019,
          "longitude": 16.6122
        },
        {
          "index": 1,
          "latitude": 48.8389,
          "longitude": 16.555
        },
        {
          "index": 2,
          "latitude": 48.8234,
          "longitude": 16.5942
        },
        {
          "index": 3,
          "latitude": 48.8864,
          "longitude": 16.6515
        },
        {
          "index": 4,
          "latitude": 48.9019,
          "longitude": 16.6122
        }
      ],
      "radius": 0.0,
      "shape": "POLYGON"
    },
    "handle": 1149261422,
    "identification": "LKD10",
    "name": "DOLNÍ DUNAJOVICE",
    "note": {},
    "schedule": {},
    "sun": {
      "astronomicalDawn": "2021-01-09T05:10:00Z",
      "astronomicalDusk": "2021-01-09T14:51:00Z",
      "civilDawn": "2021-01-09T05:46:00Z",
      "civilDusk": "2021-01-09T14:15:00Z",
      "date": "2021-01-08T23:00:00Z"
    },
    "thumbprint": "35e954e3725c38793e4ab2f3a36b6c3f85e2e6e754f456ee6aec61ff9b8160af"
  },
  {
    "elevationRange": {
      "ceiling": {
        "origin": "FL",
        "units": "FEETS",
        "value": 9500.0
      },
      "floor": {
        "origin": "GND",
        "units": "NONE",
        "value": 0.0
      }
    },
    "geometry": {
      "coordinates": [
        {
          "index": 0,
          "latitude": 50.6091,
          "longitude": 14.8429
        }
      ],
      "radius": 2500.2,
      "shape": "POINT"
    },
    "handle": 1625441359,
    "identification": "LKD7",
    "name": "STRAZISTE",
    "note": {},
    "schedule": {},
    "sun": {
      "astronomicalDawn": "2021-01-09T05:22:00Z",
      "astronomicalDusk": "2021-01-09T14:53:00Z",
      "civilDawn": "2021-01-09T06:01:00Z",
      "civilDusk": "2021-01-09T14:14:00Z",
      "date": "2021-01-08T23:00:00Z"
    },
    "thumbprint": "b5bb933596c8688e2d4f1d80867559ddbaaaf30bc5886ad3198f0a61c8f71d9f"
  },
  {
    "elevationRange": {
      "ceiling": {
        "origin": "FL",
        "units": "FEETS",
        "value": 9500.0
      },
      "floor": {
        "origin": "GND",
        "units": "NONE",
        "value": 0.0
      }
    },
    "geometry": {
      "coordinates": [
        {
          "index": 0,
          "latitude": 49.7494,
          "longitude": 13.9119
        }
      ],
      "radius": 2778.0,
      "shape": "POINT"
    },
    "handle": 3478240313,
    "identification": "LKD9",
    "name": "BRDA",
    "note": {},
    "schedule": {},
    "sun": {
      "astronomicalDawn": "2021-01-09T05:23:00Z",
      "astronomicalDusk": "2021-01-09T14:59:00Z",
      "civilDawn": "2021-01-09T06:01:00Z",
      "civilDusk": "2021-01-09T14:22:00Z",
      "date": "2021-01-08T23:00:00Z"
    },
    "thumbprint": "3d8bb0d08565f9205d22a525c8f9a2b1df660ab46bf6c57fb01fba2fee7ffe71"
  },
  {
    "elevationRange": {
      "ceiling": {
        "origin": "AGL",
        "units": "FEETS",
        "value": 1000.0
      },
      "floor": {
        "origin": "GND",
        "units": "NONE",
        "value": 0.0
      }
    },
    "geometry": {
      "coordinates": [
        {
          "index": 0,
          "latitude": 48.871,
          "longitude": 17.0294
        }
      ],
      "radius": 1481.6,
      "shape": "POINT"
    },
    "handle": 735563226,
    "identification": "LKD6",
    "name": "DOLNÍ BOJANOVICE",
    "note": {},
    "schedule": {},
    "sun": {
      "astronomicalDawn": "2021-01-09T05:08:00Z",
      "astronomicalDusk": "2021-01-09T14:50:00Z",
      "civilDawn": "2021-01-09T05:44:00Z",
      "civilDusk": "2021-01-09T14:13:00Z",
      "date": "2021-01-08T23:00:00Z"
    },
    "thumbprint": "68f28e06700c2f21cdd39ce92559767774fddbaf828c42575ea9725e66235c91"
  },
  {
    "elevationRange": {
      "ceiling": {
        "origin": "FL",
        "units": "FEETS",
        "value": 9500.0
      },
      "floor": {
        "origin": "GND",
        "units": "NONE",
        "value": 0.0
      }
    },
    "geometry": {
      "coordinates": [
        {
          "index": 0,
          "latitude": 50.3049,
          "longitude": 13.1403
        }
      ],
      "radius": 12964.0,
      "shape": "POINT"
    },
    "handle": 3786299110,
    "identification": "LKD14",
    "name": "LESNÁ",
    "note": {},
    "schedule": {},
    "sun": {
      "astronomicalDawn": "2021-01-09T05:29:00Z",
      "astronomicalDusk": "2021-01-09T15:00:00Z",
      "civilDawn": "2021-01-09T06:07:00Z",
      "civilDusk": "2021-01-09T14:22:00Z",
      "date": "2021-01-08T23:00:00Z"
    },
    "thumbprint": "37cc8ca185bea58a054798ba8969ee9345c65686157757609951bcf1819d3bba"
  },
  {
    "elevationRange": {
      "ceiling": {
        "origin": "AGL",
        "units": "FEETS",
        "value": 1000.0
      },
      "floor": {
        "origin": "GND",
        "units": "NONE",
        "value": 0.0
      }
    },
    "geometry": {
      "coordinates": [
        {
          "index": 0,
          "latitude": 50.0169,
          "longitude": 14.9318
        }
      ],
      "radius": 1481.6,
      "shape": "POINT"
    },
    "handle": 522264152,
    "identification": "LKD2",
    "name": "KOURIM",
    "note": {},
    "schedule": {},
    "sun": {
      "astronomicalDawn": "2021-01-09T05:20:00Z",
      "astronomicalDusk": "2021-01-09T14:54:00Z",
      "civilDawn": "2021-01-09T05:58:00Z",
      "civilDusk": "2021-01-09T14:17:00Z",
      "date": "2021-01-08T23:00:00Z"
    },
    "thumbprint": "9821cbfd198835b82af628c82119dc4869b6ac8b3d25f8746cf32e44dc9959f9"
  }
]