[
  {
    "elevationRange": {
      "ceiling": {
        "origin": "AGL",
        "units": "FEETS",
        "value": 1000.0
      },
      "floor": {
        "origin": "GND",
        "units": "NONE",
        "value": 0.0
      }
    },
    "geometry": {
      "coordinates": [
        {
          "index": 0,
          "latitude": 49.2097,
          "longitude": 14.6826
        }
      ],
      "radius": 1481.6,
      "shape": "POINT"
    },
    "handle": 2546495845,
    "identification": "LKD5",
    "name": "VESELI NAD LUŽNICÍ",
    "note": {},
    "schedule": {},
    "sun": {
      "astronomicalDawn": "2020-12-27T05:18:00Z",
      "astronomicalDusk": "2020-12-27T14:46:00Z",
      "civilDawn": "2020-12-27T05:56:00Z",
      "civilDusk": "2020-12-27T14:09:00Z",
      "date": "2020-12-26T23:00:00Z"
    },
    "thumbprint": "1e669d2228285b173f9ea5726b6d20089c54c2d66460215d81bbeab2a52734ec"
  },
  {
    "elevationRange": {
      "ceiling": {
        "origin": "FL",
        "units": "FEETS",
        "value": 9500.0
      },
      "floor": {
        "origin": "GND",
        "units": "NONE",
        "value": 0.0
      }
    },
    "geometry": {
      "coordinates": [
        {
          "index": 0,
          "latitude": 50.6091,
          "longitude": 14.8429
        }
      ],
      "radius": 2500.2,
      "shape": "POINT"
    },
    "handle": 439514875,
    "identification": "LKD7",
    "name": "STRAZISTE",
    "note": {},
    "schedule": {},
    "sun": {
      "astronomicalDawn": "2020-12-27T05:23:00Z",
      "astronomicalDusk": "2020-12-27T14:41:00Z",
      "civilDawn": "2020-12-27T06:02:00Z",
      "civilDusk": "2020-12-27T14:02:00Z",
      "date": "2020-12-26T23:00:00Z"
    },
    "thumbprint": "798e7d579b25397b46b2585ac2aaa428e4b0ba1128457d7266653a569c4e4092"
  },
  {
    "elevationRange": {
      "ceiling": {
        "origin": "AGL",
        "units": "FEETS",
        "value": 1000.0
      },
      "floor": {
        "origin": "GND",
        "units": "NONE",
        "value": 0.0
      }
    },
    "geometry": {
      "coordinates": [
        {
          "index": 0,
          "latitude": 48.9019,
          "longitude": 16.6122
        },
        {
          "index": 1,
          "latitude": 48.8389,
          "longitude": 16.555
        },
        {
          "index": 2,
          "latitude": 48.8234,
          "longitude": 16.5942
        },
        {
          "index": 3,
          "latitude": 48.8864,
          "longitude": 16.6515
        },
        {
          "index": 4,
          "latitude": 48.9019,
          "longitude": 16.6122
        }
      ],
      "radius": 0.0,
      "shape": "POLYGON"
    },
    "handle": 3809220918,
    "identification": "LKD10",
    "name": "DOLNÍ DUNAJOVICE",
    "note": {},
    "schedule": {},
    "sun": {
      "astronomicalDawn": "2020-12-27T05:09:00Z",
      "astronomicalDusk": "2020-12-27T14:40:00Z",
      "civilDawn": "2020-12-27T05:47:00Z",
      "civilDusk": "2020-12-27T14:02:00Z",
      "date": "2020-12-26T23:00:00Z"
    },
    "thumbprint": "280c668d7297fc10bc6c64b934d1ae9f0f45592d06a437db1bc1d0e225eff52d"
  },
  {
    "elevationRange": {
      "ceiling": {
        "origin": "AGL",
        "units": "FEETS",
        "value": 1000.0
      },
      "floor": {
        "origin": "GND",
        "units": "NONE",
        "value": 0.0
      }
    },
    "geometry": {
      "coordinates": [
        {
          "index": 0,
          "latitude": 50.0169,
          "longitude": 14.9318
        }
      ],
      "radius": 1481.6,
      "shape": "POINT"
    },
    "handle": 4034102524,
    "identification": "LKD2",
    "name": "KOURIM",
    "note": {},
    "schedule": {},
    "sun": {
      "astronomicalDawn": "2020-12-27T05:20:00Z",
      "astronomicalDusk": "2020-12-27T14:42:00Z",
      "civilDawn": "2020-12-27T05:59:00Z",
      "civilDusk": "2020-12-27T14:04:00Z",
      "date": "2020-12-26T23:00:00Z"
    },
    "thumbprint": "d7bc966488ee724013fabf5cd2c442b7f393c3534bc8f23ee7edba17a1cb4410"
  },
  {
    "elevationRange": {
      "ceiling": {
        "origin": "AGL",
        "units": "FEETS",
        "value": 1000.0
      },
      "floor": {
        "origin": "GND",
        "units": "NONE",
        "value": 0.0
      }
    },
    "geometry": {
      "coordinates": [
        {
          "index": 0,
          "latitude": 49.2188,
          "longitude": 16.2143
        }
      ],
      "radius": 1481.6,
      "shape": "POINT"
    },
    "handle": 3226346171,
    "identification": "LKD1",
    "name": "KRALICE",
    "note": {},
    "schedule": {},
    "sun": {
      "astronomicalDawn": "2020-12-27T05:12:00Z",
      "astronomicalDusk": "2020-12-27T14:40:00Z",
      "civilDawn": "2020-12-27T05:50:00Z",
      "civilDusk": "2020-12-27T14:03:00Z",
      "date": "2020-12-26T23:00:00Z"
    },
    "thumbprint": "09635717b9514a484e3e9dff2e18ce8cc421f6c51582a9a8d959c8f32c970a8e"
  },
  {
    "elevationRange": {
      "ceiling": {
        "origin": "AGL",
        "units": "FEETS",
        "value": 1000.0
      },
      "floor": {
        "origin": "GND",
        "units": "NONE",
        "value": 0.0
      }
    },
    "geometry": {
      "coordinates": [
        {
          "index": 0,
          "latitude": 48.871,
          "longitude": 17.0294
        }
      ],
      "radius": 1481.6,
      "shape": "POINT"
    },
    "handle": 1348892992,
    "identification": "LKD6",
    "name": "DOLNÍ BOJANOVICE",
    "note": {},
    "schedule": {},
    "sun": {
      "astronomicalDawn": "2020-12-27T05:08:00Z",
      "astronomicalDusk": "2020-12-27T14:38:00Z",
      "civilDawn": "2020-12-27T05:45:00Z",
      "civilDusk": "2020-12-27T14:01:00Z",
      "date": "2020-12-26T23:00:00Z"
    },
    "thumbprint": "9b24b1ba4b913676a115e6416361447413e29c3288a236fdb2830addc9a523ab"
  },
  {
    "elevationRange": {
      "ceiling": {
        "origin": "FL",
        "units": "FEETS",
        "value": 9500.0
      },
      "floor": {
        "origin": "GND",
        "units": "NONE",
        "value": 0.0
      }
    },
    "geometry": {
      "coordinates": [
        {
          "index": 0,
          "latitude": 50.3049,
          "longitude": 13.1403
        }
      ],
      "radius": 12964.0,
      "shape": "POINT"
    },
    "handle": 1434073476,
    "identification": "LKD14",
    "name": "LESNÁ",
    "note": {},
    "schedule": {},
    "sun": {
      "astronomicalDawn": "2020-12-27T05:29:00Z",
      "astronomicalDusk": "2020-12-27T14:48:00Z",
      "civilDawn": "2020-12-27T06:08:00Z",
      "civilDusk": "2020-12-27T14:09:00Z",
      "date": "2020-12-26T23:00:00Z"
    },
    "thumbprint": "3df434163a5281ebc80752a2a38c37c43819f98195e393a717f5dcd9213569e7"
  },
  {
    "elevationRange": {
      "ceiling": {
        "origin": "AGL",
        "units": "FEETS",
        "value": 1000.0
      },
      "floor": {
        "origin": "GND",
        "units": "NONE",
        "value": 0.0
      }
    },
    "geometry": {
      "coordinates": [
        {
          "index": 0,
          "latitude": 50.1203,
          "longitude": 14.5679
        }
      ],
      "radius": 555.6,
      "shape": "POINT"
    },
    "handle": 376948704,
    "identification": "LKD4",
    "name": "SATALICE",
    "note": {},
    "schedule": {},
    "sun": {
      "astronomicalDawn": "2020-12-27T05:22:00Z",
      "astronomicalDusk": "2020-12-27T14:44:00Z",
      "civilDawn": "2020-12-27T06:00:00Z",
      "civilDusk": "2020-12-27T14:05:00Z",
      "date": "2020-12-26T23:00:00Z"
    },
    "thumbprint": "d95ff26800a014835256c7818101557e9800c5d53616041e11b02e99aa0252e4"
  },
  {
    "elevationRange": {
      "ceiling": {
        "origin": "FL",
        "units": "FEETS",
        "value": 9500.0
      },
      "floor": {
        "origin": "GND",
        "units": "NONE",
        "value": 0.0
      }
    },
    "geometry": {
      "coordinates": [
        {
          "index": 0,
          "latitude": 48.8773,
          "longitude": 14.0716
        }
      ],
      "radius": 12964.0,
      "shape": "POINT"
    },
    "handle": 2303872221,
    "identification": "LKD11",
    "name": "CHLUM",
    "note": {},
    "schedule": {},
    "sun": {
      "astronomicalDawn": "2020-12-27T05:20:00Z",
      "astronomicalDusk": "2020-12-27T14:49:00Z",
      "civilDawn": "2020-12-27T05:58:00Z",
      "civilDusk": "2020-12-27T14:12:00Z",
      "date": "2020-12-26T23:00:00Z"
    },
    "thumbprint": "0226c92d7a4dea3706c7fc8ebedabede9e9a82800677e1e01e3cfb0ba78beada"
  },
  {
    "elevationRange": {
      "ceiling": {
        "origin": "FL",
        "units": "FEETS",
        "value": 9500.0
      },
      "floor": {
        "origin": "GND",
        "units": "NONE",
        "value": 0.0
      }
    },
    "geometry": {
      "coordinates": [
        {
          "index": 0,
          "latitude": 49.7494,
          "longitude": 13.9119
        }
      ],
      "radius": 2778.0,
      "shape": "POINT"
    },
    "handle": 1463474721,
    "identification": "LKD9",
    "name": "BRDA",
    "note": {},
    "schedule": {},
    "sun": {
      "astronomicalDawn": "2020-12-27T05:23:00Z",
      "astronomicalDusk": "2020-12-27T14:47:00Z",
      "civilDawn": "2020-12-27T06:01:00Z",
      "civilDusk": "2020-12-27T14:09:00Z",
      "date": "2020-12-26T23:00:00Z"
    },
    "thumbprint": "b66a78d5a00ba47e1cd643dc867aabbf34de39c73f3212804dd4bfca0604f341"
  },
  {
    "elevationRange": {
      "ceiling": {
        "origin": "FL",
        "units": "FEETS",
        "value": 9500.0
      },
      "floor": {
        "origin": "GND",
        "units": "NONE",
        "value": 0.0
      }
    },
    "geometry": {
      "coordinates": [
        {
          "index": 0,
          "latitude": 49.6732,
          "longitude": 17.6015
        }
      ],
      "radius": 12964.0,
      "shape": "POINT"
    },
    "handle": 2859816985,
    "identification": "LKD13",
    "name": "MILOVANY",
    "note": {},
    "schedule": {},
    "sun": {
      "astronomicalDawn": "2020-12-27T05:09:00Z",
      "astronomicalDusk": "2020-12-27T14:32:00Z",
      "civilDawn": "2020-12-27T05:47:00Z",
      "civilDusk": "2020-12-27T13:54:00Z",
      "date": "2020-12-26T23:00:00Z"
    },
    "thumbprint": "f3bd6373dfc4cd7bceb232f72773276cb0fcf38d9835b327255e4727d50f74a4"
  },
  {
    "elevationRange": {
      "ceiling": {
        "origin": "AGL",
        "units": "FEETS",
        "value": 1000.0
      },
      "floor": {
        "origin": "GND",
        "units": "NONE",
        "value": 0.0
      }
    },
    "geometry": {
      "coordinates": [
        {
          "index": 0,
          "latitude": 48.7807,
          "longitude": 16.9369
        }
      ],
      "radius": 1481.6,
      "shape": "POINT"
    },
    "handle": 3320953892,
    "identification": "LKD3",
    "name": "BRECLAV",
    "note": {},
    "schedule": {},
    "sun": {
      "astronomicalDawn": "2020-12-27T05:08:00Z",
      "astronomicalDusk": "2020-12-27T14:39:00Z",
      "civilDawn": "2020-12-27T05:45:00Z",
      "civilDusk": "2020-12-27T14:02:00Z",
      "date": "2020-12-26T23:00:00Z"
    },
    "thumbprint": "df90ec064094011c843537c42f1fe8345403323419d98ef8220beac55b771271"
  }
]