[
  {
    "elevationRange": {
      "ceiling": {
        "origin": "AGL",
        "units": "FEETS",
        "value": 1000.0
      },
      "floor": {
        "origin": "GND",
        "units": "NONE",
        "value": 0.0
      }
    },
    "geometry": {
      "coordinates": [
        {
          "index": 0,
          "latitude": 50.1203,
          "longitude": 14.5679
        }
      ],
      "radius": 555.6,
      "shape": "POINT"
    },
    "handle": 444763813,
    "identification": "LKD4",
    "name": "SATALICE",
    "note": {},
    "schedule": {},
    "sun": {
      "astronomicalDawn": "2021-02-16T04:40:00Z",
      "astronomicalDusk": "2021-02-16T15:53:00Z",
      "civilDawn": "2021-02-16T05:14:00Z",
      "civilDusk": "2021-02-16T15:19:00Z",
      "date": "2021-02-15T23:00:00Z"
    },
    "thumbprint": "759fab2acc667919603ff88389f64dbe12cf3e19497b239724ba19853709cc22"
  },
  {
    "elevationRange": {
      "ceiling": {
        "origin": "AGL",
        "units": "FEETS",
        "value": 1000.0
      },
      "floor": {
        "origin": "GND",
        "units": "NONE",
        "value": 0.0
      }
    },
    "geometry": {
      "coordinates": [
        {
          "index": 0,
          "latitude": 49.2097,
          "longitude": 14.6826
        }
      ],
      "radius": 1481.6,
      "shape": "POINT"
    },
    "handle": 3152448588,
    "identification": "LKD5",
    "name": "VESELI NAD LUŽNICÍ",
    "note": {},
    "schedule": {},
    "sun": {
      "astronomicalDawn": "2021-02-16T04:38:00Z",
      "astronomicalDusk": "2021-02-16T15:54:00Z",
      "civilDawn": "2021-02-16T05:11:00Z",
      "civilDusk": "2021-02-16T15:21:00Z",
      "date": "2021-02-15T23:00:00Z"
    },
    "thumbprint": "0b72ffb5c94e7bef97b37a8597a85b84145d0fa1a8b3b41f03fff0ccc063c3b4"
  },
  {
    "elevationRange": {
      "ceiling": {
        "origin": "AGL",
        "units": "FEETS",
        "value": 1000.0
      },
      "floor": {
        "origin": "GND",
        "units": "NONE",
        "value": 0.0
      }
    },
    "geometry": {
      "coordinates": [
        {
          "index": 0,
          "latitude": 48.871,
          "longitude": 17.0294
        }
      ],
      "radius": 1481.6,
      "shape": "POINT"
    },
    "handle": 2966035589,
    "identification": "LKD6",
    "name": "DOLNÍ BOJANOVICE",
    "note": {},
    "schedule": {},
    "sun": {
      "astronomicalDawn": "2021-02-16T04:28:00Z",
      "astronomicalDusk": "2021-02-16T15:45:00Z",
      "civilDawn": "2021-02-16T05:01:00Z",
      "civilDusk": "2021-02-16T15:12:00Z",
      "date": "2021-02-15T23:00:00Z"
    },
    "thumbprint": "f8171334c227e50a5235ddff484b9348b3b082479b0e1eb794ac90451a391292"
  },
  {
    "elevationRange": {
      "ceiling": {
        "origin": "AGL",
        "units": "FEETS",
        "value": 1000.0
      },
      "floor": {
        "origin": "GND",
        "units": "NONE",
        "value": 0.0
      }
    },
    "geometry": {
      "coordinates": [
        {
          "index": 0,
          "latitude": 48.7807,
          "longitude": 16.9369
        }
      ],
      "radius": 1481.6,
      "shape": "POINT"
    },
    "handle": 993305645,
    "identification": "LKD3",
    "name": "BRECLAV",
    "note": {},
    "schedule": {},
    "sun": {
      "astronomicalDawn": "2021-02-16T04:29:00Z",
      "astronomicalDusk": "2021-02-16T15:45:00Z",
      "civilDawn": "2021-02-16T05:01:00Z",
      "civilDusk": "2021-02-16T15:13:00Z",
      "date": "2021-02-15T23:00:00Z"
    },
    "thumbprint": "ba07d8176c2f51ba81b0a73603e34b424fea6ce5ace08817564aa6dd35083c3d"
  },
  {
    "elevationRange": {
      "ceiling": {
        "origin": "AGL",
        "units": "FEETS",
        "value": 1000.0
      },
      "floor": {
        "origin": "GND",
        "units": "NONE",
        "value": 0.0
      }
    },
    "geometry": {
      "coordinates": [
        {
          "index": 0,
          "latitude": 50.0169,
          "longitude": 14.9318
        }
      ],
      "radius": 1481.6,
      "shape": "POINT"
    },
    "handle": 3420318294,
    "identification": "LKD2",
    "name": "KOURIM",
    "note": {},
    "schedule": {},
    "sun": {
      "astronomicalDawn": "2021-02-16T04:38:00Z",
      "astronomicalDusk": "2021-02-16T15:51:00Z",
      "civilDawn": "2021-02-16T05:12:00Z",
      "civilDusk": "2021-02-16T15:18:00Z",
      "date": "2021-02-15T23:00:00Z"
    },
    "thumbprint": "48627e27693a9d9ac4b50106a67097e946da168567293b93349eb5e2c80711ac"
  },
  {
    "elevationRange": {
      "ceiling": {
        "origin": "AGL",
        "units": "FEETS",
        "value": 1000.0
      },
      "floor": {
        "origin": "GND",
        "units": "NONE",
        "value": 0.0
      }
    },
    "geometry": {
      "coordinates": [
        {
          "index": 0,
          "latitude": 49.2188,
          "longitude": 16.2143
        }
      ],
      "radius": 1481.6,
      "shape": "POINT"
    },
    "handle": 459280375,
    "identification": "LKD1",
    "name": "KRALICE",
    "note": {},
    "schedule": {},
    "sun": {
      "astronomicalDawn": "2021-02-16T04:32:00Z",
      "astronomicalDusk": "2021-02-16T15:47:00Z",
      "civilDawn": "2021-02-16T05:05:00Z",
      "civilDusk": "2021-02-16T15:15:00Z",
      "date": "2021-02-15T23:00:00Z"
    },
    "thumbprint": "4d22b571e495ea904767c1973e46429719a87c4ac83a33b0ad9164f4217c4323"
  },
  {
    "elevationRange": {
      "ceiling": {
        "origin": "FL",
        "units": "FEETS",
        "value": 9500.0
      },
      "floor": {
        "origin": "GND",
        "units": "NONE",
        "value": 0.0
      }
    },
    "geometry": {
      "coordinates": [
        {
          "index": 0,
          "latitude": 50.6091,
          "longitude": 14.8429
        }
      ],
      "radius": 2500.2,
      "shape": "POINT"
    },
    "handle": 608530705,
    "identification": "LKD7",
    "name": "STRAZISTE",
    "note": {},
    "schedule": {},
    "sun": {
      "astronomicalDawn": "2021-02-16T04:40:00Z",
      "astronomicalDusk": "2021-02-16T15:51:00Z",
      "civilDawn": "2021-02-16T05:14:00Z",
      "civilDusk": "2021-02-16T15:17:00Z",
      "date": "2021-02-15T23:00:00Z"
    },
    "thumbprint": "8d388f72280250e82a38237e9b2d1427974f4fcb80365b4b34c1de7a9c0d621f"
  },
  {
    "elevationRange": {
      "ceiling": {
        "origin": "FL",
        "units": "FEETS",
        "value": 9500.0
      },
      "floor": {
        "origin": "GND",
        "units": "NONE",
        "value": 0.0
      }
    },
    "geometry": {
      "coordinates": [
        {
          "index": 0,
          "latitude": 49.7494,
          "longitude": 13.9119
        }
      ],
      "radius": 2778.0,
      "shape": "POINT"
    },
    "handle": 3558122870,
    "identification": "LKD9",
    "name": "BRDA",
    "note": {},
    "schedule": {},
    "sun": {
      "astronomicalDawn": "2021-02-16T04:42:00Z",
      "astronomicalDusk": "2021-02-16T15:56:00Z",
      "civilDawn": "2021-02-16T05:15:00Z",
      "civilDusk": "2021-02-16T15:23:00Z",
      "date": "2021-02-15T23:00:00Z"
    },
    "thumbprint": "0ed62e903a64d1aefe7086a469245cca8ffc8ba40fa19b86a89d8a7463f410f1"
  },
  {
    "elevationRange": {
      "ceiling": {
        "origin": "AGL",
        "units": "FEETS",
        "value": 1000.0
      },
      "floor": {
        "origin": "GND",
        "units": "NONE",
        "value": 0.0
      }
    },
    "geometry": {
      "coordinates": [
        {
          "index": 0,
          "latitude": 48.9019,
          "longitude": 16.6122
        },
        {
          "index": 1,
          "latitude": 48.8389,
          "longitude": 16.555
        },
        {
          "index": 2,
          "latitude": 48.8234,
          "longitude": 16.5942
        },
        {
          "index": 3,
          "latitude": 48.8864,
          "longitude": 16.6515
        },
        {
          "index": 4,
          "latitude": 48.9019,
          "longitude": 16.6122
        }
      ],
      "radius": 0.0,
      "shape": "POLYGON"
    },
    "handle": 2743993174,
    "identification": "LKD10",
    "name": "DOLNÍ DUNAJOVICE",
    "note": {},
    "schedule": {},
    "sun": {
      "astronomicalDawn": "2021-02-16T04:30:00Z",
      "astronomicalDusk": "2021-02-16T15:46:00Z",
      "civilDawn": "2021-02-16T05:03:00Z",
      "civilDusk": "2021-02-16T15:14:00Z",
      "date": "2021-02-15T23:00:00Z"
    },
    "thumbprint": "8df8dde1817b8aff47101e59eae12d443da13b7185ad5332d35abb4fe55a2bee"
  },
  {
    "elevationRange": {
      "ceiling": {
        "origin": "FL",
        "units": "FEETS",
        "value": 9500.0
      },
      "floor": {
        "origin": "GND",
        "units": "NONE",
        "value": 0.0
      }
    },
    "geometry": {
      "coordinates": [
        {
          "index": 0,
          "latitude": 49.6732,
          "longitude": 17.6015
        }
      ],
      "radius": 12964.0,
      "shape": "POINT"
    },
    "handle": 1987259340,
    "identification": "LKD13",
    "name": "MILOVANY",
    "note": {},
    "schedule": {},
    "sun": {
      "astronomicalDawn": "2021-02-16T04:28:00Z",
      "astronomicalDusk": "2021-02-16T15:41:00Z",
      "civilDawn": "2021-02-16T05:01:00Z",
      "civilDusk": "2021-02-16T15:07:00Z",
      "date": "2021-02-15T23:00:00Z"
    },
    "thumbprint": "e17f92d2d1eb540df765042da352cdfc5d93424008d735393c50c81e9403ee71"
  },
  {
    "elevationRange": {
      "ceiling": {
        "origin": "FL",
        "units": "FEETS",
        "value": 9500.0
      },
      "floor": {
        "origin": "GND",
        "units": "NONE",
        "value": 0.0
      }
    },
    "geometry": {
      "coordinates": [
        {
          "index": 0,
          "latitude": 48.8773,
          "longitude": 14.0716
        }
      ],
      "radius": 12964.0,
      "shape": "POINT"
    },
    "handle": 3141293628,
    "identification": "LKD11",
    "name": "CHLUM",
    "note": {},
    "schedule": {},
    "sun": {
      "astronomicalDawn": "2021-02-16T04:41:00Z",
      "astronomicalDusk": "2021-02-16T15:56:00Z",
      "civilDawn": "2021-02-16T05:14:00Z",
      "civilDusk": "2021-02-16T15:23:00Z",
      "date": "2021-02-15T23:00:00Z"
    },
    "thumbprint": "49e9efbf77e75b430f5879f3e010552de748040b6371ab6c27e7e98d9970ecbc"
  },
  {
    "elevationRange": {
      "ceiling": {
        "origin": "FL",
        "units": "FEETS",
        "value": 9500.0
      },
      "floor": {
        "origin": "GND",
        "units": "NONE",
        "value": 0.0
      }
    },
    "geometry": {
      "coordinates": [
        {
          "index": 0,
          "latitude": 50.3049,
          "longitude": 13.1403
        }
      ],
      "radius": 12964.0,
      "shape": "POINT"
    },
    "handle": 1916619258,
    "identification": "LKD14",
    "name": "LESNÁ",
    "note": {},
    "schedule": {},
    "sun": {
      "astronomicalDawn": "2021-02-16T04:47:00Z",
      "astronomicalDusk": "2021-02-16T15:58:00Z",
      "civilDawn": "2021-02-16T05:20:00Z",
      "civilDusk": "2021-02-16T15:24:00Z",
      "date": "2021-02-15T23:00:00Z"
    },
    "thumbprint": "f8ee19d9fcc4c194e9c47ac17915d94d84c07e6315e36579fc6c4eb0f5dacd87"
  }
]