[
  {
    "elevationRange": {
      "ceiling": {
        "origin": "AMSL",
        "units": "FEETS",
        "value": 4000.0
      },
      "floor": {
        "origin": "GND",
        "units": "NONE",
        "value": 0.0
      }
    },
    "geometry": {
      "coordinates": [
        {
          "index": 0,
          "latitude": 50.6564,
          "longitude": 14.0202
        }
      ],
      "radius": 926.0,
      "shape": "POINT"
    },
    "handle": 3430696107,
    "identification": "LKP10",
    "name": "USTI NAD LABEM",
    "sun": {
      "astronomicalDawn": "2021-02-03T05:04:00Z",
      "astronomicalDusk": "2021-02-03T15:33:00Z",
      "civilDawn": "2021-02-03T05:39:00Z",
      "civilDusk": "2021-02-03T14:57:00Z",
      "date": "2021-02-02T23:00:00Z"
    },
    "thumbprint": "9b5eb402e7af2eaeff3654f623995cf8713b447db0e2500ce5481cf105968f12"
  },
  {
    "elevationRange": {
      "ceiling": {
        "origin": "AMSL",
        "units": "FEETS",
        "value": 5000.0
      },
      "floor": {
        "origin": "GND",
        "units": "NONE",
        "value": 0.0
      }
    },
    "geometry": {
      "coordinates": [
        {
          "index": 0,
          "latitude": 50.0908,
          "longitude": 14.4005
        }
      ],
      "radius": 1111.2,
      "shape": "POINT"
    },
    "handle": 3589655509,
    "identification": "LKP1",
    "name": "PRAŽSKÝ HRAD",
    "sun": {
      "astronomicalDawn": "2021-02-03T05:01:00Z",
      "astronomicalDusk": "2021-02-03T15:32:00Z",
      "civilDawn": "2021-02-03T05:36:00Z",
      "civilDusk": "2021-02-03T14:58:00Z",
      "date": "2021-02-02T23:00:00Z"
    },
    "thumbprint": "ea3f18bace56401b6f5ae04c97f21dca649ff7bf77679d9ce390e67bad016e0a"
  },
  {
    "elevationRange": {
      "ceiling": {
        "origin": "AMSL",
        "units": "FEETS",
        "value": 5000.0
      },
      "floor": {
        "origin": "GND",
        "units": "NONE",
        "value": 0.0
      }
    },
    "geometry": {
      "coordinates": [
        {
          "index": 0,
          "latitude": 49.6794,
          "longitude": 16.2778
        }
      ],
      "radius": 1481.6,
      "shape": "POINT"
    },
    "handle": 1998012821,
    "identification": "LKP7",
    "name": "POLICKA",
    "sun": {
      "astronomicalDawn": "2021-02-03T04:52:00Z",
      "astronomicalDusk": "2021-02-03T15:26:00Z",
      "civilDawn": "2021-02-03T05:27:00Z",
      "civilDusk": "2021-02-03T14:51:00Z",
      "date": "2021-02-02T23:00:00Z"
    },
    "thumbprint": "2af4cda855250924d01a3ec2068f9468e2c375e8be56d1aecfd32663a0f38f7a"
  },
  {
    "elevationRange": {
      "ceiling": {
        "origin": "AMSL",
        "units": "FEETS",
        "value": 2000.0
      },
      "floor": {
        "origin": "GND",
        "units": "NONE",
        "value": 0.0
      }
    },
    "geometry": {
      "coordinates": [
        {
          "index": 0,
          "latitude": 50.1791,
          "longitude": 14.3635
        }
      ],
      "radius": 1481.6,
      "shape": "POINT"
    },
    "handle": 849616028,
    "identification": "LKP12",
    "name": "REZ",
    "sun": {
      "astronomicalDawn": "2021-02-03T05:01:00Z",
      "astronomicalDusk": "2021-02-03T15:32:00Z",
      "civilDawn": "2021-02-03T05:36:00Z",
      "civilDusk": "2021-02-03T14:57:00Z",
      "date": "2021-02-02T23:00:00Z"
    },
    "thumbprint": "e04ee78d6b30ead822078e08ba7f2bff6613d736e1b88afdd7a8ee6d29c8871f"
  },
  {
    "elevationRange": {
      "ceiling": {
        "origin": "AMSL",
        "units": "FEETS",
        "value": 2000.0
      },
      "floor": {
        "origin": "GND",
        "units": "NONE",
        "value": 0.0
      }
    },
    "geometry": {
      "coordinates": [
        {
          "index": 0,
          "latitude": 50.275,
          "longitude": 14.5194
        }
      ],
      "radius": 1481.6,
      "shape": "POINT"
    },
    "handle": 2791318341,
    "identification": "LKP11",
    "name": "NERATOVICE",
    "sun": {
      "astronomicalDawn": "2021-02-03T05:01:00Z",
      "astronomicalDusk": "2021-02-03T15:31:00Z",
      "civilDawn": "2021-02-03T05:36:00Z",
      "civilDusk": "2021-02-03T14:56:00Z",
      "date": "2021-02-02T23:00:00Z"
    },
    "thumbprint": "066df534dd4462b072c46b72ddc8af3b7d62edaf1c4f0e11d4c6372c4c2867e7"
  },
  {
    "elevationRange": {
      "ceiling": {
        "origin": "AMSL",
        "units": "FEETS",
        "value": 4000.0
      },
      "floor": {
        "origin": "GND",
        "units": "NONE",
        "value": 0.0
      }
    },
    "geometry": {
      "coordinates": [
        {
          "index": 0,
          "latitude": 50.5634,
          "longitude": 13.6034
        }
      ],
      "radius": 2500.2,
      "shape": "POINT"
    },
    "handle": 21131160,
    "identification": "LKP8",
    "name": "MOST",
    "sun": {
      "astronomicalDawn": "2021-02-03T05:05:00Z",
      "astronomicalDusk": "2021-02-03T15:34:00Z",
      "civilDawn": "2021-02-03T05:40:00Z",
      "civilDusk": "2021-02-03T14:59:00Z",
      "date": "2021-02-02T23:00:00Z"
    },
    "thumbprint": "622767bb3bbe414b509121c51a1f5ef673cd7414bed74b2280258789cbec9c88"
  },
  {
    "elevationRange": {
      "ceiling": {
        "origin": "AMSL",
        "units": "FEETS",
        "value": 5000.0
      },
      "floor": {
        "origin": "GND",
        "units": "NONE",
        "value": 0.0
      }
    },
    "geometry": {
      "coordinates": [
        {
          "index": 0,
          "latitude": 49.1802,
          "longitude": 14.3755
        }
      ],
      "radius": 2037.2,
      "shape": "POINT"
    },
    "handle": 1729992981,
    "identification": "LKP2",
    "name": "TEMELIN",
    "sun": {
      "astronomicalDawn": "2021-02-03T04:59:00Z",
      "astronomicalDusk": "2021-02-03T15:34:00Z",
      "civilDawn": "2021-02-03T05:33:00Z",
      "civilDusk": "2021-02-03T15:00:00Z",
      "date": "2021-02-02T23:00:00Z"
    },
    "thumbprint": "57ce850f86c9a6a0634a2f21730cb6705e63c94a970468b5d73b48881f1bc14b"
  },
  {
    "elevationRange": {
      "ceiling": {
        "origin": "AMSL",
        "units": "FEETS",
        "value": 5000.0
      },
      "floor": {
        "origin": "GND",
        "units": "NONE",
        "value": 0.0
      }
    },
    "geometry": {
      "coordinates": [
        {
          "index": 0,
          "latitude": 49.0858,
          "longitude": 16.1458
        }
      ],
      "radius": 2037.2,
      "shape": "POINT"
    },
    "handle": 350479809,
    "identification": "LKP9",
    "name": "DUKOVANY",
    "sun": {
      "astronomicalDawn": "2021-02-03T04:52:00Z",
      "astronomicalDusk": "2021-02-03T15:27:00Z",
      "civilDawn": "2021-02-03T05:26:00Z",
      "civilDusk": "2021-02-03T14:53:00Z",
      "date": "2021-02-02T23:00:00Z"
    },
    "thumbprint": "e239edde9adbea4b9964730e2636d75456db762d398a01b07560b0ee51512bc8"
  },
  {
    "elevationRange": {
      "ceiling": {
        "origin": "AMSL",
        "units": "FEETS",
        "value": 3000.0
      },
      "floor": {
        "origin": "GND",
        "units": "NONE",
        "value": 0.0
      }
    },
    "geometry": {
      "coordinates": [
        {
          "index": 0,
          "latitude": 50.068,
          "longitude": 15.7115
        }
      ],
      "radius": 2129.8,
      "shape": "POINT"
    },
    "handle": 1783598481,
    "identification": "LKP6",
    "name": "SEMTÍN",
    "sun": {
      "astronomicalDawn": "2021-02-03T04:56:00Z",
      "astronomicalDusk": "2021-02-03T15:27:00Z",
      "civilDawn": "2021-02-03T05:30:00Z",
      "civilDusk": "2021-02-03T14:52:00Z",
      "date": "2021-02-02T23:00:00Z"
    },
    "thumbprint": "baaf3cf23364a3f4a21c0e8a76b6d74a18984c152400a3d94e36310647b23f2e"
  },
  {
    "elevationRange": {
      "ceiling": {
        "origin": "AMSL",
        "units": "FEETS",
        "value": 5000.0
      },
      "floor": {
        "origin": "GND",
        "units": "NONE",
        "value": 0.0
      }
    },
    "geometry": {
      "coordinates": [
        {
          "index": 0,
          "latitude": 49.7066,
          "longitude": 14.8991
        },
        {
          "index": 1,
          "latitude": 49.6815,
          "longitude": 14.966
        },
        {
          "index": 2,
          "latitude": 49.6613,
          "longitude": 14.9319
        },
        {
          "index": 3,
          "latitude": 49.7066,
          "longitude": 14.8991
        }
      ],
      "radius": 0.0,
      "shape": "POLYGON"
    },
    "handle": 2572675626,
    "identification": "LKP4",
    "name": "VLASIM",
    "sun": {
      "astronomicalDawn": "2021-02-03T04:58:00Z",
      "astronomicalDusk": "2021-02-03T15:31:00Z",
      "civilDawn": "2021-02-03T05:32:00Z",
      "civilDusk": "2021-02-03T14:57:00Z",
      "date": "2021-02-02T23:00:00Z"
    },
    "thumbprint": "38abb13265482c93235914cb24a2d6a21f32b51c0ee87fb95a6548bf3eb8adb9"
  },
  {
    "elevationRange": {
      "ceiling": {
        "origin": "AMSL",
        "units": "FEETS",
        "value": 5000.0
      },
      "floor": {
        "origin": "GND",
        "units": "NONE",
        "value": 0.0
      }
    },
    "geometry": {
      "coordinates": [
        {
          "index": 0,
          "latitude": 49.5927,
          "longitude": 14.5233
        }
      ],
      "radius": 2778.0,
      "shape": "POINT"
    },
    "handle": 1991844073,
    "identification": "LKP5",
    "name": "PRCICE",
    "sun": {
      "astronomicalDawn": "2021-02-03T04:59:00Z",
      "astronomicalDusk": "2021-02-03T15:33:00Z",
      "civilDawn": "2021-02-03T05:34:00Z",
      "civilDusk": "2021-02-03T14:58:00Z",
      "date": "2021-02-02T23:00:00Z"
    },
    "thumbprint": "bee70c6ffd543c5566582ef9ba41dd55d062cb2a8eb095e9cc28f327a0ab66d4"
  }
]