[
  {
    "elevationRange": {
      "ceiling": {
        "origin": "AMSL",
        "units": "FEETS",
        "value": 4000.0
      },
      "floor": {
        "origin": "GND",
        "units": "NONE",
        "value": 0.0
      }
    },
    "geometry": {
      "coordinates": [
        {
          "index": 0,
          "latitude": 50.6564,
          "longitude": 14.0202
        }
      ],
      "radius": 926.0,
      "shape": "POINT"
    },
    "handle": 2642363174,
    "identification": "LKP10",
    "name": "USTI NAD LABEM",
    "sun": {
      "astronomicalDawn": "2021-01-26T05:13:00Z",
      "astronomicalDusk": "2021-01-26T15:20:00Z",
      "civilDawn": "2021-01-26T05:50:00Z",
      "civilDusk": "2021-01-26T14:44:00Z",
      "date": "2021-01-25T23:00:00Z"
    },
    "thumbprint": "8ab41a236e4a61eae62861efc219c38ad4cca266158555e3d5ced6372a4ec32b"
  },
  {
    "elevationRange": {
      "ceiling": {
        "origin": "AMSL",
        "units": "FEETS",
        "value": 5000.0
      },
      "floor": {
        "origin": "GND",
        "units": "NONE",
        "value": 0.0
      }
    },
    "geometry": {
      "coordinates": [
        {
          "index": 0,
          "latitude": 50.0908,
          "longitude": 14.4005
        }
      ],
      "radius": 1111.2,
      "shape": "POINT"
    },
    "handle": 3786219062,
    "identification": "LKP1",
    "name": "PRAŽSKÝ HRAD",
    "sun": {
      "astronomicalDawn": "2021-01-26T05:10:00Z",
      "astronomicalDusk": "2021-01-26T15:20:00Z",
      "civilDawn": "2021-01-26T05:46:00Z",
      "civilDusk": "2021-01-26T14:44:00Z",
      "date": "2021-01-25T23:00:00Z"
    },
    "thumbprint": "37d11c2378360b3352b874ed6d4ce923a794bc51c77b54a965c50f669c2d1389"
  },
  {
    "elevationRange": {
      "ceiling": {
        "origin": "AMSL",
        "units": "FEETS",
        "value": 5000.0
      },
      "floor": {
        "origin": "GND",
        "units": "NONE",
        "value": 0.0
      }
    },
    "geometry": {
      "coordinates": [
        {
          "index": 0,
          "latitude": 49.6794,
          "longitude": 16.2778
        }
      ],
      "radius": 1481.6,
      "shape": "POINT"
    },
    "handle": 1679429573,
    "identification": "LKP7",
    "name": "POLICKA",
    "sun": {
      "astronomicalDawn": "2021-01-26T05:02:00Z",
      "astronomicalDusk": "2021-01-26T15:13:00Z",
      "civilDawn": "2021-01-26T05:37:00Z",
      "civilDusk": "2021-01-26T14:38:00Z",
      "date": "2021-01-25T23:00:00Z"
    },
    "thumbprint": "53b18a0ec59b22f959e3eeacac50ab981cc55ca5bbcc3837b74736e83eb00b5e"
  },
  {
    "elevationRange": {
      "ceiling": {
        "origin": "AMSL",
        "units": "FEETS",
        "value": 2000.0
      },
      "floor": {
        "origin": "GND",
        "units": "NONE",
        "value": 0.0
      }
    },
    "geometry": {
      "coordinates": [
        {
          "index": 0,
          "latitude": 50.1791,
          "longitude": 14.3635
        }
      ],
      "radius": 1481.6,
      "shape": "POINT"
    },
    "handle": 3414746274,
    "identification": "LKP12",
    "name": "REZ",
    "sun": {
      "astronomicalDawn": "2021-01-26T05:11:00Z",
      "astronomicalDusk": "2021-01-26T15:20:00Z",
      "civilDawn": "2021-01-26T05:47:00Z",
      "civilDusk": "2021-01-26T14:44:00Z",
      "date": "2021-01-25T23:00:00Z"
    },
    "thumbprint": "3f14002fef1b42285706d43b9f3573b28bcf8866c32cd7394f22118ec9c9c62c"
  },
  {
    "elevationRange": {
      "ceiling": {
        "origin": "AMSL",
        "units": "FEETS",
        "value": 2000.0
      },
      "floor": {
        "origin": "GND",
        "units": "NONE",
        "value": 0.0
      }
    },
    "geometry": {
      "coordinates": [
        {
          "index": 0,
          "latitude": 50.275,
          "longitude": 14.5194
        }
      ],
      "radius": 1481.6,
      "shape": "POINT"
    },
    "handle": 1081886646,
    "identification": "LKP11",
    "name": "NERATOVICE",
    "sun": {
      "astronomicalDawn": "2021-01-26T05:10:00Z",
      "astronomicalDusk": "2021-01-26T15:19:00Z",
      "civilDawn": "2021-01-26T05:46:00Z",
      "civilDusk": "2021-01-26T14:43:00Z",
      "date": "2021-01-25T23:00:00Z"
    },
    "thumbprint": "cec2461c08a50b3c9ae3e6f1623248560275b0372cd64f65780a6663db74f994"
  },
  {
    "elevationRange": {
      "ceiling": {
        "origin": "AMSL",
        "units": "FEETS",
        "value": 5000.0
      },
      "floor": {
        "origin": "GND",
        "units": "NONE",
        "value": 0.0
      }
    },
    "geometry": {
      "coordinates": [
        {
          "index": 0,
          "latitude": 49.1802,
          "longitude": 14.3755
        }
      ],
      "radius": 2037.2,
      "shape": "POINT"
    },
    "handle": 1963697490,
    "identification": "LKP2",
    "name": "TEMELIN",
    "sun": {
      "astronomicalDawn": "2021-01-26T05:08:00Z",
      "astronomicalDusk": "2021-01-26T15:22:00Z",
      "civilDawn": "2021-01-26T05:43:00Z",
      "civilDusk": "2021-01-26T14:47:00Z",
      "date": "2021-01-25T23:00:00Z"
    },
    "thumbprint": "d6235c0a70672598a52bfde59cb50f880ead2045dfaa12a53489cc262b51a242"
  },
  {
    "elevationRange": {
      "ceiling": {
        "origin": "AMSL",
        "units": "FEETS",
        "value": 5000.0
      },
      "floor": {
        "origin": "GND",
        "units": "NONE",
        "value": 0.0
      }
    },
    "geometry": {
      "coordinates": [
        {
          "index": 0,
          "latitude": 49.0858,
          "longitude": 16.1458
        }
      ],
      "radius": 2037.2,
      "shape": "POINT"
    },
    "handle": 1898608397,
    "identification": "LKP9",
    "name": "DUKOVANY",
    "sun": {
      "astronomicalDawn": "2021-01-26T05:01:00Z",
      "astronomicalDusk": "2021-01-26T15:15:00Z",
      "civilDawn": "2021-01-26T05:36:00Z",
      "civilDusk": "2021-01-26T14:40:00Z",
      "date": "2021-01-25T23:00:00Z"
    },
    "thumbprint": "3d0fb58728515ff14556f4d41229ac101acb06953c2f3bd29a924a32a0ef336d"
  },
  {
    "elevationRange": {
      "ceiling": {
        "origin": "AMSL",
        "units": "FEETS",
        "value": 3000.0
      },
      "floor": {
        "origin": "GND",
        "units": "NONE",
        "value": 0.0
      }
    },
    "geometry": {
      "coordinates": [
        {
          "index": 0,
          "latitude": 50.068,
          "longitude": 15.7115
        }
      ],
      "radius": 2129.8,
      "shape": "POINT"
    },
    "handle": 1869287492,
    "identification": "LKP6",
    "name": "SEMTÍN",
    "sun": {
      "astronomicalDawn": "2021-01-26T05:05:00Z",
      "astronomicalDusk": "2021-01-26T15:15:00Z",
      "civilDawn": "2021-01-26T05:41:00Z",
      "civilDusk": "2021-01-26T14:39:00Z",
      "date": "2021-01-25T23:00:00Z"
    },
    "thumbprint": "0612bcb61ca91c6edc6132faf931a5b1ca8e1fc4bb57accb1808eb34aee0f2af"
  },
  {
    "elevationRange": {
      "ceiling": {
        "origin": "AMSL",
        "units": "FEETS",
        "value": 5000.0
      },
      "floor": {
        "origin": "GND",
        "units": "NONE",
        "value": 0.0
      }
    },
    "geometry": {
      "coordinates": [
        {
          "index": 0,
          "latitude": 49.7066,
          "longitude": 14.8991
        },
        {
          "index": 1,
          "latitude": 49.6815,
          "longitude": 14.966
        },
        {
          "index": 2,
          "latitude": 49.6613,
          "longitude": 14.9319
        },
        {
          "index": 3,
          "latitude": 49.7066,
          "longitude": 14.8991
        }
      ],
      "radius": 0.0,
      "shape": "POLYGON"
    },
    "handle": 2222475136,
    "identification": "LKP4",
    "name": "VLASIM",
    "sun": {
      "astronomicalDawn": "2021-01-26T05:07:00Z",
      "astronomicalDusk": "2021-01-26T15:19:00Z",
      "civilDawn": "2021-01-26T05:43:00Z",
      "civilDusk": "2021-01-26T14:43:00Z",
      "date": "2021-01-25T23:00:00Z"
    },
    "thumbprint": "5ff98d45d1d66e97eca399b4ac8ca9a8a4da9b94e4a694fa571258c70091332b"
  },
  {
    "elevationRange": {
      "ceiling": {
        "origin": "AMSL",
        "units": "FEETS",
        "value": 4000.0
      },
      "floor": {
        "origin": "GND",
        "units": "NONE",
        "value": 0.0
      }
    },
    "geometry": {
      "coordinates": [
        {
          "index": 0,
          "latitude": 50.5634,
          "longitude": 13.6034
        }
      ],
      "radius": 2500.2,
      "shape": "POINT"
    },
    "handle": 985691590,
    "identification": "LKP8",
    "name": "MOST",
    "sun": {
      "astronomicalDawn": "2021-01-26T05:15:00Z",
      "astronomicalDusk": "2021-01-26T15:22:00Z",
      "civilDawn": "2021-01-26T05:51:00Z",
      "civilDusk": "2021-01-26T14:45:00Z",
      "date": "2021-01-25T23:00:00Z"
    },
    "thumbprint": "293822b3fa7bdd79008a58ed0f17498afb69d43a2903394e73a046488232ad6c"
  },
  {
    "elevationRange": {
      "ceiling": {
        "origin": "AMSL",
        "units": "FEETS",
        "value": 5000.0
      },
      "floor": {
        "origin": "GND",
        "units": "NONE",
        "value": 0.0
      }
    },
    "geometry": {
      "coordinates": [
        {
          "index": 0,
          "latitude": 49.5927,
          "longitude": 14.5233
        }
      ],
      "radius": 2778.0,
      "shape": "POINT"
    },
    "handle": 3205526065,
    "identification": "LKP5",
    "name": "PRCICE",
    "sun": {
      "astronomicalDawn": "2021-01-26T05:09:00Z",
      "astronomicalDusk": "2021-01-26T15:20:00Z",
      "civilDawn": "2021-01-26T05:44:00Z",
      "civilDusk": "2021-01-26T14:45:00Z",
      "date": "2021-01-25T23:00:00Z"
    },
    "thumbprint": "dd21a56eefb125e183bb5f04db6bb20992d5787f5388c306f991fe099cbff27b"
  }
]