[
  {
    "elevationRange": {
      "ceiling": {
        "origin": "AMSL",
        "units": "FEETS",
        "value": 4000.0
      },
      "floor": {
        "origin": "GND",
        "units": "NONE",
        "value": 0.0
      }
    },
    "geometry": {
      "coordinates": [
        {
          "index": 0,
          "latitude": 50.6564,
          "longitude": 14.0202
        }
      ],
      "radius": 926.0,
      "shape": "POINT"
    },
    "handle": 795755875,
    "identification": "LKP10",
    "name": "USTI NAD LABEM",
    "sun": {
      "astronomicalDawn": "2021-03-15T03:49:00Z",
      "astronomicalDusk": "2021-03-15T16:39:00Z",
      "civilDawn": "2021-03-15T04:21:00Z",
      "civilDusk": "2021-03-15T16:06:00Z",
      "date": "2021-03-14T23:00:00Z"
    },
    "thumbprint": "8afb71b403eb58175222841eca2b71c0762da1408fc1cbad84e87773a0ce5db4"
  },
  {
    "elevationRange": {
      "ceiling": {
        "origin": "AMSL",
        "units": "FEETS",
        "value": 5000.0
      },
      "floor": {
        "origin": "GND",
        "units": "NONE",
        "value": 0.0
      }
    },
    "geometry": {
      "coordinates": [
        {
          "index": 0,
          "latitude": 50.0908,
          "longitude": 14.4005
        }
      ],
      "radius": 1111.2,
      "shape": "POINT"
    },
    "handle": 1293697965,
    "identification": "LKP1",
    "name": "PRAŽSKÝ HRAD",
    "sun": {
      "astronomicalDawn": "2021-03-15T03:47:00Z",
      "astronomicalDusk": "2021-03-15T16:37:00Z",
      "civilDawn": "2021-03-15T04:19:00Z",
      "civilDusk": "2021-03-15T16:05:00Z",
      "date": "2021-03-14T23:00:00Z"
    },
    "thumbprint": "df74392eabd31b48ae352371e56979350bd23bac7426b8398c8d687fba384046"
  },
  {
    "elevationRange": {
      "ceiling": {
        "origin": "AMSL",
        "units": "FEETS",
        "value": 5000.0
      },
      "floor": {
        "origin": "GND",
        "units": "NONE",
        "value": 0.0
      }
    },
    "geometry": {
      "coordinates": [
        {
          "index": 0,
          "latitude": 49.6794,
          "longitude": 16.2778
        }
      ],
      "radius": 1481.6,
      "shape": "POINT"
    },
    "handle": 1216393017,
    "identification": "LKP7",
    "name": "POLICKA",
    "sun": {
      "astronomicalDawn": "2021-03-15T03:40:00Z",
      "astronomicalDusk": "2021-03-15T16:30:00Z",
      "civilDawn": "2021-03-15T04:12:00Z",
      "civilDusk": "2021-03-15T15:58:00Z",
      "date": "2021-03-14T23:00:00Z"
    },
    "thumbprint": "1822a3f2fb82d0f4f4f9f7bde71b70fe5944cc199aec99a98640712aba0a6e7b"
  },
  {
    "elevationRange": {
      "ceiling": {
        "origin": "AMSL",
        "units": "FEETS",
        "value": 2000.0
      },
      "floor": {
        "origin": "GND",
        "units": "NONE",
        "value": 0.0
      }
    },
    "geometry": {
      "coordinates": [
        {
          "index": 0,
          "latitude": 50.1791,
          "longitude": 14.3635
        }
      ],
      "radius": 1481.6,
      "shape": "POINT"
    },
    "handle": 1070658276,
    "identification": "LKP12",
    "name": "REZ",
    "sun": {
      "astronomicalDawn": "2021-03-15T03:47:00Z",
      "astronomicalDusk": "2021-03-15T16:37:00Z",
      "civilDawn": "2021-03-15T04:20:00Z",
      "civilDusk": "2021-03-15T16:05:00Z",
      "date": "2021-03-14T23:00:00Z"
    },
    "thumbprint": "d4b78020cdccbfc94c1b36c20fccc71d13706bd98013cb80a2c502a430c493cb"
  },
  {
    "elevationRange": {
      "ceiling": {
        "origin": "AMSL",
        "units": "FEETS",
        "value": 2000.0
      },
      "floor": {
        "origin": "GND",
        "units": "NONE",
        "value": 0.0
      }
    },
    "geometry": {
      "coordinates": [
        {
          "index": 0,
          "latitude": 50.275,
          "longitude": 14.5194
        }
      ],
      "radius": 1481.6,
      "shape": "POINT"
    },
    "handle": 1913468068,
    "identification": "LKP11",
    "name": "NERATOVICE",
    "sun": {
      "astronomicalDawn": "2021-03-15T03:47:00Z",
      "astronomicalDusk": "2021-03-15T16:37:00Z",
      "civilDawn": "2021-03-15T04:19:00Z",
      "civilDusk": "2021-03-15T16:05:00Z",
      "date": "2021-03-14T23:00:00Z"
    },
    "thumbprint": "8b13f1b8c679d30b2caa48450be5dc2ceaee769586d25c4f5d08d5fbeee39a15"
  },
  {
    "elevationRange": {
      "ceiling": {
        "origin": "AMSL",
        "units": "FEETS",
        "value": 5000.0
      },
      "floor": {
        "origin": "GND",
        "units": "NONE",
        "value": 0.0
      }
    },
    "geometry": {
      "coordinates": [
        {
          "index": 0,
          "latitude": 49.1802,
          "longitude": 14.3755
        }
      ],
      "radius": 2037.2,
      "shape": "POINT"
    },
    "handle": 3349451494,
    "identification": "LKP2",
    "name": "TEMELIN",
    "sun": {
      "astronomicalDawn": "2021-03-15T03:48:00Z",
      "astronomicalDusk": "2021-03-15T16:37:00Z",
      "civilDawn": "2021-03-15T04:19:00Z",
      "civilDusk": "2021-03-15T16:05:00Z",
      "date": "2021-03-14T23:00:00Z"
    },
    "thumbprint": "b8970fba3b3c4222caa8e12603f87654292bf35783b2f0cb9bcc551eca419929"
  },
  {
    "elevationRange": {
      "ceiling": {
        "origin": "AMSL",
        "units": "FEETS",
        "value": 5000.0
      },
      "floor": {
        "origin": "GND",
        "units": "NONE",
        "value": 0.0
      }
    },
    "geometry": {
      "coordinates": [
        {
          "index": 0,
          "latitude": 49.0858,
          "longitude": 16.1458
        }
      ],
      "radius": 2037.2,
      "shape": "POINT"
    },
    "handle": 1328168815,
    "identification": "LKP9",
    "name": "DUKOVANY",
    "sun": {
      "astronomicalDawn": "2021-03-15T03:41:00Z",
      "astronomicalDusk": "2021-03-15T16:30:00Z",
      "civilDawn": "2021-03-15T04:12:00Z",
      "civilDusk": "2021-03-15T15:58:00Z",
      "date": "2021-03-14T23:00:00Z"
    },
    "thumbprint": "e938d4976a415b6d61675ae2b4405a681679625fe79ee5013bdbd7f4cae25375"
  },
  {
    "elevationRange": {
      "ceiling": {
        "origin": "AMSL",
        "units": "FEETS",
        "value": 3000.0
      },
      "floor": {
        "origin": "GND",
        "units": "NONE",
        "value": 0.0
      }
    },
    "geometry": {
      "coordinates": [
        {
          "index": 0,
          "latitude": 50.068,
          "longitude": 15.7115
        }
      ],
      "radius": 2129.8,
      "shape": "POINT"
    },
    "handle": 1369644304,
    "identification": "LKP6",
    "name": "SEMTÍN",
    "sun": {
      "astronomicalDawn": "2021-03-15T03:42:00Z",
      "astronomicalDusk": "2021-03-15T16:32:00Z",
      "civilDawn": "2021-03-15T04:14:00Z",
      "civilDusk": "2021-03-15T16:00:00Z",
      "date": "2021-03-14T23:00:00Z"
    },
    "thumbprint": "c06b02770bce64138e26024d28f25e8f09df793d403beedf0d15a66e05869fc6"
  },
  {
    "elevationRange": {
      "ceiling": {
        "origin": "AMSL",
        "units": "FEETS",
        "value": 5000.0
      },
      "floor": {
        "origin": "GND",
        "units": "NONE",
        "value": 0.0
      }
    },
    "geometry": {
      "coordinates": [
        {
          "index": 0,
          "latitude": 49.7066,
          "longitude": 14.8991
        },
        {
          "index": 1,
          "latitude": 49.6815,
          "longitude": 14.966
        },
        {
          "index": 2,
          "latitude": 49.6613,
          "longitude": 14.9319
        },
        {
          "index": 3,
          "latitude": 49.7066,
          "longitude": 14.8991
        }
      ],
      "radius": 0.0,
      "shape": "POLYGON"
    },
    "handle": 1604210746,
    "identification": "LKP4",
    "name": "VLASIM",
    "sun": {
      "astronomicalDawn": "2021-03-15T03:45:00Z",
      "astronomicalDusk": "2021-03-15T16:35:00Z",
      "civilDawn": "2021-03-15T04:17:00Z",
      "civilDusk": "2021-03-15T16:03:00Z",
      "date": "2021-03-14T23:00:00Z"
    },
    "thumbprint": "a8227dc453b7b172ebc97ad3b05b1141195c8b2f640d83b90fe37c813cfd6cdf"
  },
  {
    "elevationRange": {
      "ceiling": {
        "origin": "AMSL",
        "units": "FEETS",
        "value": 4000.0
      },
      "floor": {
        "origin": "GND",
        "units": "NONE",
        "value": 0.0
      }
    },
    "geometry": {
      "coordinates": [
        {
          "index": 0,
          "latitude": 50.5634,
          "longitude": 13.6034
        }
      ],
      "radius": 2500.2,
      "shape": "POINT"
    },
    "handle": 2940309336,
    "identification": "LKP8",
    "name": "MOST",
    "sun": {
      "astronomicalDawn": "2021-03-15T03:50:00Z",
      "astronomicalDusk": "2021-03-15T16:41:00Z",
      "civilDawn": "2021-03-15T04:23:00Z",
      "civilDusk": "2021-03-15T16:08:00Z",
      "date": "2021-03-14T23:00:00Z"
    },
    "thumbprint": "0dc0ced01b8af54e0248b4787141afce22ccf96504c6adc3e24151268df1ac58"
  },
  {
    "elevationRange": {
      "ceiling": {
        "origin": "AMSL",
        "units": "FEETS",
        "value": 5000.0
      },
      "floor": {
        "origin": "GND",
        "units": "NONE",
        "value": 0.0
      }
    },
    "geometry": {
      "coordinates": [
        {
          "index": 0,
          "latitude": 49.5927,
          "longitude": 14.5233
        }
      ],
      "radius": 2778.0,
      "shape": "POINT"
    },
    "handle": 501639787,
    "identification": "LKP5",
    "name": "PRCICE",
    "sun": {
      "astronomicalDawn": "2021-03-15T03:47:00Z",
      "astronomicalDusk": "2021-03-15T16:37:00Z",
      "civilDawn": "2021-03-15T04:19:00Z",
      "civilDusk": "2021-03-15T16:05:00Z",
      "date": "2021-03-14T23:00:00Z"
    },
    "thumbprint": "967bddffe5418da0793c5d78c715b9876792f25e0dfcf10494bc273e1e8bed94"
  }
]