[
  {
    "elevationRange": {
      "ceiling": {
        "origin": "AMSL",
        "units": "FEETS",
        "value": 4000.0
      },
      "floor": {
        "origin": "GND",
        "units": "NONE",
        "value": 0.0
      }
    },
    "geometry": {
      "coordinates": [
        {
          "index": 0,
          "latitude": 50.6564,
          "longitude": 14.0202
        }
      ],
      "radius": 926.0,
      "shape": "POINT"
    },
    "handle": 1344482528,
    "identification": "LKP10",
    "name": "USTI NAD LABEM",
    "sun": {
      "astronomicalDawn": "2021-02-16T04:43:00Z",
      "astronomicalDusk": "2021-02-16T15:54:00Z",
      "civilDawn": "2021-02-16T05:17:00Z",
      "civilDusk": "2021-02-16T15:20:00Z",
      "date": "2021-02-15T23:00:00Z"
    },
    "thumbprint": "a801bbfcce29257e4c4a315fb0a61ce5cae58af9777cf137522b6c0a1c0379fc"
  },
  {
    "elevationRange": {
      "ceiling": {
        "origin": "AMSL",
        "units": "FEETS",
        "value": 5000.0
      },
      "floor": {
        "origin": "GND",
        "units": "NONE",
        "value": 0.0
      }
    },
    "geometry": {
      "coordinates": [
        {
          "index": 0,
          "latitude": 50.0908,
          "longitude": 14.4005
        }
      ],
      "radius": 1111.2,
      "shape": "POINT"
    },
    "handle": 1707373292,
    "identification": "LKP1",
    "name": "PRAŽSKÝ HRAD",
    "sun": {
      "astronomicalDawn": "2021-02-16T04:41:00Z",
      "astronomicalDusk": "2021-02-16T15:53:00Z",
      "civilDawn": "2021-02-16T05:14:00Z",
      "civilDusk": "2021-02-16T15:20:00Z",
      "date": "2021-02-15T23:00:00Z"
    },
    "thumbprint": "17ea8bd05c0aad2542823c79b6b52747f19d71272e09c3ee65e11ce5d10312ed"
  },
  {
    "elevationRange": {
      "ceiling": {
        "origin": "AMSL",
        "units": "FEETS",
        "value": 5000.0
      },
      "floor": {
        "origin": "GND",
        "units": "NONE",
        "value": 0.0
      }
    },
    "geometry": {
      "coordinates": [
        {
          "index": 0,
          "latitude": 49.6794,
          "longitude": 16.2778
        }
      ],
      "radius": 1481.6,
      "shape": "POINT"
    },
    "handle": 3770231732,
    "identification": "LKP7",
    "name": "POLICKA",
    "sun": {
      "astronomicalDawn": "2021-02-16T04:33:00Z",
      "astronomicalDusk": "2021-02-16T15:46:00Z",
      "civilDawn": "2021-02-16T05:06:00Z",
      "civilDusk": "2021-02-16T15:13:00Z",
      "date": "2021-02-15T23:00:00Z"
    },
    "thumbprint": "95228d35b99b2ccb25d9e60bc4c4c03919166d58734e742995016ec7f2144d5b"
  },
  {
    "elevationRange": {
      "ceiling": {
        "origin": "AMSL",
        "units": "FEETS",
        "value": 2000.0
      },
      "floor": {
        "origin": "GND",
        "units": "NONE",
        "value": 0.0
      }
    },
    "geometry": {
      "coordinates": [
        {
          "index": 0,
          "latitude": 50.1791,
          "longitude": 14.3635
        }
      ],
      "radius": 1481.6,
      "shape": "POINT"
    },
    "handle": 1260492362,
    "identification": "LKP12",
    "name": "REZ",
    "sun": {
      "astronomicalDawn": "2021-02-16T04:41:00Z",
      "astronomicalDusk": "2021-02-16T15:53:00Z",
      "civilDawn": "2021-02-16T05:15:00Z",
      "civilDusk": "2021-02-16T15:20:00Z",
      "date": "2021-02-15T23:00:00Z"
    },
    "thumbprint": "97da299b7b32406f6f3daebf2574a388f8e1e5522a1253c6b799d1700e46426e"
  },
  {
    "elevationRange": {
      "ceiling": {
        "origin": "AMSL",
        "units": "FEETS",
        "value": 2000.0
      },
      "floor": {
        "origin": "GND",
        "units": "NONE",
        "value": 0.0
      }
    },
    "geometry": {
      "coordinates": [
        {
          "index": 0,
          "latitude": 50.275,
          "longitude": 14.5194
        }
      ],
      "radius": 1481.6,
      "shape": "POINT"
    },
    "handle": 3290361085,
    "identification": "LKP11",
    "name": "NERATOVICE",
    "sun": {
      "astronomicalDawn": "2021-02-16T04:40:00Z",
      "astronomicalDusk": "2021-02-16T15:53:00Z",
      "civilDawn": "2021-02-16T05:14:00Z",
      "civilDusk": "2021-02-16T15:19:00Z",
      "date": "2021-02-15T23:00:00Z"
    },
    "thumbprint": "acf38d5441224ab3eab1a9e451948d04b72b0f9dcb12f1e8252dd93660d94fa8"
  },
  {
    "elevationRange": {
      "ceiling": {
        "origin": "AMSL",
        "units": "FEETS",
        "value": 5000.0
      },
      "floor": {
        "origin": "GND",
        "units": "NONE",
        "value": 0.0
      }
    },
    "geometry": {
      "coordinates": [
        {
          "index": 0,
          "latitude": 49.1802,
          "longitude": 14.3755
        }
      ],
      "radius": 2037.2,
      "shape": "POINT"
    },
    "handle": 1052295188,
    "identification": "LKP2",
    "name": "TEMELIN",
    "sun": {
      "astronomicalDawn": "2021-02-16T04:40:00Z",
      "astronomicalDusk": "2021-02-16T15:55:00Z",
      "civilDawn": "2021-02-16T05:12:00Z",
      "civilDusk": "2021-02-16T15:22:00Z",
      "date": "2021-02-15T23:00:00Z"
    },
    "thumbprint": "288d48be07ce63fdacd1718507a83eb82001dbe87e05318a3e1e6c8bdf7a5aaa"
  },
  {
    "elevationRange": {
      "ceiling": {
        "origin": "AMSL",
        "units": "FEETS",
        "value": 5000.0
      },
      "floor": {
        "origin": "GND",
        "units": "NONE",
        "value": 0.0
      }
    },
    "geometry": {
      "coordinates": [
        {
          "index": 0,
          "latitude": 49.0858,
          "longitude": 16.1458
        }
      ],
      "radius": 2037.2,
      "shape": "POINT"
    },
    "handle": 3791723052,
    "identification": "LKP9",
    "name": "DUKOVANY",
    "sun": {
      "astronomicalDawn": "2021-02-16T04:32:00Z",
      "astronomicalDusk": "2021-02-16T15:48:00Z",
      "civilDawn": "2021-02-16T05:05:00Z",
      "civilDusk": "2021-02-16T15:15:00Z",
      "date": "2021-02-15T23:00:00Z"
    },
    "thumbprint": "2cd8901070b9e0f863cd74f1f4762d7d05285e5f9def5026bf8e79f5e976b149"
  },
  {
    "elevationRange": {
      "ceiling": {
        "origin": "AMSL",
        "units": "FEETS",
        "value": 3000.0
      },
      "floor": {
        "origin": "GND",
        "units": "NONE",
        "value": 0.0
      }
    },
    "geometry": {
      "coordinates": [
        {
          "index": 0,
          "latitude": 50.068,
          "longitude": 15.7115
        }
      ],
      "radius": 2129.8,
      "shape": "POINT"
    },
    "handle": 2851649146,
    "identification": "LKP6",
    "name": "SEMTÍN",
    "sun": {
      "astronomicalDawn": "2021-02-16T04:35:00Z",
      "astronomicalDusk": "2021-02-16T15:48:00Z",
      "civilDawn": "2021-02-16T05:09:00Z",
      "civilDusk": "2021-02-16T15:15:00Z",
      "date": "2021-02-15T23:00:00Z"
    },
    "thumbprint": "6dacc0c8a4ef23c96ebeaa4d66d6886bdf17e8378cbdcdf2bfe781063daaa850"
  },
  {
    "elevationRange": {
      "ceiling": {
        "origin": "AMSL",
        "units": "FEETS",
        "value": 5000.0
      },
      "floor": {
        "origin": "GND",
        "units": "NONE",
        "value": 0.0
      }
    },
    "geometry": {
      "coordinates": [
        {
          "index": 0,
          "latitude": 49.7066,
          "longitude": 14.8991
        },
        {
          "index": 1,
          "latitude": 49.6815,
          "longitude": 14.966
        },
        {
          "index": 2,
          "latitude": 49.6613,
          "longitude": 14.9319
        },
        {
          "index": 3,
          "latitude": 49.7066,
          "longitude": 14.8991
        }
      ],
      "radius": 0.0,
      "shape": "POLYGON"
    },
    "handle": 1690567707,
    "identification": "LKP4",
    "name": "VLASIM",
    "sun": {
      "astronomicalDawn": "2021-02-16T04:38:00Z",
      "astronomicalDusk": "2021-02-16T15:52:00Z",
      "civilDawn": "2021-02-16T05:11:00Z",
      "civilDusk": "2021-02-16T15:19:00Z",
      "date": "2021-02-15T23:00:00Z"
    },
    "thumbprint": "a519c339fac0a0afa6952e7eafe31bbc0d477542ef5ca0366e3431ec49da2378"
  },
  {
    "elevationRange": {
      "ceiling": {
        "origin": "AMSL",
        "units": "FEETS",
        "value": 4000.0
      },
      "floor": {
        "origin": "GND",
        "units": "NONE",
        "value": 0.0
      }
    },
    "geometry": {
      "coordinates": [
        {
          "index": 0,
          "latitude": 50.5634,
          "longitude": 13.6034
        }
      ],
      "radius": 2500.2,
      "shape": "POINT"
    },
    "handle": 1682664844,
    "identification": "LKP8",
    "name": "MOST",
    "sun": {
      "astronomicalDawn": "2021-02-16T04:45:00Z",
      "astronomicalDusk": "2021-02-16T15:56:00Z",
      "civilDawn": "2021-02-16T05:18:00Z",
      "civilDusk": "2021-02-16T15:22:00Z",
      "date": "2021-02-15T23:00:00Z"
    },
    "thumbprint": "9fef946a6b23c34b83ef1903f4e2546287ba5fc99c6e8cfeef37e39dc8acb1c2"
  },
  {
    "elevationRange": {
      "ceiling": {
        "origin": "AMSL",
        "units": "FEETS",
        "value": 5000.0
      },
      "floor": {
        "origin": "GND",
        "units": "NONE",
        "value": 0.0
      }
    },
    "geometry": {
      "coordinates": [
        {
          "index": 0,
          "latitude": 49.5927,
          "longitude": 14.5233
        }
      ],
      "radius": 2778.0,
      "shape": "POINT"
    },
    "handle": 682204463,
    "identification": "LKP5",
    "name": "PRCICE",
    "sun": {
      "astronomicalDawn": "2021-02-16T04:40:00Z",
      "astronomicalDusk": "2021-02-16T15:54:00Z",
      "civilDawn": "2021-02-16T05:13:00Z",
      "civilDusk": "2021-02-16T15:20:00Z",
      "date": "2021-02-15T23:00:00Z"
    },
    "thumbprint": "524bbb75eb751499cab6943b3b72820aa0d262f3b31b831df7bc0c574c7d2fa4"
  }
]