[
  {
    "elevationRange": {
      "ceiling": {
        "origin": "AMSL",
        "units": "FEETS",
        "value": 4000.0
      },
      "floor": {
        "origin": "GND",
        "units": "NONE",
        "value": 0.0
      }
    },
    "geometry": {
      "coordinates": [
        {
          "index": 0,
          "latitude": 50.6564,
          "longitude": 14.0202
        }
      ],
      "radius": 926.0,
      "shape": "POINT"
    },
    "handle": 1296150198,
    "identification": "LKP10",
    "name": "USTI NAD LABEM",
    "sun": {
      "astronomicalDawn": "2021-01-30T05:09:00Z",
      "astronomicalDusk": "2021-01-30T15:26:00Z",
      "civilDawn": "2021-01-30T05:45:00Z",
      "civilDusk": "2021-01-30T14:50:00Z",
      "date": "2021-01-29T23:00:00Z"
    },
    "thumbprint": "1f5f17d5ce9e4c85a3b4bdae881b6ff0e0ef2eb52481005eec12ffd6844a2aeb"
  },
  {
    "elevationRange": {
      "ceiling": {
        "origin": "AMSL",
        "units": "FEETS",
        "value": 5000.0
      },
      "floor": {
        "origin": "GND",
        "units": "NONE",
        "value": 0.0
      }
    },
    "geometry": {
      "coordinates": [
        {
          "index": 0,
          "latitude": 50.0908,
          "longitude": 14.4005
        }
      ],
      "radius": 1111.2,
      "shape": "POINT"
    },
    "handle": 243480537,
    "identification": "LKP1",
    "name": "PRAŽSKÝ HRAD",
    "sun": {
      "astronomicalDawn": "2021-01-30T05:06:00Z",
      "astronomicalDusk": "2021-01-30T15:26:00Z",
      "civilDawn": "2021-01-30T05:41:00Z",
      "civilDusk": "2021-01-30T14:51:00Z",
      "date": "2021-01-29T23:00:00Z"
    },
    "thumbprint": "eafa620a41d6c88c78821a2a2754cb55e9893e94defa86e4cfefc6bddf152f87"
  },
  {
    "elevationRange": {
      "ceiling": {
        "origin": "AMSL",
        "units": "FEETS",
        "value": 5000.0
      },
      "floor": {
        "origin": "GND",
        "units": "NONE",
        "value": 0.0
      }
    },
    "geometry": {
      "coordinates": [
        {
          "index": 0,
          "latitude": 49.6794,
          "longitude": 16.2778
        }
      ],
      "radius": 1481.6,
      "shape": "POINT"
    },
    "handle": 4214051106,
    "identification": "LKP7",
    "name": "POLICKA",
    "sun": {
      "astronomicalDawn": "2021-01-30T04:57:00Z",
      "astronomicalDusk": "2021-01-30T15:19:00Z",
      "civilDawn": "2021-01-30T05:32:00Z",
      "civilDusk": "2021-01-30T14:44:00Z",
      "date": "2021-01-29T23:00:00Z"
    },
    "thumbprint": "4236c236b58207e52aa202defeaa80415e2df6f3192ed447c92eea5af7e6194e"
  },
  {
    "elevationRange": {
      "ceiling": {
        "origin": "AMSL",
        "units": "FEETS",
        "value": 2000.0
      },
      "floor": {
        "origin": "GND",
        "units": "NONE",
        "value": 0.0
      }
    },
    "geometry": {
      "coordinates": [
        {
          "index": 0,
          "latitude": 50.1791,
          "longitude": 14.3635
        }
      ],
      "radius": 1481.6,
      "shape": "POINT"
    },
    "handle": 2082339009,
    "identification": "LKP12",
    "name": "REZ",
    "sun": {
      "astronomicalDawn": "2021-01-30T05:06:00Z",
      "astronomicalDusk": "2021-01-30T15:26:00Z",
      "civilDawn": "2021-01-30T05:42:00Z",
      "civilDusk": "2021-01-30T14:51:00Z",
      "date": "2021-01-29T23:00:00Z"
    },
    "thumbprint": "6fbdc1c98685dc378a16bc6c90731f0d344ea0761e19521de7cdf1a3352abf85"
  },
  {
    "elevationRange": {
      "ceiling": {
        "origin": "AMSL",
        "units": "FEETS",
        "value": 2000.0
      },
      "floor": {
        "origin": "GND",
        "units": "NONE",
        "value": 0.0
      }
    },
    "geometry": {
      "coordinates": [
        {
          "index": 0,
          "latitude": 50.275,
          "longitude": 14.5194
        }
      ],
      "radius": 1481.6,
      "shape": "POINT"
    },
    "handle": 928186631,
    "identification": "LKP11",
    "name": "NERATOVICE",
    "sun": {
      "astronomicalDawn": "2021-01-30T05:06:00Z",
      "astronomicalDusk": "2021-01-30T15:25:00Z",
      "civilDawn": "2021-01-30T05:41:00Z",
      "civilDusk": "2021-01-30T14:50:00Z",
      "date": "2021-01-29T23:00:00Z"
    },
    "thumbprint": "f65ef45b4d26b8b1a9db84096a879659cb0266ffce833c5703f6c9d0b9b3e2ad"
  },
  {
    "elevationRange": {
      "ceiling": {
        "origin": "AMSL",
        "units": "FEETS",
        "value": 5000.0
      },
      "floor": {
        "origin": "GND",
        "units": "NONE",
        "value": 0.0
      }
    },
    "geometry": {
      "coordinates": [
        {
          "index": 0,
          "latitude": 49.1802,
          "longitude": 14.3755
        }
      ],
      "radius": 2037.2,
      "shape": "POINT"
    },
    "handle": 2249745675,
    "identification": "LKP2",
    "name": "TEMELIN",
    "sun": {
      "astronomicalDawn": "2021-01-30T05:04:00Z",
      "astronomicalDusk": "2021-01-30T15:28:00Z",
      "civilDawn": "2021-01-30T05:38:00Z",
      "civilDusk": "2021-01-30T14:54:00Z",
      "date": "2021-01-29T23:00:00Z"
    },
    "thumbprint": "a886539fa3c6911d8afc3f6356f42a7e47a9c8b265c1b997b4eaa4744dedbea0"
  },
  {
    "elevationRange": {
      "ceiling": {
        "origin": "AMSL",
        "units": "FEETS",
        "value": 5000.0
      },
      "floor": {
        "origin": "GND",
        "units": "NONE",
        "value": 0.0
      }
    },
    "geometry": {
      "coordinates": [
        {
          "index": 0,
          "latitude": 49.0858,
          "longitude": 16.1458
        }
      ],
      "radius": 2037.2,
      "shape": "POINT"
    },
    "handle": 2336294666,
    "identification": "LKP9",
    "name": "DUKOVANY",
    "sun": {
      "astronomicalDawn": "2021-01-30T04:57:00Z",
      "astronomicalDusk": "2021-01-30T15:21:00Z",
      "civilDawn": "2021-01-30T05:31:00Z",
      "civilDusk": "2021-01-30T14:47:00Z",
      "date": "2021-01-29T23:00:00Z"
    },
    "thumbprint": "f112cd35e8b6501400835a6f73a5b0e70744c53a7b40fea3b37dec0e600ae9af"
  },
  {
    "elevationRange": {
      "ceiling": {
        "origin": "AMSL",
        "units": "FEETS",
        "value": 3000.0
      },
      "floor": {
        "origin": "GND",
        "units": "NONE",
        "value": 0.0
      }
    },
    "geometry": {
      "coordinates": [
        {
          "index": 0,
          "latitude": 50.068,
          "longitude": 15.7115
        }
      ],
      "radius": 2129.8,
      "shape": "POINT"
    },
    "handle": 3127476140,
    "identification": "LKP6",
    "name": "SEMTÍN",
    "sun": {
      "astronomicalDawn": "2021-01-30T05:01:00Z",
      "astronomicalDusk": "2021-01-30T15:21:00Z",
      "civilDawn": "2021-01-30T05:36:00Z",
      "civilDusk": "2021-01-30T14:45:00Z",
      "date": "2021-01-29T23:00:00Z"
    },
    "thumbprint": "fa6f853f9a91d8145751d1060ecd95b9df2f48e42aa6cb9871f3ac80e6963eca"
  },
  {
    "elevationRange": {
      "ceiling": {
        "origin": "AMSL",
        "units": "FEETS",
        "value": 5000.0
      },
      "floor": {
        "origin": "GND",
        "units": "NONE",
        "value": 0.0
      }
    },
    "geometry": {
      "coordinates": [
        {
          "index": 0,
          "latitude": 49.7066,
          "longitude": 14.8991
        },
        {
          "index": 1,
          "latitude": 49.6815,
          "longitude": 14.966
        },
        {
          "index": 2,
          "latitude": 49.6613,
          "longitude": 14.9319
        },
        {
          "index": 3,
          "latitude": 49.7066,
          "longitude": 14.8991
        }
      ],
      "radius": 0.0,
      "shape": "POLYGON"
    },
    "handle": 1379678623,
    "identification": "LKP4",
    "name": "VLASIM",
    "sun": {
      "astronomicalDawn": "2021-01-30T05:03:00Z",
      "astronomicalDusk": "2021-01-30T15:25:00Z",
      "civilDawn": "2021-01-30T05:38:00Z",
      "civilDusk": "2021-01-30T14:50:00Z",
      "date": "2021-01-29T23:00:00Z"
    },
    "thumbprint": "4aa45ff265e4cc917fb53ac3f8978a300f418e0f4bca0279636301c723f874d7"
  },
  {
    "elevationRange": {
      "ceiling": {
        "origin": "AMSL",
        "units": "FEETS",
        "value": 4000.0
      },
      "floor": {
        "origin": "GND",
        "units": "NONE",
        "value": 0.0
      }
    },
    "geometry": {
      "coordinates": [
        {
          "index": 0,
          "latitude": 50.5634,
          "longitude": 13.6034
        }
      ],
      "radius": 2500.2,
      "shape": "POINT"
    },
    "handle": 2205481873,
    "identification": "LKP8",
    "name": "MOST",
    "sun": {
      "astronomicalDawn": "2021-01-30T05:10:00Z",
      "astronomicalDusk": "2021-01-30T15:28:00Z",
      "civilDawn": "2021-01-30T05:46:00Z",
      "civilDusk": "2021-01-30T14:52:00Z",
      "date": "2021-01-29T23:00:00Z"
    },
    "thumbprint": "56b06d43f12c0d93b533f9481f20eb3193a2ac751adc3c04c36d9298eeb51a14"
  },
  {
    "elevationRange": {
      "ceiling": {
        "origin": "AMSL",
        "units": "FEETS",
        "value": 5000.0
      },
      "floor": {
        "origin": "GND",
        "units": "NONE",
        "value": 0.0
      }
    },
    "geometry": {
      "coordinates": [
        {
          "index": 0,
          "latitude": 49.5927,
          "longitude": 14.5233
        }
      ],
      "radius": 2778.0,
      "shape": "POINT"
    },
    "handle": 2514422461,
    "identification": "LKP5",
    "name": "PRCICE",
    "sun": {
      "astronomicalDawn": "2021-01-30T05:04:00Z",
      "astronomicalDusk": "2021-01-30T15:27:00Z",
      "civilDawn": "2021-01-30T05:39:00Z",
      "civilDusk": "2021-01-30T14:52:00Z",
      "date": "2021-01-29T23:00:00Z"
    },
    "thumbprint": "f652c9cb137e6a36cbaa7d681262fec396aef0dd1c9ff8bdd21b4b86c724b52e"
  }
]