[
  {
    "elevationRange": {
      "ceiling": {
        "origin": "AMSL",
        "units": "FEETS",
        "value": 5000.0
      },
      "floor": {
        "origin": "GND",
        "units": "NONE",
        "value": 0.0
      }
    },
    "geometry": {
      "coordinates": [
        {
          "index": 0,
          "latitude": 49.6794,
          "longitude": 16.2778
        }
      ],
      "radius": 1481.6,
      "shape": "POINT"
    },
    "handle": 2910770632,
    "identification": "LKP7",
    "name": "POLICKA",
    "sun": {
      "astronomicalDawn": "2020-12-06T04:59:00Z",
      "astronomicalDusk": "2020-12-06T14:33:00Z",
      "civilDawn": "2020-12-06T05:36:00Z",
      "civilDusk": "2020-12-06T13:55:00Z",
      "date": "2020-12-05T23:00:00Z"
    },
    "thumbprint": "2e7afe7368f26ac85306a695d866b6063ad0977a2a98e5335c474fffa8001444"
  },
  {
    "elevationRange": {
      "ceiling": {
        "origin": "AMSL",
        "units": "FEETS",
        "value": 5000.0
      },
      "floor": {
        "origin": "GND",
        "units": "NONE",
        "value": 0.0
      }
    },
    "geometry": {
      "coordinates": [
        {
          "index": 0,
          "latitude": 49.0858,
          "longitude": 16.1458
        }
      ],
      "radius": 2037.2,
      "shape": "POINT"
    },
    "handle": 3890944999,
    "identification": "LKP9",
    "name": "DUKOVANY",
    "sun": {
      "astronomicalDawn": "2020-12-06T04:57:00Z",
      "astronomicalDusk": "2020-12-06T14:35:00Z",
      "civilDawn": "2020-12-06T05:34:00Z",
      "civilDusk": "2020-12-06T13:58:00Z",
      "date": "2020-12-05T23:00:00Z"
    },
    "thumbprint": "e5203471da73ab861ab8f2ed02e403451c3d1773eff74392fa7124ab3d7cc257"
  },
  {
    "elevationRange": {
      "ceiling": {
        "origin": "AMSL",
        "units": "FEETS",
        "value": 3000.0
      },
      "floor": {
        "origin": "GND",
        "units": "NONE",
        "value": 0.0
      }
    },
    "geometry": {
      "coordinates": [
        {
          "index": 0,
          "latitude": 50.068,
          "longitude": 15.7115
        }
      ],
      "radius": 2129.8,
      "shape": "POINT"
    },
    "handle": 2267380877,
    "identification": "LKP6",
    "name": "SEMTÍN",
    "sun": {
      "astronomicalDawn": "2020-12-06T05:02:00Z",
      "astronomicalDusk": "2020-12-06T14:34:00Z",
      "civilDawn": "2020-12-06T05:40:00Z",
      "civilDusk": "2020-12-06T13:56:00Z",
      "date": "2020-12-05T23:00:00Z"
    },
    "thumbprint": "5bf1394db8f2e9535df10707784bacecc208aef6f422dfb4b63e86e6d0f8095c"
  },
  {
    "elevationRange": {
      "ceiling": {
        "origin": "AMSL",
        "units": "FEETS",
        "value": 5000.0
      },
      "floor": {
        "origin": "GND",
        "units": "NONE",
        "value": 0.0
      }
    },
    "geometry": {
      "coordinates": [
        {
          "index": 0,
          "latitude": 49.1802,
          "longitude": 14.3755
        }
      ],
      "radius": 2037.2,
      "shape": "POINT"
    },
    "handle": 3251248880,
    "identification": "LKP2",
    "name": "TEMELIN",
    "sun": {
      "astronomicalDawn": "2020-12-06T05:05:00Z",
      "astronomicalDusk": "2020-12-06T14:42:00Z",
      "civilDawn": "2020-12-06T05:42:00Z",
      "civilDusk": "2020-12-06T14:05:00Z",
      "date": "2020-12-05T23:00:00Z"
    },
    "thumbprint": "054773c8e9bf1eb3616260fd6357ff08360a223b85c3ff08beadf182d11f8042"
  },
  {
    "elevationRange": {
      "ceiling": {
        "origin": "AMSL",
        "units": "FEETS",
        "value": 4000.0
      },
      "floor": {
        "origin": "GND",
        "units": "NONE",
        "value": 0.0
      }
    },
    "geometry": {
      "coordinates": [
        {
          "index": 0,
          "latitude": 50.6564,
          "longitude": 14.0202
        }
      ],
      "radius": 926.0,
      "shape": "POINT"
    },
    "handle": 1224126000,
    "identification": "LKP10",
    "name": "USTI NAD LABEM",
    "sun": {
      "astronomicalDawn": "2020-12-06T05:11:00Z",
      "astronomicalDusk": "2020-12-06T14:39:00Z",
      "civilDawn": "2020-12-06T05:49:00Z",
      "civilDusk": "2020-12-06T14:00:00Z",
      "date": "2020-12-05T23:00:00Z"
    },
    "thumbprint": "400992c3e5f7c8948e8afd71144b9bc5f6d99698cafea20f04b76f217a907e2a"
  },
  {
    "elevationRange": {
      "ceiling": {
        "origin": "AMSL",
        "units": "FEETS",
        "value": 4000.0
      },
      "floor": {
        "origin": "GND",
        "units": "NONE",
        "value": 0.0
      }
    },
    "geometry": {
      "coordinates": [
        {
          "index": 0,
          "latitude": 50.5634,
          "longitude": 13.6034
        }
      ],
      "radius": 2500.2,
      "shape": "POINT"
    },
    "handle": 1669151895,
    "identification": "LKP8",
    "name": "MOST",
    "sun": {
      "astronomicalDawn": "2020-12-06T05:12:00Z",
      "astronomicalDusk": "2020-12-06T14:40:00Z",
      "civilDawn": "2020-12-06T05:51:00Z",
      "civilDusk": "2020-12-06T14:02:00Z",
      "date": "2020-12-05T23:00:00Z"
    },
    "thumbprint": "c44f9faed27c982d65ce865412f2ba0217339fc2649e06ee7db8edc449f57eba"
  },
  {
    "elevationRange": {
      "ceiling": {
        "origin": "AMSL",
        "units": "FEETS",
        "value": 2000.0
      },
      "floor": {
        "origin": "GND",
        "units": "NONE",
        "value": 0.0
      }
    },
    "geometry": {
      "coordinates": [
        {
          "index": 0,
          "latitude": 50.275,
          "longitude": 14.5194
        }
      ],
      "radius": 1481.6,
      "shape": "POINT"
    },
    "handle": 3712928151,
    "identification": "LKP11",
    "name": "NERATOVICE",
    "sun": {
      "astronomicalDawn": "2020-12-06T05:08:00Z",
      "astronomicalDusk": "2020-12-06T14:38:00Z",
      "civilDawn": "2020-12-06T05:46:00Z",
      "civilDusk": "2020-12-06T14:00:00Z",
      "date": "2020-12-05T23:00:00Z"
    },
    "thumbprint": "b2187453ba976ceec6aae210665435f15513b61baad17076ffa984734e0e5cdd"
  },
  {
    "elevationRange": {
      "ceiling": {
        "origin": "AMSL",
        "units": "FEETS",
        "value": 5000.0
      },
      "floor": {
        "origin": "GND",
        "units": "NONE",
        "value": 0.0
      }
    },
    "geometry": {
      "coordinates": [
        {
          "index": 0,
          "latitude": 49.5927,
          "longitude": 14.5233
        }
      ],
      "radius": 2778.0,
      "shape": "POINT"
    },
    "handle": 1764886645,
    "identification": "LKP5",
    "name": "PRCICE",
    "sun": {
      "astronomicalDawn": "2020-12-06T05:05:00Z",
      "astronomicalDusk": "2020-12-06T14:40:00Z",
      "civilDawn": "2020-12-06T05:43:00Z",
      "civilDusk": "2020-12-06T14:03:00Z",
      "date": "2020-12-05T23:00:00Z"
    },
    "thumbprint": "44c79bd3074278c949978b4eac67ed8278cca475a3621b4310bece7762febb74"
  },
  {
    "elevationRange": {
      "ceiling": {
        "origin": "AMSL",
        "units": "FEETS",
        "value": 2000.0
      },
      "floor": {
        "origin": "GND",
        "units": "NONE",
        "value": 0.0
      }
    },
    "geometry": {
      "coordinates": [
        {
          "index": 0,
          "latitude": 50.1791,
          "longitude": 14.3635
        }
      ],
      "radius": 1481.6,
      "shape": "POINT"
    },
    "handle": 1109487177,
    "identification": "LKP12",
    "name": "REZ",
    "sun": {
      "astronomicalDawn": "2020-12-06T05:08:00Z",
      "astronomicalDusk": "2020-12-06T14:39:00Z",
      "civilDawn": "2020-12-06T05:46:00Z",
      "civilDusk": "2020-12-06T14:01:00Z",
      "date": "2020-12-05T23:00:00Z"
    },
    "thumbprint": "9c40efeee7b5fd0366eb3d9b61f4e44358f0a649bc3fbc55c606a24e8d39f887"
  },
  {
    "elevationRange": {
      "ceiling": {
        "origin": "AMSL",
        "units": "FEETS",
        "value": 5000.0
      },
      "floor": {
        "origin": "GND",
        "units": "NONE",
        "value": 0.0
      }
    },
    "geometry": {
      "coordinates": [
        {
          "index": 0,
          "latitude": 49.7066,
          "longitude": 14.8991
        },
        {
          "index": 1,
          "latitude": 49.6815,
          "longitude": 14.966
        },
        {
          "index": 2,
          "latitude": 49.6613,
          "longitude": 14.9319
        },
        {
          "index": 3,
          "latitude": 49.7066,
          "longitude": 14.8991
        }
      ],
      "radius": 0.0,
      "shape": "POLYGON"
    },
    "handle": 1828459719,
    "identification": "LKP4",
    "name": "VLASIM",
    "sun": {
      "astronomicalDawn": "2020-12-06T05:04:00Z",
      "astronomicalDusk": "2020-12-06T14:38:00Z",
      "civilDawn": "2020-12-06T05:42:00Z",
      "civilDusk": "2020-12-06T14:01:00Z",
      "date": "2020-12-05T23:00:00Z"
    },
    "thumbprint": "00e1e36670aa4df75358049a219dc5d48e676c5e9b4e9fa1edf27461e1827a5d"
  },
  {
    "elevationRange": {
      "ceiling": {
        "origin": "AMSL",
        "units": "FEETS",
        "value": 5000.0
      },
      "floor": {
        "origin": "GND",
        "units": "NONE",
        "value": 0.0
      }
    },
    "geometry": {
      "coordinates": [
        {
          "index": 0,
          "latitude": 50.0908,
          "longitude": 14.4005
        }
      ],
      "radius": 1111.2,
      "shape": "POINT"
    },
    "handle": 1486828062,
    "identification": "LKP1",
    "name": "PRAŽSKÝ HRAD",
    "sun": {
      "astronomicalDawn": "2020-12-06T05:07:00Z",
      "astronomicalDusk": "2020-12-06T14:39:00Z",
      "civilDawn": "2020-12-06T05:45:00Z",
      "civilDusk": "2020-12-06T14:01:00Z",
      "date": "2020-12-05T23:00:00Z"
    },
    "thumbprint": "867497df86fcdc60ca7748ae7cb14558e29746c9958e858d0cc30a3c8ecb02e7"
  }
]