[
  {
    "elevationRange": {
      "ceiling": {
        "origin": "AMSL",
        "units": "FEETS",
        "value": 4000.0
      },
      "floor": {
        "origin": "GND",
        "units": "NONE",
        "value": 0.0
      }
    },
    "geometry": {
      "coordinates": [
        {
          "index": 0,
          "latitude": 50.6564,
          "longitude": 14.0202
        }
      ],
      "radius": 926.0,
      "shape": "POINT"
    },
    "handle": 2079962988,
    "identification": "LKP10",
    "name": "USTI NAD LABEM",
    "sun": {
      "astronomicalDawn": "2021-02-08T04:56:00Z",
      "astronomicalDusk": "2021-02-08T15:41:00Z",
      "civilDawn": "2021-02-08T05:31:00Z",
      "civilDusk": "2021-02-08T15:06:00Z",
      "date": "2021-02-07T23:00:00Z"
    },
    "thumbprint": "357886edd2cb1dedbf7b3b84ff1c36f75b453e9fb5fb1921cfb50735929e7291"
  },
  {
    "elevationRange": {
      "ceiling": {
        "origin": "AMSL",
        "units": "FEETS",
        "value": 5000.0
      },
      "floor": {
        "origin": "GND",
        "units": "NONE",
        "value": 0.0
      }
    },
    "geometry": {
      "coordinates": [
        {
          "index": 0,
          "latitude": 50.0908,
          "longitude": 14.4005
        }
      ],
      "radius": 1111.2,
      "shape": "POINT"
    },
    "handle": 793784413,
    "identification": "LKP1",
    "name": "PRAŽSKÝ HRAD",
    "sun": {
      "astronomicalDawn": "2021-02-08T04:54:00Z",
      "astronomicalDusk": "2021-02-08T15:40:00Z",
      "civilDawn": "2021-02-08T05:28:00Z",
      "civilDusk": "2021-02-08T15:06:00Z",
      "date": "2021-02-07T23:00:00Z"
    },
    "thumbprint": "132d2540c9223afa4d6ecb278c4ca308bc8c5f2cc9077788812e8809ab223a8d"
  },
  {
    "elevationRange": {
      "ceiling": {
        "origin": "AMSL",
        "units": "FEETS",
        "value": 5000.0
      },
      "floor": {
        "origin": "GND",
        "units": "NONE",
        "value": 0.0
      }
    },
    "geometry": {
      "coordinates": [
        {
          "index": 0,
          "latitude": 49.6794,
          "longitude": 16.2778
        }
      ],
      "radius": 1481.6,
      "shape": "POINT"
    },
    "handle": 1939667538,
    "identification": "LKP7",
    "name": "POLICKA",
    "sun": {
      "astronomicalDawn": "2021-02-08T04:45:00Z",
      "astronomicalDusk": "2021-02-08T15:34:00Z",
      "civilDawn": "2021-02-08T05:19:00Z",
      "civilDusk": "2021-02-08T15:00:00Z",
      "date": "2021-02-07T23:00:00Z"
    },
    "thumbprint": "7787a985e49e6b7e77c00660bec8efb99479f48b29055962caef7e333a9d0ce8"
  },
  {
    "elevationRange": {
      "ceiling": {
        "origin": "AMSL",
        "units": "FEETS",
        "value": 2000.0
      },
      "floor": {
        "origin": "GND",
        "units": "NONE",
        "value": 0.0
      }
    },
    "geometry": {
      "coordinates": [
        {
          "index": 0,
          "latitude": 50.1791,
          "longitude": 14.3635
        }
      ],
      "radius": 1481.6,
      "shape": "POINT"
    },
    "handle": 3099264068,
    "identification": "LKP12",
    "name": "REZ",
    "sun": {
      "astronomicalDawn": "2021-02-08T04:54:00Z",
      "astronomicalDusk": "2021-02-08T15:40:00Z",
      "civilDawn": "2021-02-08T05:28:00Z",
      "civilDusk": "2021-02-08T15:06:00Z",
      "date": "2021-02-07T23:00:00Z"
    },
    "thumbprint": "5279b9fa7983181119d9523188aa5e3036ba44873c19aeffbfedc83c38d48ff9"
  },
  {
    "elevationRange": {
      "ceiling": {
        "origin": "AMSL",
        "units": "FEETS",
        "value": 2000.0
      },
      "floor": {
        "origin": "GND",
        "units": "NONE",
        "value": 0.0
      }
    },
    "geometry": {
      "coordinates": [
        {
          "index": 0,
          "latitude": 50.275,
          "longitude": 14.5194
        }
      ],
      "radius": 1481.6,
      "shape": "POINT"
    },
    "handle": 3489685803,
    "identification": "LKP11",
    "name": "NERATOVICE",
    "sun": {
      "astronomicalDawn": "2021-02-08T04:54:00Z",
      "astronomicalDusk": "2021-02-08T15:40:00Z",
      "civilDawn": "2021-02-08T05:28:00Z",
      "civilDusk": "2021-02-08T15:05:00Z",
      "date": "2021-02-07T23:00:00Z"
    },
    "thumbprint": "f21b3f53c8b8054d4201431aab0340ad8cc2b19f735120daab75a51aeeb6167a"
  },
  {
    "elevationRange": {
      "ceiling": {
        "origin": "AMSL",
        "units": "FEETS",
        "value": 5000.0
      },
      "floor": {
        "origin": "GND",
        "units": "NONE",
        "value": 0.0
      }
    },
    "geometry": {
      "coordinates": [
        {
          "index": 0,
          "latitude": 49.1802,
          "longitude": 14.3755
        }
      ],
      "radius": 2037.2,
      "shape": "POINT"
    },
    "handle": 3170811517,
    "identification": "LKP2",
    "name": "TEMELIN",
    "sun": {
      "astronomicalDawn": "2021-02-08T04:52:00Z",
      "astronomicalDusk": "2021-02-08T15:42:00Z",
      "civilDawn": "2021-02-08T05:26:00Z",
      "civilDusk": "2021-02-08T15:09:00Z",
      "date": "2021-02-07T23:00:00Z"
    },
    "thumbprint": "0b5f9d4555f4cdca0bd026ab5118322969ea4d65e1395787940d222d7841dc26"
  },
  {
    "elevationRange": {
      "ceiling": {
        "origin": "AMSL",
        "units": "FEETS",
        "value": 5000.0
      },
      "floor": {
        "origin": "GND",
        "units": "NONE",
        "value": 0.0
      }
    },
    "geometry": {
      "coordinates": [
        {
          "index": 0,
          "latitude": 49.0858,
          "longitude": 16.1458
        }
      ],
      "radius": 2037.2,
      "shape": "POINT"
    },
    "handle": 2204021985,
    "identification": "LKP9",
    "name": "DUKOVANY",
    "sun": {
      "astronomicalDawn": "2021-02-08T04:45:00Z",
      "astronomicalDusk": "2021-02-08T15:35:00Z",
      "civilDawn": "2021-02-08T05:18:00Z",
      "civilDusk": "2021-02-08T15:02:00Z",
      "date": "2021-02-07T23:00:00Z"
    },
    "thumbprint": "1354d1414217d243ef26ddbebe728f6e52ed9418d8823a8699d967d04d54fd5b"
  },
  {
    "elevationRange": {
      "ceiling": {
        "origin": "AMSL",
        "units": "FEETS",
        "value": 3000.0
      },
      "floor": {
        "origin": "GND",
        "units": "NONE",
        "value": 0.0
      }
    },
    "geometry": {
      "coordinates": [
        {
          "index": 0,
          "latitude": 50.068,
          "longitude": 15.7115
        }
      ],
      "radius": 2129.8,
      "shape": "POINT"
    },
    "handle": 3443546362,
    "identification": "LKP6",
    "name": "SEMTÍN",
    "sun": {
      "astronomicalDawn": "2021-02-08T04:48:00Z",
      "astronomicalDusk": "2021-02-08T15:35:00Z",
      "civilDawn": "2021-02-08T05:23:00Z",
      "civilDusk": "2021-02-08T15:01:00Z",
      "date": "2021-02-07T23:00:00Z"
    },
    "thumbprint": "f53f20749481d046b5f4ca29bd3fec8b41e3801a5da5c8cc1ffa3df72f743075"
  },
  {
    "elevationRange": {
      "ceiling": {
        "origin": "AMSL",
        "units": "FEETS",
        "value": 5000.0
      },
      "floor": {
        "origin": "GND",
        "units": "NONE",
        "value": 0.0
      }
    },
    "geometry": {
      "coordinates": [
        {
          "index": 0,
          "latitude": 49.7066,
          "longitude": 14.8991
        },
        {
          "index": 1,
          "latitude": 49.6815,
          "longitude": 14.966
        },
        {
          "index": 2,
          "latitude": 49.6613,
          "longitude": 14.9319
        },
        {
          "index": 3,
          "latitude": 49.7066,
          "longitude": 14.8991
        }
      ],
      "radius": 0.0,
      "shape": "POLYGON"
    },
    "handle": 2656786536,
    "identification": "LKP4",
    "name": "VLASIM",
    "sun": {
      "astronomicalDawn": "2021-02-08T04:51:00Z",
      "astronomicalDusk": "2021-02-08T15:39:00Z",
      "civilDawn": "2021-02-08T05:25:00Z",
      "civilDusk": "2021-02-08T15:05:00Z",
      "date": "2021-02-07T23:00:00Z"
    },
    "thumbprint": "558427a20e5731fee6f4fa62bc27a19cd129c762bee88f54b91e3f030b524902"
  },
  {
    "elevationRange": {
      "ceiling": {
        "origin": "AMSL",
        "units": "FEETS",
        "value": 4000.0
      },
      "floor": {
        "origin": "GND",
        "units": "NONE",
        "value": 0.0
      }
    },
    "geometry": {
      "coordinates": [
        {
          "index": 0,
          "latitude": 50.5634,
          "longitude": 13.6034
        }
      ],
      "radius": 2500.2,
      "shape": "POINT"
    },
    "handle": 402243934,
    "identification": "LKP8",
    "name": "MOST",
    "sun": {
      "astronomicalDawn": "2021-02-08T04:58:00Z",
      "astronomicalDusk": "2021-02-08T15:43:00Z",
      "civilDawn": "2021-02-08T05:32:00Z",
      "civilDusk": "2021-02-08T15:08:00Z",
      "date": "2021-02-07T23:00:00Z"
    },
    "thumbprint": "4214ae9889eb5b1c2aa0d89c055d57332a18b63ad28f9b35e9cd14067d06201f"
  },
  {
    "elevationRange": {
      "ceiling": {
        "origin": "AMSL",
        "units": "FEETS",
        "value": 5000.0
      },
      "floor": {
        "origin": "GND",
        "units": "NONE",
        "value": 0.0
      }
    },
    "geometry": {
      "coordinates": [
        {
          "index": 0,
          "latitude": 49.5927,
          "longitude": 14.5233
        }
      ],
      "radius": 2778.0,
      "shape": "POINT"
    },
    "handle": 1224845477,
    "identification": "LKP5",
    "name": "PRCICE",
    "sun": {
      "astronomicalDawn": "2021-02-08T04:52:00Z",
      "astronomicalDusk": "2021-02-08T15:41:00Z",
      "civilDawn": "2021-02-08T05:26:00Z",
      "civilDusk": "2021-02-08T15:07:00Z",
      "date": "2021-02-07T23:00:00Z"
    },
    "thumbprint": "4810998d87be2317d4e35e8c6e76a5586b3b6f35585e1adf608a216faf6044bd"
  }
]