[
  {
    "elevationRange": {
      "ceiling": {
        "origin": "AMSL",
        "units": "FEETS",
        "value": 4000.0
      },
      "floor": {
        "origin": "GND",
        "units": "NONE",
        "value": 0.0
      }
    },
    "geometry": {
      "coordinates": [
        {
          "index": 0,
          "latitude": 50.5634,
          "longitude": 13.6034
        }
      ],
      "radius": 2500.2,
      "shape": "POINT"
    },
    "handle": 3074849227,
    "identification": "LKP8",
    "name": "MOST",
    "sun": {
      "astronomicalDawn": "2020-12-27T05:27:00Z",
      "astronomicalDusk": "2020-12-27T14:46:00Z",
      "civilDawn": "2020-12-27T06:07:00Z",
      "civilDusk": "2020-12-27T14:07:00Z",
      "date": "2020-12-26T23:00:00Z"
    },
    "thumbprint": "04d179954079cc1816cf899ee108b26e6661a6c9ac5d6e518c1c30cfe647107d"
  },
  {
    "elevationRange": {
      "ceiling": {
        "origin": "AMSL",
        "units": "FEETS",
        "value": 2000.0
      },
      "floor": {
        "origin": "GND",
        "units": "NONE",
        "value": 0.0
      }
    },
    "geometry": {
      "coordinates": [
        {
          "index": 0,
          "latitude": 50.1791,
          "longitude": 14.3635
        }
      ],
      "radius": 1481.6,
      "shape": "POINT"
    },
    "handle": 3730078428,
    "identification": "LKP12",
    "name": "REZ",
    "sun": {
      "astronomicalDawn": "2020-12-27T05:23:00Z",
      "astronomicalDusk": "2020-12-27T14:44:00Z",
      "civilDawn": "2020-12-27T06:02:00Z",
      "civilDusk": "2020-12-27T14:06:00Z",
      "date": "2020-12-26T23:00:00Z"
    },
    "thumbprint": "abd86b965cd389b2bf70153bb861ab23f141b58f3d39e8266b6676018338fb35"
  },
  {
    "elevationRange": {
      "ceiling": {
        "origin": "AMSL",
        "units": "FEETS",
        "value": 2000.0
      },
      "floor": {
        "origin": "GND",
        "units": "NONE",
        "value": 0.0
      }
    },
    "geometry": {
      "coordinates": [
        {
          "index": 0,
          "latitude": 50.275,
          "longitude": 14.5194
        }
      ],
      "radius": 1481.6,
      "shape": "POINT"
    },
    "handle": 472395070,
    "identification": "LKP11",
    "name": "NERATOVICE",
    "sun": {
      "astronomicalDawn": "2020-12-27T05:23:00Z",
      "astronomicalDusk": "2020-12-27T14:43:00Z",
      "civilDawn": "2020-12-27T06:01:00Z",
      "civilDusk": "2020-12-27T14:04:00Z",
      "date": "2020-12-26T23:00:00Z"
    },
    "thumbprint": "052a249441b4d74386c89ebfdd63306bbaa0fa90e18c6d121371392d8431c465"
  },
  {
    "elevationRange": {
      "ceiling": {
        "origin": "AMSL",
        "units": "FEETS",
        "value": 5000.0
      },
      "floor": {
        "origin": "GND",
        "units": "NONE",
        "value": 0.0
      }
    },
    "geometry": {
      "coordinates": [
        {
          "index": 0,
          "latitude": 49.6794,
          "longitude": 16.2778
        }
      ],
      "radius": 1481.6,
      "shape": "POINT"
    },
    "handle": 546415005,
    "identification": "LKP7",
    "name": "POLICKA",
    "sun": {
      "astronomicalDawn": "2020-12-27T05:14:00Z",
      "astronomicalDusk": "2020-12-27T14:38:00Z",
      "civilDawn": "2020-12-27T05:52:00Z",
      "civilDusk": "2020-12-27T14:00:00Z",
      "date": "2020-12-26T23:00:00Z"
    },
    "thumbprint": "14f95959629c53ab9fe91c876df7278aec647e875e95ad2ebe74508ea3ec675b"
  },
  {
    "elevationRange": {
      "ceiling": {
        "origin": "AMSL",
        "units": "FEETS",
        "value": 5000.0
      },
      "floor": {
        "origin": "GND",
        "units": "NONE",
        "value": 0.0
      }
    },
    "geometry": {
      "coordinates": [
        {
          "index": 0,
          "latitude": 49.7066,
          "longitude": 14.8991
        },
        {
          "index": 1,
          "latitude": 49.6815,
          "longitude": 14.966
        },
        {
          "index": 2,
          "latitude": 49.6613,
          "longitude": 14.9319
        },
        {
          "index": 3,
          "latitude": 49.7066,
          "longitude": 14.8991
        }
      ],
      "radius": 0.0,
      "shape": "POLYGON"
    },
    "handle": 941593703,
    "identification": "LKP4",
    "name": "VLASIM",
    "sun": {
      "astronomicalDawn": "2020-12-27T05:19:00Z",
      "astronomicalDusk": "2020-12-27T14:44:00Z",
      "civilDawn": "2020-12-27T05:57:00Z",
      "civilDusk": "2020-12-27T14:06:00Z",
      "date": "2020-12-26T23:00:00Z"
    },
    "thumbprint": "af72389163773e478de70ed457fa9129a5e1869d42cfdd8dec66560734799957"
  },
  {
    "elevationRange": {
      "ceiling": {
        "origin": "AMSL",
        "units": "FEETS",
        "value": 3000.0
      },
      "floor": {
        "origin": "GND",
        "units": "NONE",
        "value": 0.0
      }
    },
    "geometry": {
      "coordinates": [
        {
          "index": 0,
          "latitude": 50.068,
          "longitude": 15.7115
        }
      ],
      "radius": 2129.8,
      "shape": "POINT"
    },
    "handle": 2238397560,
    "identification": "LKP6",
    "name": "SEMTÍN",
    "sun": {
      "astronomicalDawn": "2020-12-27T05:17:00Z",
      "astronomicalDusk": "2020-12-27T14:39:00Z",
      "civilDawn": "2020-12-27T05:56:00Z",
      "civilDusk": "2020-12-27T14:01:00Z",
      "date": "2020-12-26T23:00:00Z"
    },
    "thumbprint": "f54252d7954994ea34f678acbf1a6cfe72201efda7b626809d0e14e22a1ab371"
  },
  {
    "elevationRange": {
      "ceiling": {
        "origin": "AMSL",
        "units": "FEETS",
        "value": 4000.0
      },
      "floor": {
        "origin": "GND",
        "units": "NONE",
        "value": 0.0
      }
    },
    "geometry": {
      "coordinates": [
        {
          "index": 0,
          "latitude": 50.6564,
          "longitude": 14.0202
        }
      ],
      "radius": 926.0,
      "shape": "POINT"
    },
    "handle": 1127031529,
    "identification": "LKP10",
    "name": "USTI NAD LABEM",
    "sun": {
      "astronomicalDawn": "2020-12-27T05:26:00Z",
      "astronomicalDusk": "2020-12-27T14:44:00Z",
      "civilDawn": "2020-12-27T06:05:00Z",
      "civilDusk": "2020-12-27T14:05:00Z",
      "date": "2020-12-26T23:00:00Z"
    },
    "thumbprint": "a90db7a1dbb7e2b5c4a57feb1a8649e5fb18ccab8771fa38f29dd0a56c5b8322"
  },
  {
    "elevationRange": {
      "ceiling": {
        "origin": "AMSL",
        "units": "FEETS",
        "value": 5000.0
      },
      "floor": {
        "origin": "GND",
        "units": "NONE",
        "value": 0.0
      }
    },
    "geometry": {
      "coordinates": [
        {
          "index": 0,
          "latitude": 49.5927,
          "longitude": 14.5233
        }
      ],
      "radius": 2778.0,
      "shape": "POINT"
    },
    "handle": 793209029,
    "identification": "LKP5",
    "name": "PRCICE",
    "sun": {
      "astronomicalDawn": "2020-12-27T05:20:00Z",
      "astronomicalDusk": "2020-12-27T14:46:00Z",
      "civilDawn": "2020-12-27T05:58:00Z",
      "civilDusk": "2020-12-27T14:08:00Z",
      "date": "2020-12-26T23:00:00Z"
    },
    "thumbprint": "4df6f10602341026c7a2a35c1c9d4d3226ae70ae3d606047bd6176f683264ad1"
  },
  {
    "elevationRange": {
      "ceiling": {
        "origin": "AMSL",
        "units": "FEETS",
        "value": 5000.0
      },
      "floor": {
        "origin": "GND",
        "units": "NONE",
        "value": 0.0
      }
    },
    "geometry": {
      "coordinates": [
        {
          "index": 0,
          "latitude": 50.0908,
          "longitude": 14.4005
        }
      ],
      "radius": 1111.2,
      "shape": "POINT"
    },
    "handle": 275333052,
    "identification": "LKP1",
    "name": "PRAŽSKÝ HRAD",
    "sun": {
      "astronomicalDawn": "2020-12-27T05:22:00Z",
      "astronomicalDusk": "2020-12-27T14:44:00Z",
      "civilDawn": "2020-12-27T06:01:00Z",
      "civilDusk": "2020-12-27T14:06:00Z",
      "date": "2020-12-26T23:00:00Z"
    },
    "thumbprint": "9a88fb670e9c5721bf72c8bdba938022c376621c8948a7829b56aed1c412a665"
  },
  {
    "elevationRange": {
      "ceiling": {
        "origin": "AMSL",
        "units": "FEETS",
        "value": 5000.0
      },
      "floor": {
        "origin": "GND",
        "units": "NONE",
        "value": 0.0
      }
    },
    "geometry": {
      "coordinates": [
        {
          "index": 0,
          "latitude": 49.1802,
          "longitude": 14.3755
        }
      ],
      "radius": 2037.2,
      "shape": "POINT"
    },
    "handle": 3184408012,
    "identification": "LKP2",
    "name": "TEMELIN",
    "sun": {
      "astronomicalDawn": "2020-12-27T05:19:00Z",
      "astronomicalDusk": "2020-12-27T14:48:00Z",
      "civilDawn": "2020-12-27T05:57:00Z",
      "civilDusk": "2020-12-27T14:10:00Z",
      "date": "2020-12-26T23:00:00Z"
    },
    "thumbprint": "1e092450633e2f649724a5f5da5399702372142fefcdea3f12ea1f5f49d55b8e"
  },
  {
    "elevationRange": {
      "ceiling": {
        "origin": "AMSL",
        "units": "FEETS",
        "value": 5000.0
      },
      "floor": {
        "origin": "GND",
        "units": "NONE",
        "value": 0.0
      }
    },
    "geometry": {
      "coordinates": [
        {
          "index": 0,
          "latitude": 49.0858,
          "longitude": 16.1458
        }
      ],
      "radius": 2037.2,
      "shape": "POINT"
    },
    "handle": 1959557856,
    "identification": "LKP9",
    "name": "DUKOVANY",
    "sun": {
      "astronomicalDawn": "2020-12-27T05:12:00Z",
      "astronomicalDusk": "2020-12-27T14:41:00Z",
      "civilDawn": "2020-12-27T05:50:00Z",
      "civilDusk": "2020-12-27T14:03:00Z",
      "date": "2020-12-26T23:00:00Z"
    },
    "thumbprint": "85233466ff9186fe2d8d596763c7db8bbc2fcf1b08e537d5b6987b125fabeae0"
  }
]