[
  {
    "elevationRange": {
      "ceiling": {
        "origin": "AMSL",
        "units": "FEETS",
        "value": 4000.0
      },
      "floor": {
        "origin": "GND",
        "units": "NONE",
        "value": 0.0
      }
    },
    "geometry": {
      "coordinates": [
        {
          "index": 0,
          "latitude": 50.6564,
          "longitude": 14.0202
        }
      ],
      "radius": 926.0,
      "shape": "POINT"
    },
    "handle": 725002567,
    "identification": "LKP10",
    "name": "USTI NAD LABEM",
    "sun": {
      "astronomicalDawn": "2021-01-09T05:26:00Z",
      "astronomicalDusk": "2021-01-09T14:56:00Z",
      "civilDawn": "2021-01-09T06:04:00Z",
      "civilDusk": "2021-01-09T14:18:00Z",
      "date": "2021-01-08T23:00:00Z"
    },
    "thumbprint": "feb5607198c834327f6d6419b1587f91211319765459fcf7293773fc5a0312c1"
  },
  {
    "elevationRange": {
      "ceiling": {
        "origin": "AMSL",
        "units": "FEETS",
        "value": 5000.0
      },
      "floor": {
        "origin": "GND",
        "units": "NONE",
        "value": 0.0
      }
    },
    "geometry": {
      "coordinates": [
        {
          "index": 0,
          "latitude": 50.0908,
          "longitude": 14.4005
        }
      ],
      "radius": 1111.2,
      "shape": "POINT"
    },
    "handle": 1646017004,
    "identification": "LKP1",
    "name": "PRAŽSKÝ HRAD",
    "sun": {
      "astronomicalDawn": "2021-01-09T05:22:00Z",
      "astronomicalDusk": "2021-01-09T14:56:00Z",
      "civilDawn": "2021-01-09T06:00:00Z",
      "civilDusk": "2021-01-09T14:19:00Z",
      "date": "2021-01-08T23:00:00Z"
    },
    "thumbprint": "bcf7288c28c9a9d041ae1fc85df1f62a0fc3db2908654889e8bf609da2312651"
  },
  {
    "elevationRange": {
      "ceiling": {
        "origin": "AMSL",
        "units": "FEETS",
        "value": 5000.0
      },
      "floor": {
        "origin": "GND",
        "units": "NONE",
        "value": 0.0
      }
    },
    "geometry": {
      "coordinates": [
        {
          "index": 0,
          "latitude": 49.1802,
          "longitude": 14.3755
        }
      ],
      "radius": 2037.2,
      "shape": "POINT"
    },
    "handle": 353575200,
    "identification": "LKP2",
    "name": "TEMELIN",
    "sun": {
      "astronomicalDawn": "2021-01-09T05:19:00Z",
      "astronomicalDusk": "2021-01-09T14:59:00Z",
      "civilDawn": "2021-01-09T05:56:00Z",
      "civilDusk": "2021-01-09T14:23:00Z",
      "date": "2021-01-08T23:00:00Z"
    },
    "thumbprint": "e2b812b73e7ef8d211d5bc866930e85fb5188df8715f867bc13dc7c8d47d4858"
  },
  {
    "elevationRange": {
      "ceiling": {
        "origin": "AMSL",
        "units": "FEETS",
        "value": 5000.0
      },
      "floor": {
        "origin": "GND",
        "units": "NONE",
        "value": 0.0
      }
    },
    "geometry": {
      "coordinates": [
        {
          "index": 0,
          "latitude": 49.0858,
          "longitude": 16.1458
        }
      ],
      "radius": 2037.2,
      "shape": "POINT"
    },
    "handle": 1043571958,
    "identification": "LKP9",
    "name": "DUKOVANY",
    "sun": {
      "astronomicalDawn": "2021-01-09T05:12:00Z",
      "astronomicalDusk": "2021-01-09T14:53:00Z",
      "civilDawn": "2021-01-09T05:49:00Z",
      "civilDusk": "2021-01-09T14:16:00Z",
      "date": "2021-01-08T23:00:00Z"
    },
    "thumbprint": "09644f8138f2ff253f302df78ac69e081562022ef3f2c4fbc052ab3eac609188"
  },
  {
    "elevationRange": {
      "ceiling": {
        "origin": "AMSL",
        "units": "FEETS",
        "value": 3000.0
      },
      "floor": {
        "origin": "GND",
        "units": "NONE",
        "value": 0.0
      }
    },
    "geometry": {
      "coordinates": [
        {
          "index": 0,
          "latitude": 50.068,
          "longitude": 15.7115
        }
      ],
      "radius": 2129.8,
      "shape": "POINT"
    },
    "handle": 1420434121,
    "identification": "LKP6",
    "name": "SEMTÍN",
    "sun": {
      "astronomicalDawn": "2021-01-09T05:17:00Z",
      "astronomicalDusk": "2021-01-09T14:51:00Z",
      "civilDawn": "2021-01-09T05:55:00Z",
      "civilDusk": "2021-01-09T14:13:00Z",
      "date": "2021-01-08T23:00:00Z"
    },
    "thumbprint": "2c2ee6fdb8137e5f24a0e4601508a95efcdd60506a55db3edf1909dbee741fb3"
  },
  {
    "elevationRange": {
      "ceiling": {
        "origin": "AMSL",
        "units": "FEETS",
        "value": 5000.0
      },
      "floor": {
        "origin": "GND",
        "units": "NONE",
        "value": 0.0
      }
    },
    "geometry": {
      "coordinates": [
        {
          "index": 0,
          "latitude": 49.7066,
          "longitude": 14.8991
        },
        {
          "index": 1,
          "latitude": 49.6815,
          "longitude": 14.966
        },
        {
          "index": 2,
          "latitude": 49.6613,
          "longitude": 14.9319
        },
        {
          "index": 3,
          "latitude": 49.7066,
          "longitude": 14.8991
        }
      ],
      "radius": 0.0,
      "shape": "POLYGON"
    },
    "handle": 3809873460,
    "identification": "LKP4",
    "name": "VLASIM",
    "sun": {
      "astronomicalDawn": "2021-01-09T05:19:00Z",
      "astronomicalDusk": "2021-01-09T14:55:00Z",
      "civilDawn": "2021-01-09T05:56:00Z",
      "civilDusk": "2021-01-09T14:18:00Z",
      "date": "2021-01-08T23:00:00Z"
    },
    "thumbprint": "3ad9a6b0911014821b79dbcc9fde5286f25ec68c90b4332cf8cb088bc606bfc3"
  },
  {
    "elevationRange": {
      "ceiling": {
        "origin": "AMSL",
        "units": "FEETS",
        "value": 4000.0
      },
      "floor": {
        "origin": "GND",
        "units": "NONE",
        "value": 0.0
      }
    },
    "geometry": {
      "coordinates": [
        {
          "index": 0,
          "latitude": 50.5634,
          "longitude": 13.6034
        }
      ],
      "radius": 2500.2,
      "shape": "POINT"
    },
    "handle": 3645469291,
    "identification": "LKP8",
    "name": "MOST",
    "sun": {
      "astronomicalDawn": "2021-01-09T05:27:00Z",
      "astronomicalDusk": "2021-01-09T14:58:00Z",
      "civilDawn": "2021-01-09T06:05:00Z",
      "civilDusk": "2021-01-09T14:20:00Z",
      "date": "2021-01-08T23:00:00Z"
    },
    "thumbprint": "93e69a4a87b34f9c2f14dcbb70a604d70625812616ae58ff9168d23b6435a3a4"
  },
  {
    "elevationRange": {
      "ceiling": {
        "origin": "AMSL",
        "units": "FEETS",
        "value": 5000.0
      },
      "floor": {
        "origin": "GND",
        "units": "NONE",
        "value": 0.0
      }
    },
    "geometry": {
      "coordinates": [
        {
          "index": 0,
          "latitude": 49.6794,
          "longitude": 16.2778
        }
      ],
      "radius": 1481.6,
      "shape": "POINT"
    },
    "handle": 466407257,
    "identification": "LKP7",
    "name": "POLICKA",
    "sun": {
      "astronomicalDawn": "2021-01-09T05:13:00Z",
      "astronomicalDusk": "2021-01-09T14:50:00Z",
      "civilDawn": "2021-01-09T05:51:00Z",
      "civilDusk": "2021-01-09T14:13:00Z",
      "date": "2021-01-08T23:00:00Z"
    },
    "thumbprint": "16a457ad42ebbe622fffdc80e3c010fed3cdabeb993fbbbe6a7545096a7e9ea6"
  },
  {
    "elevationRange": {
      "ceiling": {
        "origin": "AMSL",
        "units": "FEETS",
        "value": 2000.0
      },
      "floor": {
        "origin": "GND",
        "units": "NONE",
        "value": 0.0
      }
    },
    "geometry": {
      "coordinates": [
        {
          "index": 0,
          "latitude": 50.1791,
          "longitude": 14.3635
        }
      ],
      "radius": 1481.6,
      "shape": "POINT"
    },
    "handle": 245731684,
    "identification": "LKP12",
    "name": "REZ",
    "sun": {
      "astronomicalDawn": "2021-01-09T05:23:00Z",
      "astronomicalDusk": "2021-01-09T14:56:00Z",
      "civilDawn": "2021-01-09T06:01:00Z",
      "civilDusk": "2021-01-09T14:18:00Z",
      "date": "2021-01-08T23:00:00Z"
    },
    "thumbprint": "e1920cd12d0a01516f08b5c025baf85692eea58d09ef5b24fab828f9c80f7c0b"
  },
  {
    "elevationRange": {
      "ceiling": {
        "origin": "AMSL",
        "units": "FEETS",
        "value": 2000.0
      },
      "floor": {
        "origin": "GND",
        "units": "NONE",
        "value": 0.0
      }
    },
    "geometry": {
      "coordinates": [
        {
          "index": 0,
          "latitude": 50.275,
          "longitude": 14.5194
        }
      ],
      "radius": 1481.6,
      "shape": "POINT"
    },
    "handle": 2336089677,
    "identification": "LKP11",
    "name": "NERATOVICE",
    "sun": {
      "astronomicalDawn": "2021-01-09T05:22:00Z",
      "astronomicalDusk": "2021-01-09T14:55:00Z",
      "civilDawn": "2021-01-09T06:00:00Z",
      "civilDusk": "2021-01-09T14:17:00Z",
      "date": "2021-01-08T23:00:00Z"
    },
    "thumbprint": "60e3461359a6faefed6a814358802b2c3a2e4dde2cc926e69cfe58f4d690e890"
  },
  {
    "elevationRange": {
      "ceiling": {
        "origin": "AMSL",
        "units": "FEETS",
        "value": 5000.0
      },
      "floor": {
        "origin": "GND",
        "units": "NONE",
        "value": 0.0
      }
    },
    "geometry": {
      "coordinates": [
        {
          "index": 0,
          "latitude": 49.5927,
          "longitude": 14.5233
        }
      ],
      "radius": 2778.0,
      "shape": "POINT"
    },
    "handle": 3419535338,
    "identification": "LKP5",
    "name": "PRCICE",
    "sun": {
      "astronomicalDawn": "2021-01-09T05:20:00Z",
      "astronomicalDusk": "2021-01-09T14:57:00Z",
      "civilDawn": "2021-01-09T05:58:00Z",
      "civilDusk": "2021-01-09T14:20:00Z",
      "date": "2021-01-08T23:00:00Z"
    },
    "thumbprint": "85748b5bb19fedf879404a7bed9c9d794d442be8b48f9ef378a4c23d779f7153"
  }
]