[
  {
    "elevationRange": {
      "ceiling": {
        "origin": "AMSL",
        "units": "FEETS",
        "value": 5000.0
      },
      "floor": {
        "origin": "GND",
        "units": "NONE",
        "value": 0.0
      }
    },
    "geometry": {
      "coordinates": [
        {
          "index": 0,
          "latitude": 50.0832,
          "longitude": 14.4353
        }
      ],
      "radius": 5556.0,
      "shape": "POINT"
    },
    "handle": 1732897780,
    "identification": "LKR9",
    "name": "PRAHA",
    "sun": {
      "astronomicalDawn": "2021-02-16T04:41:00Z",
      "astronomicalDusk": "2021-02-16T15:53:00Z",
      "civilDawn": "2021-02-16T05:14:00Z",
      "civilDusk": "2021-02-16T15:20:00Z",
      "date": "2021-02-15T23:00:00Z"
    },
    "thumbprint": "262a6a42dbb7bb224d2cad50fa7e2e3d862315971cac74f7d0f890d35120c78f"
  },
  {
    "elevationRange": {
      "ceiling": {
        "origin": "AGL",
        "units": "FEETS",
        "value": 1000.0
      },
      "floor": {
        "origin": "GND",
        "units": "NONE",
        "value": 0.0
      }
    },
    "geometry": {
      "coordinates": [
        {
          "index": 0,
          "latitude": 50.9317,
          "longitude": 14.4562
        },
        {
          "index": 1,
          "latitude": 50.8639,
          "longitude": 14.4532
        },
        {
          "index": 2,
          "latitude": 50.8529,
          "longitude": 14.3958
        },
        {
          "index": 3,
          "latitude": 50.8355,
          "longitude": 14.3282
        },
        {
          "index": 4,
          "latitude": 50.8526,
          "longitude": 14.3328
        },
        {
          "index": 5,
          "latitude": 50.8697,
          "longitude": 14.2324
        },
        {
          "index": 6,
          "latitude": 50.8697,
          "longitude": 14.2324
        },
        {
          "index": 7,
          "latitude": 50.8697,
          "longitude": 14.2324
        },
        {
          "index": 8,
          "latitude": 50.8697,
          "longitude": 14.2324
        },
        {
          "index": 9,
          "latitude": 50.8822,
          "longitude": 14.2364
        },
        {
          "index": 10,
          "latitude": 50.8876,
          "longitude": 14.2333
        },
        {
          "index": 11,
          "latitude": 50.888,
          "longitude": 14.236
        },
        {
          "index": 12,
          "latitude": 50.8878,
          "longitude": 14.2516
        },
        {
          "index": 13,
          "latitude": 50.8897,
          "longitude": 14.2573
        },
        {
          "index": 14,
          "latitude": 50.8953,
          "longitude": 14.2674
        },
        {
          "index": 15,
          "latitude": 50.8922,
          "longitude": 14.2831
        },
        {
          "index": 16,
          "latitude": 50.8883,
          "longitude": 14.2864
        },
        {
          "index": 17,
          "latitude": 50.8875,
          "longitude": 14.2885
        },
        {
          "index": 18,
          "latitude": 50.8839,
          "longitude": 14.3048
        },
        {
          "index": 19,
          "latitude": 50.8889,
          "longitude": 14.3194
        },
        {
          "index": 20,
          "latitude": 50.8907,
          "longitude": 14.3346
        },
        {
          "index": 21,
          "latitude": 50.8927,
          "longitude": 14.3491
        },
        {
          "index": 22,
          "latitude": 50.8953,
          "longitude": 14.3505
        },
        {
          "index": 23,
          "latitude": 50.8978,
          "longitude": 14.3485
        },
        {
          "index": 24,
          "latitude": 50.9005,
          "longitude": 14.352
        },
        {
          "index": 25,
          "latitude": 50.8974,
          "longitude": 14.3627
        },
        {
          "index": 26,
          "latitude": 50.8962,
          "longitude": 14.3738
        },
        {
          "index": 27,
          "latitude": 50.8973,
          "longitude": 14.3771
        },
        {
          "index": 28,
          "latitude": 50.9013,
          "longitude": 14.3878
        },
        {
          "index": 29,
          "latitude": 50.9026,
          "longitude": 14.3858
        },
        {
          "index": 30,
          "latitude": 50.9085,
          "longitude": 14.3887
        },
        {
          "index": 31,
          "latitude": 50.9104,
          "longitude": 14.387
        },
        {
          "index": 32,
          "latitude": 50.9166,
          "longitude": 14.3897
        },
        {
          "index": 33,
          "latitude": 50.9189,
          "longitude": 14.3887
        },
        {
          "index": 34,
          "latitude": 50.9181,
          "longitude": 14.3942
        },
        {
          "index": 35,
          "latitude": 50.921,
          "longitude": 14.3925
        },
        {
          "index": 36,
          "latitude": 50.9256,
          "longitude": 14.3988
        },
        {
          "index": 37,
          "latitude": 50.9238,
          "longitude": 14.4022
        },
        {
          "index": 38,
          "latitude": 50.9317,
          "longitude": 14.4562
        }
      ],
      "radius": 0.0,
      "shape": "POLYGON"
    },
    "handle": 1541529458,
    "identification": "LKR2",
    "name": "ČESKÉ ŠVÝCARSKO",
    "sun": {
      "astronomicalDawn": "2021-02-16T04:42:00Z",
      "astronomicalDusk": "2021-02-16T15:52:00Z",
      "civilDawn": "2021-02-16T05:17:00Z",
      "civilDusk": "2021-02-16T15:18:00Z",
      "date": "2021-02-15T23:00:00Z"
    },
    "thumbprint": "607655f411d3c81f891fd03dc13e9db99810b616d10142fac36df0e1fba25ffa"
  },
  {
    "elevationRange": {
      "ceiling": {
        "origin": "AGL",
        "units": "FEETS",
        "value": 1000.0
      },
      "floor": {
        "origin": "GND",
        "units": "NONE",
        "value": 0.0
      }
    },
    "geometry": {
      "coordinates": [
        {
          "index": 0,
          "latitude": 48.9054,
          "longitude": 15.8423
        },
        {
          "index": 1,
          "latitude": 48.8973,
          "longitude": 15.8789
        },
        {
          "index": 2,
          "latitude": 48.8783,
          "longitude": 15.8978
        },
        {
          "index": 3,
          "latitude": 48.8707,
          "longitude": 15.8949
        },
        {
          "index": 4,
          "latitude": 48.865,
          "longitude": 15.9068
        },
        {
          "index": 5,
          "latitude": 48.8572,
          "longitude": 15.9053
        },
        {
          "index": 6,
          "latitude": 48.8475,
          "longitude": 15.9228
        },
        {
          "index": 7,
          "latitude": 48.8491,
          "longitude": 15.9371
        },
        {
          "index": 8,
          "latitude": 48.843,
          "longitude": 15.9376
        },
        {
          "index": 9,
          "latitude": 48.8414,
          "longitude": 15.9794
        },
        {
          "index": 10,
          "latitude": 48.8556,
          "longitude": 15.9853
        },
        {
          "index": 11,
          "latitude": 48.8546,
          "longitude": 16.0383
        },
        {
          "index": 12,
          "latitude": 48.843,
          "longitude": 16.0403
        },
        {
          "index": 13,
          "latitude": 48.8272,
          "longitude": 16.0064
        },
        {
          "index": 14,
          "latitude": 48.821,
          "longitude": 16.0125
        },
        {
          "index": 15,
          "latitude": 48.8013,
          "longitude": 15.9924
        },
        {
          "index": 16,
          "latitude": 48.8125,
          "longitude": 15.9843
        },
        {
          "index": 17,
          "latitude": 48.8122,
          "longitude": 15.9685
        },
        {
          "index": 18,
          "latitude": 48.7972,
          "longitude": 15.9685
        },
        {
          "index": 19,
          "latitude": 48.7958,
          "longitude": 15.9674
        },
        {
          "index": 20,
          "latitude": 48.7984,
          "longitude": 15.9595
        },
        {
          "index": 21,
          "latitude": 48.8053,
          "longitude": 15.95
        },
        {
          "index": 22,
          "latitude": 48.8067,
          "longitude": 15.9504
        },
        {
          "index": 23,
          "latitude": 48.8179,
          "longitude": 15.9558
        },
        {
          "index": 24,
          "latitude": 48.8201,
          "longitude": 15.9598
        },
        {
          "index": 25,
          "latitude": 48.8239,
          "longitude": 15.956
        },
        {
          "index": 26,
          "latitude": 48.8256,
          "longitude": 15.9482
        },
        {
          "index": 27,
          "latitude": 48.8281,
          "longitude": 15.9459
        },
        {
          "index": 28,
          "latitude": 48.8272,
          "longitude": 15.9403
        },
        {
          "index": 29,
          "latitude": 48.8235,
          "longitude": 15.9414
        },
        {
          "index": 30,
          "latitude": 48.8222,
          "longitude": 15.9285
        },
        {
          "index": 31,
          "latitude": 48.8241,
          "longitude": 15.9245
        },
        {
          "index": 32,
          "latitude": 48.8312,
          "longitude": 15.9267
        },
        {
          "index": 33,
          "latitude": 48.8352,
          "longitude": 15.9219
        },
        {
          "index": 34,
          "latitude": 48.8379,
          "longitude": 15.9208
        },
        {
          "index": 35,
          "latitude": 48.8391,
          "longitude": 15.9176
        },
        {
          "index": 36,
          "latitude": 48.8371,
          "longitude": 15.9101
        },
        {
          "index": 37,
          "latitude": 48.8349,
          "longitude": 15.8959
        },
        {
          "index": 38,
          "latitude": 48.8344,
          "longitude": 15.8938
        },
        {
          "index": 39,
          "latitude": 48.8374,
          "longitude": 15.8909
        },
        {
          "index": 40,
          "latitude": 48.8426,
          "longitude": 15.892
        },
        {
          "index": 41,
          "latitude": 48.8376,
          "longitude": 15.902
        },
        {
          "index": 42,
          "latitude": 48.8386,
          "longitude": 15.9045
        },
        {
          "index": 43,
          "latitude": 48.8477,
          "longitude": 15.8979
        },
        {
          "index": 44,
          "latitude": 48.8423,
          "longitude": 15.8891
        },
        {
          "index": 45,
          "latitude": 48.842,
          "longitude": 15.8876
        },
        {
          "index": 46,
          "latitude": 48.8447,
          "longitude": 15.8814
        },
        {
          "index": 47,
          "latitude": 48.8478,
          "longitude": 15.8798
        },
        {
          "index": 48,
          "latitude": 48.8577,
          "longitude": 15.8782
        },
        {
          "index": 49,
          "latitude": 48.8598,
          "longitude": 15.8755
        },
        {
          "index": 50,
          "latitude": 48.8605,
          "longitude": 15.8727
        },
        {
          "index": 51,
          "latitude": 48.8579,
          "longitude": 15.8746
        },
        {
          "index": 52,
          "latitude": 48.8522,
          "longitude": 15.8629
        },
        {
          "index": 53,
          "latitude": 48.857,
          "longitude": 15.8579
        },
        {
          "index": 54,
          "latitude": 48.8575,
          "longitude": 15.8517
        },
        {
          "index": 55,
          "latitude": 48.8637,
          "longitude": 15.8476
        },
        {
          "index": 56,
          "latitude": 48.8659,
          "longitude": 15.8518
        },
        {
          "index": 57,
          "latitude": 48.8695,
          "longitude": 15.85
        },
        {
          "index": 58,
          "latitude": 48.8766,
          "longitude": 15.8425
        },
        {
          "index": 59,
          "latitude": 48.8773,
          "longitude": 15.839
        },
        {
          "index": 60,
          "latitude": 48.8737,
          "longitude": 15.8346
        },
        {
          "index": 61,
          "latitude": 48.8721,
          "longitude": 15.8322
        },
        {
          "index": 62,
          "latitude": 48.8733,
          "longitude": 15.8166
        },
        {
          "index": 63,
          "latitude": 48.8733,
          "longitude": 15.8144
        },
        {
          "index": 64,
          "latitude": 48.8725,
          "longitude": 15.8079
        },
        {
          "index": 65,
          "latitude": 48.8747,
          "longitude": 15.784
        },
        {
          "index": 66,
          "latitude": 48.8747,
          "longitude": 15.784
        },
        {
          "index": 67,
          "latitude": 48.8786,
          "longitude": 15.8015
        },
        {
          "index": 68,
          "latitude": 48.8893,
          "longitude": 15.7987
        },
        {
          "index": 69,
          "latitude": 48.9054,
          "longitude": 15.8423
        }
      ],
      "radius": 0.0,
      "shape": "POLYGON"
    },
    "handle": 3437652666,
    "identification": "LKR4",
    "name": "PODYJÍ",
    "sun": {
      "astronomicalDawn": "2021-02-16T04:33:00Z",
      "astronomicalDusk": "2021-02-16T15:49:00Z",
      "civilDawn": "2021-02-16T05:06:00Z",
      "civilDusk": "2021-02-16T15:16:00Z",
      "date": "2021-02-15T23:00:00Z"
    },
    "thumbprint": "18926b38fb31547e419c37431d9f9921b1e4139a77bb1a3ae6978e366df1b886"
  },
  {
    "elevationRange": {
      "ceiling": {
        "origin": "AGL",
        "units": "FEETS",
        "value": 1000.0
      },
      "floor": {
        "origin": "GND",
        "units": "NONE",
        "value": 0.0
      }
    },
    "geometry": {
      "coordinates": [
        {
          "index": 0,
          "latitude": 50.8063,
          "longitude": 15.4254
        },
        {
          "index": 1,
          "latitude": 50.8082,
          "longitude": 15.4226
        },
        {
          "index": 2,
          "latitude": 50.8147,
          "longitude": 15.4336
        },
        {
          "index": 3,
          "latitude": 50.8156,
          "longitude": 15.4372
        },
        {
          "index": 4,
          "latitude": 50.8156,
          "longitude": 15.4469
        },
        {
          "index": 5,
          "latitude": 50.8042,
          "longitude": 15.4531
        },
        {
          "index": 6,
          "latitude": 50.7967,
          "longitude": 15.4689
        },
        {
          "index": 7,
          "latitude": 50.7897,
          "longitude": 15.4853
        },
        {
          "index": 8,
          "latitude": 50.7911,
          "longitude": 15.5061
        },
        {
          "index": 9,
          "latitude": 50.7903,
          "longitude": 15.5111
        },
        {
          "index": 10,
          "latitude": 50.7797,
          "longitude": 15.5233
        },
        {
          "index": 11,
          "latitude": 50.7822,
          "longitude": 15.5414
        },
        {
          "index": 12,
          "latitude": 50.7811,
          "longitude": 15.5561
        },
        {
          "index": 13,
          "latitude": 50.7797,
          "longitude": 15.5831
        },
        {
          "index": 14,
          "latitude": 50.78,
          "longitude": 15.5867
        },
        {
          "index": 15,
          "latitude": 50.7783,
          "longitude": 15.6056
        },
        {
          "index": 16,
          "latitude": 50.7747,
          "longitude": 15.6158
        },
        {
          "index": 17,
          "latitude": 50.7639,
          "longitude": 15.6333
        },
        {
          "index": 18,
          "latitude": 50.7625,
          "longitude": 15.6544
        },
        {
          "index": 19,
          "latitude": 50.7575,
          "longitude": 15.6767
        },
        {
          "index": 20,
          "latitude": 50.7469,
          "longitude": 15.6828
        },
        {
          "index": 21,
          "latitude": 50.7397,
          "longitude": 15.6992
        },
        {
          "index": 22,
          "latitude": 50.7406,
          "longitude": 15.7247
        },
        {
          "index": 23,
          "latitude": 50.7364,
          "longitude": 15.7364
        },
        {
          "index": 24,
          "latitude": 50.7428,
          "longitude": 15.7472
        },
        {
          "index": 25,
          "latitude": 50.7458,
          "longitude": 15.7556
        },
        {
          "index": 26,
          "latitude": 50.7467,
          "longitude": 15.7656
        },
        {
          "index": 27,
          "latitude": 50.7442,
          "longitude": 15.7811
        },
        {
          "index": 28,
          "latitude": 50.7492,
          "longitude": 15.7897
        },
        {
          "index": 29,
          "latitude": 50.7544,
          "longitude": 15.7936
        },
        {
          "index": 30,
          "latitude": 50.7558,
          "longitude": 15.8078
        },
        {
          "index": 31,
          "latitude": 50.7536,
          "longitude": 15.8153
        },
        {
          "index": 32,
          "latitude": 50.7494,
          "longitude": 15.8208
        },
        {
          "index": 33,
          "latitude": 50.7406,
          "longitude": 15.8275
        },
        {
          "index": 34,
          "latitude": 50.7286,
          "longitude": 15.8269
        },
        {
          "index": 35,
          "latitude": 50.7178,
          "longitude": 15.8369
        },
        {
          "index": 36,
          "latitude": 50.7139,
          "longitude": 15.8419
        },
        {
          "index": 37,
          "latitude": 50.7114,
          "longitude": 15.8489
        },
        {
          "index": 38,
          "latitude": 50.6875,
          "longitude": 15.8594
        },
        {
          "index": 39,
          "latitude": 50.675,
          "longitude": 15.8608
        },
        {
          "index": 40,
          "latitude": 50.6719,
          "longitude": 15.8803
        },
        {
          "index": 41,
          "latitude": 50.6759,
          "longitude": 15.8914
        },
        {
          "index": 42,
          "latitude": 50.6762,
          "longitude": 15.8911
        },
        {
          "index": 43,
          "latitude": 50.6275,
          "longitude": 15.9117
        },
        {
          "index": 44,
          "latitude": 50.6312,
          "longitude": 15.7576
        },
        {
          "index": 45,
          "latitude": 50.6582,
          "longitude": 15.5724
        },
        {
          "index": 46,
          "latitude": 50.8063,
          "longitude": 15.4254
        }
      ],
      "radius": 0.0,
      "shape": "POLYGON"
    },
    "handle": 1836552524,
    "identification": "LKR3",
    "name": "KRNAP",
    "sun": {
      "astronomicalDawn": "2021-02-16T04:38:00Z",
      "astronomicalDusk": "2021-02-16T15:47:00Z",
      "civilDawn": "2021-02-16T05:12:00Z",
      "civilDusk": "2021-02-16T15:13:00Z",
      "date": "2021-02-15T23:00:00Z"
    },
    "thumbprint": "84de6be52fcf346511fa89264985e90ee5923bab45a808cb4343abb539d7b266"
  },
  {
    "elevationRange": {
      "ceiling": {
        "origin": "AGL",
        "units": "FEETS",
        "value": 1000.0
      },
      "floor": {
        "origin": "GND",
        "units": "NONE",
        "value": 0.0
      }
    },
    "geometry": {
      "coordinates": [
        {
          "index": 0,
          "latitude": 49.1905,
          "longitude": 13.3106
        },
        {
          "index": 1,
          "latitude": 49.1367,
          "longitude": 13.4495
        },
        {
          "index": 2,
          "latitude": 49.1406,
          "longitude": 13.5151
        },
        {
          "index": 3,
          "latitude": 49.0984,
          "longitude": 13.5911
        },
        {
          "index": 4,
          "latitude": 49.0254,
          "longitude": 13.6666
        },
        {
          "index": 5,
          "latitude": 48.9903,
          "longitude": 13.6648
        },
        {
          "index": 6,
          "latitude": 48.9475,
          "longitude": 13.7133
        },
        {
          "index": 7,
          "latitude": 48.9061,
          "longitude": 13.7207
        },
        {
          "index": 8,
          "latitude": 48.9185,
          "longitude": 13.803
        },
        {
          "index": 9,
          "latitude": 48.9072,
          "longitude": 13.8835
        },
        {
          "index": 10,
          "latitude": 48.8125,
          "longitude": 13.963
        },
        {
          "index": 11,
          "latitude": 48.7742,
          "longitude": 13.9278
        },
        {
          "index": 12,
          "latitude": 48.7432,
          "longitude": 13.9676
        },
        {
          "index": 13,
          "latitude": 48.7108,
          "longitude": 13.9832
        },
        {
          "index": 14,
          "latitude": 48.7108,
          "longitude": 13.9832
        },
        {
          "index": 15,
          "latitude": 48.7108,
          "longitude": 13.9832
        },
        {
          "index": 16,
          "latitude": 48.7098,
          "longitude": 13.9783
        },
        {
          "index": 17,
          "latitude": 48.7145,
          "longitude": 13.9558
        },
        {
          "index": 18,
          "latitude": 48.7207,
          "longitude": 13.9537
        },
        {
          "index": 19,
          "latitude": 48.722,
          "longitude": 13.9413
        },
        {
          "index": 20,
          "latitude": 48.7245,
          "longitude": 13.9378
        },
        {
          "index": 21,
          "latitude": 48.7282,
          "longitude": 13.9336
        },
        {
          "index": 22,
          "latitude": 48.7318,
          "longitude": 13.9271
        },
        {
          "index": 23,
          "latitude": 48.7408,
          "longitude": 13.9197
        },
        {
          "index": 24,
          "latitude": 48.7426,
          "longitude": 13.9163
        },
        {
          "index": 25,
          "latitude": 48.7454,
          "longitude": 13.913
        },
        {
          "index": 26,
          "latitude": 48.7475,
          "longitude": 13.9102
        },
        {
          "index": 27,
          "latitude": 48.7571,
          "longitude": 13.8955
        },
        {
          "index": 28,
          "latitude": 48.7585,
          "longitude": 13.8892
        },
        {
          "index": 29,
          "latitude": 48.7619,
          "longitude": 13.8829
        },
        {
          "index": 30,
          "latitude": 48.7696,
          "longitude": 13.8684
        },
        {
          "index": 31,
          "latitude": 48.7695,
          "longitude": 13.8619
        },
        {
          "index": 32,
          "latitude": 48.7713,
          "longitude": 13.8573
        },
        {
          "index": 33,
          "latitude": 48.7726,
          "longitude": 13.8441
        },
        {
          "index": 34,
          "latitude": 48.7716,
          "longitude": 13.8396
        },
        {
          "index": 35,
          "latitude": 48.7716,
          "longitude": 13.8396
        },
        {
          "index": 36,
          "latitude": 48.7716,
          "longitude": 13.8396
        },
        {
          "index": 37,
          "latitude": 48.7716,
          "longitude": 13.8396
        },
        {
          "index": 38,
          "latitude": 48.7708,
          "longitude": 13.8369
        },
        {
          "index": 39,
          "latitude": 48.772,
          "longitude": 13.8272
        },
        {
          "index": 40,
          "latitude": 48.774,
          "longitude": 13.8132
        },
        {
          "index": 41,
          "latitude": 48.7785,
          "longitude": 13.8085
        },
        {
          "index": 42,
          "latitude": 48.7808,
          "longitude": 13.8034
        },
        {
          "index": 43,
          "latitude": 48.7834,
          "longitude": 13.8082
        },
        {
          "index": 44,
          "latitude": 48.7929,
          "longitude": 13.8121
        },
        {
          "index": 45,
          "latitude": 48.7971,
          "longitude": 13.8152
        },
        {
          "index": 46,
          "latitude": 48.8148,
          "longitude": 13.7956
        },
        {
          "index": 47,
          "latitude": 48.8237,
          "longitude": 13.792
        },
        {
          "index": 48,
          "latitude": 48.8249,
          "longitude": 13.7881
        },
        {
          "index": 49,
          "latitude": 48.8282,
          "longitude": 13.7922
        },
        {
          "index": 50,
          "latitude": 48.8301,
          "longitude": 13.7929
        },
        {
          "index": 51,
          "latitude": 48.8313,
          "longitude": 13.7808
        },
        {
          "index": 52,
          "latitude": 48.8318,
          "longitude": 13.7769
        },
        {
          "index": 53,
          "latitude": 48.8304,
          "longitude": 13.7738
        },
        {
          "index": 54,
          "latitude": 48.8336,
          "longitude": 13.767
        },
        {
          "index": 55,
          "latitude": 48.8413,
          "longitude": 13.7629
        },
        {
          "index": 56,
          "latitude": 48.8471,
          "longitude": 13.7581
        },
        {
          "index": 57,
          "latitude": 48.8549,
          "longitude": 13.7549
        },
        {
          "index": 58,
          "latitude": 48.864,
          "longitude": 13.7509
        },
        {
          "index": 59,
          "latitude": 48.8668,
          "longitude": 13.7506
        },
        {
          "index": 60,
          "latitude": 48.8693,
          "longitude": 13.7471
        },
        {
          "index": 61,
          "latitude": 48.8738,
          "longitude": 13.7437
        },
        {
          "index": 62,
          "latitude": 48.8828,
          "longitude": 13.7366
        },
        {
          "index": 63,
          "latitude": 48.886,
          "longitude": 13.7379
        },
        {
          "index": 64,
          "latitude": 48.8855,
          "longitude": 13.7361
        },
        {
          "index": 65,
          "latitude": 48.8871,
          "longitude": 13.7306
        },
        {
          "index": 66,
          "latitude": 48.8805,
          "longitude": 13.7225
        },
        {
          "index": 67,
          "latitude": 48.8781,
          "longitude": 13.7169
        },
        {
          "index": 68,
          "latitude": 48.8817,
          "longitude": 13.7022
        },
        {
          "index": 69,
          "latitude": 48.8782,
          "longitude": 13.6893
        },
        {
          "index": 70,
          "latitude": 48.8799,
          "longitude": 13.6842
        },
        {
          "index": 71,
          "latitude": 48.8788,
          "longitude": 13.6805
        },
        {
          "index": 72,
          "latitude": 48.8801,
          "longitude": 13.6714
        },
        {
          "index": 73,
          "latitude": 48.8905,
          "longitude": 13.6696
        },
        {
          "index": 74,
          "latitude": 48.8936,
          "longitude": 13.6647
        },
        {
          "index": 75,
          "latitude": 48.8936,
          "longitude": 13.6555
        },
        {
          "index": 76,
          "latitude": 48.9112,
          "longitude": 13.6454
        },
        {
          "index": 77,
          "latitude": 48.9168,
          "longitude": 13.6414
        },
        {
          "index": 78,
          "latitude": 48.9252,
          "longitude": 13.6372
        },
        {
          "index": 79,
          "latitude": 48.9307,
          "longitude": 13.6328
        },
        {
          "index": 80,
          "latitude": 48.9388,
          "longitude": 13.6225
        },
        {
          "index": 81,
          "latitude": 48.947,
          "longitude": 13.6311
        },
        {
          "index": 82,
          "latitude": 48.9492,
          "longitude": 13.6286
        },
        {
          "index": 83,
          "latitude": 48.9486,
          "longitude": 13.6239
        },
        {
          "index": 84,
          "latitude": 48.9472,
          "longitude": 13.6172
        },
        {
          "index": 85,
          "latitude": 48.9415,
          "longitude": 13.6078
        },
        {
          "index": 86,
          "latitude": 48.9402,
          "longitude": 13.6101
        },
        {
          "index": 87,
          "latitude": 48.9414,
          "longitude": 13.607
        },
        {
          "index": 88,
          "latitude": 48.9431,
          "longitude": 13.6024
        },
        {
          "index": 89,
          "latitude": 48.953,
          "longitude": 13.5903
        },
        {
          "index": 90,
          "latitude": 48.9563,
          "longitude": 13.5892
        },
        {
          "index": 91,
          "latitude": 48.9611,
          "longitude": 13.5929
        },
        {
          "index": 92,
          "latitude": 48.9692,
          "longitude": 13.5839
        },
        {
          "index": 93,
          "latitude": 48.9707,
          "longitude": 13.5801
        },
        {
          "index": 94,
          "latitude": 48.9702,
          "longitude": 13.576
        },
        {
          "index": 95,
          "latitude": 48.966,
          "longitude": 13.5727
        },
        {
          "index": 96,
          "latitude": 48.9671,
          "longitude": 13.5571
        },
        {
          "index": 97,
          "latitude": 48.9676,
          "longitude": 13.5509
        },
        {
          "index": 98,
          "latitude": 48.968,
          "longitude": 13.5434
        },
        {
          "index": 99,
          "latitude": 48.974,
          "longitude": 13.5293
        },
        {
          "index": 100,
          "latitude": 48.9687,
          "longitude": 13.5159
        },
        {
          "index": 101,
          "latitude": 48.9656,
          "longitude": 13.5076
        },
        {
          "index": 102,
          "latitude": 48.9599,
          "longitude": 13.5059
        },
        {
          "index": 103,
          "latitude": 48.9543,
          "longitude": 13.5067
        },
        {
          "index": 104,
          "latitude": 48.9421,
          "longitude": 13.5083
        },
        {
          "index": 105,
          "latitude": 48.9415,
          "longitude": 13.4958
        },
        {
          "index": 106,
          "latitude": 48.9482,
          "longitude": 13.4845
        },
        {
          "index": 107,
          "latitude": 48.9513,
          "longitude": 13.4835
        },
        {
          "index": 108,
          "latitude": 48.9519,
          "longitude": 13.4797
        },
        {
          "index": 109,
          "latitude": 48.9544,
          "longitude": 13.4691
        },
        {
          "index": 110,
          "latitude": 48.9627,
          "longitude": 13.4593
        },
        {
          "index": 111,
          "latitude": 48.9635,
          "longitude": 13.4518
        },
        {
          "index": 112,
          "latitude": 48.9658,
          "longitude": 13.443
        },
        {
          "index": 113,
          "latitude": 48.9725,
          "longitude": 13.4262
        },
        {
          "index": 114,
          "latitude": 48.9774,
          "longitude": 13.4244
        },
        {
          "index": 115,
          "latitude": 48.9795,
          "longitude": 13.4175
        },
        {
          "index": 116,
          "latitude": 48.9872,
          "longitude": 13.4027
        },
        {
          "index": 117,
          "latitude": 48.9944,
          "longitude": 13.4023
        },
        {
          "index": 118,
          "latitude": 48.9944,
          "longitude": 13.4023
        },
        {
          "index": 119,
          "latitude": 49.0032,
          "longitude": 13.4094
        },
        {
          "index": 120,
          "latitude": 49.0075,
          "longitude": 13.4084
        },
        {
          "index": 121,
          "latitude": 49.0106,
          "longitude": 13.403
        },
        {
          "index": 122,
          "latitude": 49.0129,
          "longitude": 13.4011
        },
        {
          "index": 123,
          "latitude": 49.0219,
          "longitude": 13.4051
        },
        {
          "index": 124,
          "latitude": 49.0238,
          "longitude": 13.4058
        },
        {
          "index": 125,
          "latitude": 49.0262,
          "longitude": 13.4033
        },
        {
          "index": 126,
          "latitude": 49.0314,
          "longitude": 13.402
        },
        {
          "index": 127,
          "latitude": 49.0396,
          "longitude": 13.3962
        },
        {
          "index": 128,
          "latitude": 49.0411,
          "longitude": 13.3922
        },
        {
          "index": 129,
          "latitude": 49.0442,
          "longitude": 13.397
        },
        {
          "index": 130,
          "latitude": 49.0465,
          "longitude": 13.398
        },
        {
          "index": 131,
          "latitude": 49.0543,
          "longitude": 13.3922
        },
        {
          "index": 132,
          "latitude": 49.0528,
          "longitude": 13.3863
        },
        {
          "index": 133,
          "latitude": 49.0573,
          "longitude": 13.3836
        },
        {
          "index": 134,
          "latitude": 49.057,
          "longitude": 13.379
        },
        {
          "index": 135,
          "latitude": 49.0674,
          "longitude": 13.3705
        },
        {
          "index": 136,
          "latitude": 49.0693,
          "longitude": 13.3669
        },
        {
          "index": 137,
          "latitude": 49.0715,
          "longitude": 13.362
        },
        {
          "index": 138,
          "latitude": 49.082,
          "longitude": 13.3464
        },
        {
          "index": 139,
          "latitude": 49.0854,
          "longitude": 13.3466
        },
        {
          "index": 140,
          "latitude": 49.0889,
          "longitude": 13.3442
        },
        {
          "index": 141,
          "latitude": 49.0961,
          "longitude": 13.3277
        },
        {
          "index": 142,
          "latitude": 49.1003,
          "longitude": 13.3243
        },
        {
          "index": 143,
          "latitude": 49.1017,
          "longitude": 13.3195
        },
        {
          "index": 144,
          "latitude": 49.1186,
          "longitude": 13.2892
        },
        {
          "index": 145,
          "latitude": 49.1185,
          "longitude": 13.2824
        },
        {
          "index": 146,
          "latitude": 49.1205,
          "longitude": 13.2823
        },
        {
          "index": 147,
          "latitude": 49.1905,
          "longitude": 13.3106
        }
      ],
      "radius": 0.0,
      "shape": "POLYGON"
    },
    "handle": 3723047133,
    "identification": "LKR1",
    "name": "ŠUMAVA",
    "sun": {
      "astronomicalDawn": "2021-02-16T04:44:00Z",
      "astronomicalDusk": "2021-02-16T15:57:00Z",
      "civilDawn": "2021-02-16T05:17:00Z",
      "civilDusk": "2021-02-16T15:24:00Z",
      "date": "2021-02-15T23:00:00Z"
    },
    "thumbprint": "295dcff60c761114967bd42f6a0b5e144f1d1d8fef78f1a187827651a9819b6c"
  }
]