[
  {
    "elevationRange": {
      "ceiling": {
        "origin": "FL",
        "units": "FEETS",
        "value": 66000.0
      },
      "floor": {
        "origin": "GND",
        "units": "NONE",
        "value": 0.0
      }
    },
    "geometry": {
      "coordinates": [
        {
          "index": 0,
          "latitude": 49.3669,
          "longitude": 17.0147
        },
        {
          "index": 1,
          "latitude": 49.3453,
          "longitude": 17.0039
        },
        {
          "index": 2,
          "latitude": 49.3203,
          "longitude": 16.9781
        },
        {
          "index": 3,
          "latitude": 49.3286,
          "longitude": 16.9181
        },
        {
          "index": 4,
          "latitude": 49.3669,
          "longitude": 17.0147
        }
      ],
      "radius": 0.0,
      "shape": "POLYGON"
    },
    "handle": 252183002,
    "identification": "LKTSA2C",
    "metar": {},
    "name": "BREZINA",
    "sun": {
      "astronomicalDawn": "2020-12-06T04:55:00Z",
      "astronomicalDusk": "2020-12-06T14:31:00Z",
      "civilDawn": "2020-12-06T05:32:00Z",
      "civilDusk": "2020-12-06T13:54:00Z",
      "date": "2020-12-05T23:00:00Z"
    },
    "thumbprint": "a5e59ec66e77e018fa44d55895622faf091badb10b718fd6f066eb0867c7db20"
  },
  {
    "elevationRange": {
      "ceiling": {
        "origin": "FL",
        "units": "FEETS",
        "value": 66000.0
      },
      "floor": {
        "origin": "GND",
        "units": "NONE",
        "value": 0.0
      }
    },
    "geometry": {
      "coordinates": [
        {
          "index": 0,
          "latitude": 49.8089,
          "longitude": 13.9639
        },
        {
          "index": 1,
          "latitude": 49.77,
          "longitude": 14.0156
        },
        {
          "index": 2,
          "latitude": 49.7181,
          "longitude": 13.9444
        },
        {
          "index": 3,
          "latitude": 49.7189,
          "longitude": 13.8822
        },
        {
          "index": 4,
          "latitude": 49.7622,
          "longitude": 13.85
        },
        {
          "index": 5,
          "latitude": 49.8089,
          "longitude": 13.9639
        }
      ],
      "radius": 0.0,
      "shape": "POLYGON"
    },
    "handle": 4202684299,
    "identification": "LKTSA7B",
    "metar": {},
    "name": "JINCE",
    "sun": {
      "astronomicalDawn": "2020-12-06T05:08:00Z",
      "astronomicalDusk": "2020-12-06T14:42:00Z",
      "civilDawn": "2020-12-06T05:46:00Z",
      "civilDusk": "2020-12-06T14:04:00Z",
      "date": "2020-12-05T23:00:00Z"
    },
    "thumbprint": "2d72782afcac778484a0ff9a3446cde20cb0431b5e14574389cefc5c633b4d68"
  },
  {
    "elevationRange": {
      "ceiling": {
        "origin": "FL",
        "units": "FEETS",
        "value": 66000.0
      },
      "floor": {
        "origin": "GND",
        "units": "NONE",
        "value": 0.0
      }
    },
    "geometry": {
      "coordinates": [
        {
          "index": 0,
          "latitude": 49.6497,
          "longitude": 17.6383
        },
        {
          "index": 1,
          "latitude": 49.5705,
          "longitude": 17.628
        },
        {
          "index": 2,
          "latitude": 49.5564,
          "longitude": 17.5444
        },
        {
          "index": 3,
          "latitude": 49.557,
          "longitude": 17.5308
        },
        {
          "index": 4,
          "latitude": 49.578,
          "longitude": 17.4833
        },
        {
          "index": 5,
          "latitude": 49.6048,
          "longitude": 17.5377
        },
        {
          "index": 6,
          "latitude": 49.6497,
          "longitude": 17.6383
        }
      ],
      "radius": 0.0,
      "shape": "POLYGON"
    },
    "handle": 2359065628,
    "identification": "LKTSA3B",
    "metar": {},
    "name": "LIBAVA",
    "sun": {
      "astronomicalDawn": "2020-12-06T04:53:00Z",
      "astronomicalDusk": "2020-12-06T14:28:00Z",
      "civilDawn": "2020-12-06T05:31:00Z",
      "civilDusk": "2020-12-06T13:50:00Z",
      "date": "2020-12-05T23:00:00Z"
    },
    "thumbprint": "5bd5ef8ace9f0d205aba2ef7be5e6e4d4d90aebf14da40a461e708a0e0653669"
  },
  {
    "elevationRange": {
      "ceiling": {
        "origin": "FL",
        "units": "FEETS",
        "value": 66000.0
      },
      "floor": {
        "origin": "GND",
        "units": "NONE",
        "value": 0.0
      }
    },
    "geometry": {
      "coordinates": [
        {
          "index": 0,
          "latitude": 49.7622,
          "longitude": 13.85
        },
        {
          "index": 1,
          "latitude": 49.7189,
          "longitude": 13.8822
        },
        {
          "index": 2,
          "latitude": 49.7181,
          "longitude": 13.9444
        },
        {
          "index": 3,
          "latitude": 49.6783,
          "longitude": 13.9111
        },
        {
          "index": 4,
          "latitude": 49.7083,
          "longitude": 13.8236
        },
        {
          "index": 5,
          "latitude": 49.7622,
          "longitude": 13.85
        }
      ],
      "radius": 0.0,
      "shape": "POLYGON"
    },
    "handle": 358175773,
    "identification": "LKTSA7A",
    "metar": {},
    "name": "JINCE",
    "sun": {
      "astronomicalDawn": "2020-12-06T05:08:00Z",
      "astronomicalDusk": "2020-12-06T14:42:00Z",
      "civilDawn": "2020-12-06T05:46:00Z",
      "civilDusk": "2020-12-06T14:05:00Z",
      "date": "2020-12-05T23:00:00Z"
    },
    "thumbprint": "71b2f6ca635f7c3b78b85c95a8262b6261df10ca7cde3c48e20998da4939ef31"
  },
  {
    "elevationRange": {
      "ceiling": {
        "origin": "FL",
        "units": "FEETS",
        "value": 21500.0
      },
      "floor": {
        "origin": "FL",
        "units": "FEETS",
        "value": 9500.0
      }
    },
    "geometry": {
      "coordinates": [
        {
          "index": 0,
          "latitude": 50.364,
          "longitude": 17.2011
        },
        {
          "index": 1,
          "latitude": 50.3624,
          "longitude": 17.1979
        },
        {
          "index": 2,
          "latitude": 50.3564,
          "longitude": 17.205
        },
        {
          "index": 3,
          "latitude": 50.345,
          "longitude": 17.2253
        },
        {
          "index": 4,
          "latitude": 50.3211,
          "longitude": 17.2742
        },
        {
          "index": 5,
          "latitude": 50.3175,
          "longitude": 17.2964
        },
        {
          "index": 6,
          "latitude": 50.3241,
          "longitude": 17.3269
        },
        {
          "index": 7,
          "latitude": 50.3283,
          "longitude": 17.3411
        },
        {
          "index": 8,
          "latitude": 50.3258,
          "longitude": 17.3483
        },
        {
          "index": 9,
          "latitude": 50.32,
          "longitude": 17.3392
        },
        {
          "index": 10,
          "latitude": 50.3161,
          "longitude": 17.3261
        },
        {
          "index": 11,
          "latitude": 50.3116,
          "longitude": 17.335
        },
        {
          "index": 12,
          "latitude": 50.3111,
          "longitude": 17.3464
        },
        {
          "index": 13,
          "latitude": 50.3022,
          "longitude": 17.3489
        },
        {
          "index": 14,
          "latitude": 50.2936,
          "longitude": 17.345
        },
        {
          "index": 15,
          "latitude": 50.2822,
          "longitude": 17.3381
        },
        {
          "index": 16,
          "latitude": 50.2672,
          "longitude": 17.3419
        },
        {
          "index": 17,
          "latitude": 50.2644,
          "longitude": 17.3528
        },
        {
          "index": 18,
          "latitude": 50.2586,
          "longitude": 17.3628
        },
        {
          "index": 19,
          "latitude": 50.2608,
          "longitude": 17.3647
        },
        {
          "index": 20,
          "latitude": 50.2678,
          "longitude": 17.3611
        },
        {
          "index": 21,
          "latitude": 50.2772,
          "longitude": 17.3606
        },
        {
          "index": 22,
          "latitude": 50.2822,
          "longitude": 17.3878
        },
        {
          "index": 23,
          "latitude": 50.2855,
          "longitude": 17.4033
        },
        {
          "index": 24,
          "latitude": 50.2805,
          "longitude": 17.4144
        },
        {
          "index": 25,
          "latitude": 50.2772,
          "longitude": 17.4097
        },
        {
          "index": 26,
          "latitude": 50.2728,
          "longitude": 17.3978
        },
        {
          "index": 27,
          "latitude": 50.2722,
          "longitude": 17.4092
        },
        {
          "index": 28,
          "latitude": 50.2694,
          "longitude": 17.4222
        },
        {
          "index": 29,
          "latitude": 50.2611,
          "longitude": 17.4261
        },
        {
          "index": 30,
          "latitude": 50.2511,
          "longitude": 17.4267
        },
        {
          "index": 31,
          "latitude": 50.25,
          "longitude": 17.4336
        },
        {
          "index": 32,
          "latitude": 50.2511,
          "longitude": 17.4472
        },
        {
          "index": 33,
          "latitude": 50.2522,
          "longitude": 17.448
        },
        {
          "index": 34,
          "latitude": 50.253,
          "longitude": 17.4453
        },
        {
          "index": 35,
          "latitude": 50.1646,
          "longitude": 17.4398
        },
        {
          "index": 36,
          "latitude": 50.0083,
          "longitude": 17.6209
        },
        {
          "index": 37,
          "latitude": 49.9952,
          "longitude": 17.4325
        },
        {
          "index": 38,
          "latitude": 50.2234,
          "longitude": 17.1952
        },
        {
          "index": 39,
          "latitude": 50.364,
          "longitude": 17.2011
        }
      ],
      "radius": 0.0,
      "shape": "POLYGON"
    },
    "handle": 3111573019,
    "identification": "LKTSA46",
    "metar": {},
    "name": "MIKULOVICE",
    "sun": {
      "astronomicalDawn": "2020-12-06T04:57:00Z",
      "astronomicalDusk": "2020-12-06T14:26:00Z",
      "civilDawn": "2020-12-06T05:35:00Z",
      "civilDusk": "2020-12-06T13:48:00Z",
      "date": "2020-12-05T23:00:00Z"
    },
    "thumbprint": "b0825fb85cb6f2aa6f7ca02a12513da39c4727cf698dc479330f2d04544e908e"
  },
  {
    "elevationRange": {
      "ceiling": {
        "origin": "FL",
        "units": "FEETS",
        "value": 66000.0
      },
      "floor": {
        "origin": "GND",
        "units": "NONE",
        "value": 0.0
      }
    },
    "geometry": {
      "coordinates": [
        {
          "index": 0,
          "latitude": 50.3511,
          "longitude": 13.2297
        },
        {
          "index": 1,
          "latitude": 50.3097,
          "longitude": 13.2292
        },
        {
          "index": 2,
          "latitude": 50.2778,
          "longitude": 13.235
        },
        {
          "index": 3,
          "latitude": 50.2143,
          "longitude": 13.2638
        },
        {
          "index": 4,
          "latitude": 50.1906,
          "longitude": 13.1756
        },
        {
          "index": 5,
          "latitude": 50.1831,
          "longitude": 13.1072
        },
        {
          "index": 6,
          "latitude": 50.1951,
          "longitude": 13.0228
        },
        {
          "index": 7,
          "latitude": 50.1975,
          "longitude": 13.0169
        },
        {
          "index": 8,
          "latitude": 50.2275,
          "longitude": 13.0153
        },
        {
          "index": 9,
          "latitude": 50.2973,
          "longitude": 13.022
        },
        {
          "index": 10,
          "latitude": 50.3364,
          "longitude": 13.05
        },
        {
          "index": 11,
          "latitude": 50.3622,
          "longitude": 13.1036
        },
        {
          "index": 12,
          "latitude": 50.3511,
          "longitude": 13.2297
        }
      ],
      "radius": 0.0,
      "shape": "POLYGON"
    },
    "handle": 3482512549,
    "identification": "LKTSA4",
    "metar": {},
    "name": "HRADISTE",
    "sun": {
      "astronomicalDawn": "2020-12-06T05:14:00Z",
      "astronomicalDusk": "2020-12-06T14:43:00Z",
      "civilDawn": "2020-12-06T05:52:00Z",
      "civilDusk": "2020-12-06T14:05:00Z",
      "date": "2020-12-05T23:00:00Z"
    },
    "thumbprint": "c735dce1cd75c9ff1f32bec361f948ec063c7afdf1a76b1f3249cca0a51730fb"
  },
  {
    "elevationRange": {
      "ceiling": {
        "origin": "FL",
        "units": "FEETS",
        "value": 66000.0
      },
      "floor": {
        "origin": "GND",
        "units": "NONE",
        "value": 0.0
      }
    },
    "geometry": {
      "coordinates": [
        {
          "index": 0,
          "latitude": 49.7633,
          "longitude": 17.6816
        },
        {
          "index": 1,
          "latitude": 49.7047,
          "longitude": 17.7224
        },
        {
          "index": 2,
          "latitude": 49.6497,
          "longitude": 17.6383
        },
        {
          "index": 3,
          "latitude": 49.6048,
          "longitude": 17.5377
        },
        {
          "index": 4,
          "latitude": 49.578,
          "longitude": 17.4833
        },
        {
          "index": 5,
          "latitude": 49.5997,
          "longitude": 17.3974
        },
        {
          "index": 6,
          "latitude": 49.6251,
          "longitude": 17.4058
        },
        {
          "index": 7,
          "latitude": 49.7422,
          "longitude": 17.4433
        },
        {
          "index": 8,
          "latitude": 49.7766,
          "longitude": 17.541
        },
        {
          "index": 9,
          "latitude": 49.7633,
          "longitude": 17.6816
        }
      ],
      "radius": 0.0,
      "shape": "POLYGON"
    },
    "handle": 1515470974,
    "identification": "LKTSA3A",
    "metar": {},
    "name": "LIBAVA",
    "sun": {
      "astronomicalDawn": "2020-12-06T04:54:00Z",
      "astronomicalDusk": "2020-12-06T14:27:00Z",
      "civilDawn": "2020-12-06T05:32:00Z",
      "civilDusk": "2020-12-06T13:49:00Z",
      "date": "2020-12-05T23:00:00Z"
    },
    "thumbprint": "1d0f9c0034eb23f053a68a6b8d8b85892b9521636ed0dd6d6ce7231f2c2fca5f"
  },
  {
    "elevationRange": {
      "ceiling": {
        "origin": "FL",
        "units": "FEETS",
        "value": 66000.0
      },
      "floor": {
        "origin": "GND",
        "units": "NONE",
        "value": 0.0
      }
    },
    "geometry": {
      "coordinates": [
        {
          "index": 0,
          "latitude": 49.8283,
          "longitude": 13.9381
        },
        {
          "index": 1,
          "latitude": 49.8089,
          "longitude": 13.9639
        },
        {
          "index": 2,
          "latitude": 49.77,
          "longitude": 14.0156
        },
        {
          "index": 3,
          "latitude": 49.7181,
          "longitude": 13.9444
        },
        {
          "index": 4,
          "latitude": 49.6783,
          "longitude": 13.9111
        },
        {
          "index": 5,
          "latitude": 49.7083,
          "longitude": 13.8236
        },
        {
          "index": 6,
          "latitude": 49.7622,
          "longitude": 13.85
        },
        {
          "index": 7,
          "latitude": 49.7956,
          "longitude": 13.8667
        },
        {
          "index": 8,
          "latitude": 49.8283,
          "longitude": 13.9381
        }
      ],
      "radius": 0.0,
      "shape": "POLYGON"
    },
    "handle": 1015738294,
    "identification": "LKTSA7",
    "metar": {},
    "name": "JINCE",
    "sun": {
      "astronomicalDawn": "2020-12-06T05:08:00Z",
      "astronomicalDusk": "2020-12-06T14:42:00Z",
      "civilDawn": "2020-12-06T05:46:00Z",
      "civilDusk": "2020-12-06T14:04:00Z",
      "date": "2020-12-05T23:00:00Z"
    },
    "thumbprint": "590f515cc594260c6fe21354af69e48fa465477a9705a59b6c97e9ec5e1750ea"
  },
  {
    "elevationRange": {
      "ceiling": {
        "origin": "FL",
        "units": "FEETS",
        "value": 66000.0
      },
      "floor": {
        "origin": "GND",
        "units": "NONE",
        "value": 0.0
      }
    },
    "geometry": {
      "coordinates": [
        {
          "index": 0,
          "latitude": 49.4883,
          "longitude": 16.96
        },
        {
          "index": 1,
          "latitude": 49.46,
          "longitude": 16.9778
        },
        {
          "index": 2,
          "latitude": 49.3869,
          "longitude": 17.0244
        },
        {
          "index": 3,
          "latitude": 49.3669,
          "longitude": 17.0147
        },
        {
          "index": 4,
          "latitude": 49.3453,
          "longitude": 17.0039
        },
        {
          "index": 5,
          "latitude": 49.3203,
          "longitude": 16.9781
        },
        {
          "index": 6,
          "latitude": 49.3286,
          "longitude": 16.9181
        },
        {
          "index": 7,
          "latitude": 49.435,
          "longitude": 16.8994
        },
        {
          "index": 8,
          "latitude": 49.4667,
          "longitude": 16.8794
        },
        {
          "index": 9,
          "latitude": 49.4883,
          "longitude": 16.96
        }
      ],
      "radius": 0.0,
      "shape": "POLYGON"
    },
    "handle": 3014759635,
    "identification": "LKTSA2",
    "metar": {},
    "name": "BREZINA",
    "sun": {
      "astronomicalDawn": "2020-12-06T04:55:00Z",
      "astronomicalDusk": "2020-12-06T14:31:00Z",
      "civilDawn": "2020-12-06T05:33:00Z",
      "civilDusk": "2020-12-06T13:53:00Z",
      "date": "2020-12-05T23:00:00Z"
    },
    "thumbprint": "ead322ab032b8ea7765c41ece0caa8a94d7f254458a1fd84be3864c22dad3b02"
  },
  {
    "elevationRange": {
      "ceiling": {
        "origin": "FL",
        "units": "FEETS",
        "value": 66000.0
      },
      "floor": {
        "origin": "GND",
        "units": "NONE",
        "value": 0.0
      }
    },
    "geometry": {
      "coordinates": [
        {
          "index": 0,
          "latitude": 50.3511,
          "longitude": 13.2297
        },
        {
          "index": 1,
          "latitude": 50.3097,
          "longitude": 13.2292
        },
        {
          "index": 2,
          "latitude": 50.2973,
          "longitude": 13.022
        },
        {
          "index": 3,
          "latitude": 50.3364,
          "longitude": 13.05
        },
        {
          "index": 4,
          "latitude": 50.3622,
          "longitude": 13.1036
        },
        {
          "index": 5,
          "latitude": 50.3511,
          "longitude": 13.2297
        }
      ],
      "radius": 0.0,
      "shape": "POLYGON"
    },
    "handle": 2837300328,
    "identification": "LKTSA4D",
    "metar": {},
    "name": "HRADISTE",
    "sun": {
      "astronomicalDawn": "2020-12-06T05:14:00Z",
      "astronomicalDusk": "2020-12-06T14:43:00Z",
      "civilDawn": "2020-12-06T05:52:00Z",
      "civilDusk": "2020-12-06T14:05:00Z",
      "date": "2020-12-05T23:00:00Z"
    },
    "thumbprint": "d28e46230bb0998d459ad9cde1f125ff178657130184d123016c17efeddad435"
  },
  {
    "elevationRange": {
      "ceiling": {
        "origin": "FL",
        "units": "FEETS",
        "value": 66000.0
      },
      "floor": {
        "origin": "GND",
        "units": "NONE",
        "value": 0.0
      }
    },
    "geometry": {
      "coordinates": [
        {
          "index": 0,
          "latitude": 49.8283,
          "longitude": 13.9381
        },
        {
          "index": 1,
          "latitude": 49.8089,
          "longitude": 13.9639
        },
        {
          "index": 2,
          "latitude": 49.7622,
          "longitude": 13.85
        },
        {
          "index": 3,
          "latitude": 49.7956,
          "longitude": 13.8667
        },
        {
          "index": 4,
          "latitude": 49.8283,
          "longitude": 13.9381
        }
      ],
      "radius": 0.0,
      "shape": "POLYGON"
    },
    "handle": 2077546938,
    "identification": "LKTSA7C",
    "metar": {},
    "name": "JINCE",
    "sun": {
      "astronomicalDawn": "2020-12-06T05:08:00Z",
      "astronomicalDusk": "2020-12-06T14:42:00Z",
      "civilDawn": "2020-12-06T05:46:00Z",
      "civilDusk": "2020-12-06T14:04:00Z",
      "date": "2020-12-05T23:00:00Z"
    },
    "thumbprint": "31337a95ed211b5649766ee273aff4a85a97a72a5aa54835ee453c15bebfd094"
  },
  {
    "elevationRange": {
      "ceiling": {
        "origin": "FL",
        "units": "FEETS",
        "value": 66000.0
      },
      "floor": {
        "origin": "GND",
        "units": "NONE",
        "value": 0.0
      }
    },
    "geometry": {
      "coordinates": [
        {
          "index": 0,
          "latitude": 49.4883,
          "longitude": 16.96
        },
        {
          "index": 1,
          "latitude": 49.46,
          "longitude": 16.9778
        },
        {
          "index": 2,
          "latitude": 49.435,
          "longitude": 16.8994
        },
        {
          "index": 3,
          "latitude": 49.4667,
          "longitude": 16.8794
        },
        {
          "index": 4,
          "latitude": 49.4883,
          "longitude": 16.96
        }
      ],
      "radius": 0.0,
      "shape": "POLYGON"
    },
    "handle": 3334236545,
    "identification": "LKTSA2A",
    "metar": {},
    "name": "BREZINA",
    "sun": {
      "astronomicalDawn": "2020-12-06T04:55:00Z",
      "astronomicalDusk": "2020-12-06T14:31:00Z",
      "civilDawn": "2020-12-06T05:33:00Z",
      "civilDusk": "2020-12-06T13:53:00Z",
      "date": "2020-12-05T23:00:00Z"
    },
    "thumbprint": "c873203ed3bc5a9e4cfaa9e4ebe888f1b723a75fce4e2ced228ea24b824341d7"
  },
  {
    "elevationRange": {
      "ceiling": {
        "origin": "FL",
        "units": "FEETS",
        "value": 66000.0
      },
      "floor": {
        "origin": "GND",
        "units": "NONE",
        "value": 0.0
      }
    },
    "geometry": {
      "coordinates": [
        {
          "index": 0,
          "latitude": 48.9166,
          "longitude": 14.1324
        },
        {
          "index": 1,
          "latitude": 48.8091,
          "longitude": 14.2714
        },
        {
          "index": 2,
          "latitude": 48.7724,
          "longitude": 14.0325
        },
        {
          "index": 3,
          "latitude": 48.9116,
          "longitude": 13.8927
        },
        {
          "index": 4,
          "latitude": 48.9166,
          "longitude": 14.1324
        }
      ],
      "radius": 0.0,
      "shape": "POLYGON"
    },
    "handle": 1383447525,
    "identification": "LKTSA1",
    "metar": {},
    "name": "BOLETICE",
    "sun": {
      "astronomicalDawn": "2020-12-06T05:06:00Z",
      "astronomicalDusk": "2020-12-06T14:44:00Z",
      "civilDawn": "2020-12-06T05:42:00Z",
      "civilDusk": "2020-12-06T14:07:00Z",
      "date": "2020-12-05T23:00:00Z"
    },
    "thumbprint": "1bd2c47ce9f91481efa1fceb4590973472e20fc15fb2f91ba9717ff419d430e3"
  },
  {
    "elevationRange": {
      "ceiling": {
        "origin": "FL",
        "units": "FEETS",
        "value": 66000.0
      },
      "floor": {
        "origin": "GND",
        "units": "NONE",
        "value": 0.0
      }
    },
    "geometry": {
      "coordinates": [
        {
          "index": 0,
          "latitude": 50.1831,
          "longitude": 13.1072
        },
        {
          "index": 1,
          "latitude": 50.1951,
          "longitude": 13.0228
        },
        {
          "index": 2,
          "latitude": 50.1975,
          "longitude": 13.0169
        },
        {
          "index": 3,
          "latitude": 50.2275,
          "longitude": 13.0153
        },
        {
          "index": 4,
          "latitude": 50.1831,
          "longitude": 13.1072
        }
      ],
      "radius": 0.0,
      "shape": "POLYGON"
    },
    "handle": 420609613,
    "identification": "LKTSA4A",
    "metar": {},
    "name": "HRADISTE",
    "sun": {
      "astronomicalDawn": "2020-12-06T05:13:00Z",
      "astronomicalDusk": "2020-12-06T14:44:00Z",
      "civilDawn": "2020-12-06T05:51:00Z",
      "civilDusk": "2020-12-06T14:06:00Z",
      "date": "2020-12-05T23:00:00Z"
    },
    "thumbprint": "523476894020b2a3cb0b0d4806054af3a696adef2977cf5f2c9a882a3d2c189e"
  },
  {
    "elevationRange": {
      "ceiling": {
        "origin": "AGL",
        "units": "FEETS",
        "value": 1000.0
      },
      "floor": {
        "origin": "GND",
        "units": "NONE",
        "value": 0.0
      }
    },
    "geometry": {
      "coordinates": [
        {
          "index": 0,
          "latitude": 49.3411,
          "longitude": 14.0756
        },
        {
          "index": 1,
          "latitude": 49.3451,
          "longitude": 14.0766
        },
        {
          "index": 2,
          "latitude": 49.3493,
          "longitude": 14.0787
        },
        {
          "index": 3,
          "latitude": 49.3531,
          "longitude": 14.0819
        },
        {
          "index": 4,
          "latitude": 49.3565,
          "longitude": 14.086
        },
        {
          "index": 5,
          "latitude": 49.3594,
          "longitude": 14.0909
        },
        {
          "index": 6,
          "latitude": 49.3617,
          "longitude": 14.0966
        },
        {
          "index": 7,
          "latitude": 49.3634,
          "longitude": 14.1028
        },
        {
          "index": 8,
          "latitude": 49.3643,
          "longitude": 14.1093
        },
        {
          "index": 9,
          "latitude": 49.3644,
          "longitude": 14.116
        },
        {
          "index": 10,
          "latitude": 49.3638,
          "longitude": 14.1226
        },
        {
          "index": 11,
          "latitude": 49.3624,
          "longitude": 14.1289
        },
        {
          "index": 12,
          "latitude": 49.3604,
          "longitude": 14.1348
        },
        {
          "index": 13,
          "latitude": 49.3577,
          "longitude": 14.1401
        },
        {
          "index": 14,
          "latitude": 49.3544,
          "longitude": 14.1445
        },
        {
          "index": 15,
          "latitude": 49.3507,
          "longitude": 14.148
        },
        {
          "index": 16,
          "latitude": 49.3467,
          "longitude": 14.1505
        },
        {
          "index": 17,
          "latitude": 49.3424,
          "longitude": 14.1519
        },
        {
          "index": 18,
          "latitude": 49.3381,
          "longitude": 14.1521
        },
        {
          "index": 19,
          "latitude": 49.3338,
          "longitude": 14.1511
        },
        {
          "index": 20,
          "latitude": 49.3296,
          "longitude": 14.149
        },
        {
          "index": 21,
          "latitude": 49.3258,
          "longitude": 14.1459
        },
        {
          "index": 22,
          "latitude": 49.3224,
          "longitude": 14.1418
        },
        {
          "index": 23,
          "latitude": 49.3183,
          "longitude": 14.1344
        },
        {
          "index": 24,
          "latitude": 49.3303,
          "longitude": 14.1103
        },
        {
          "index": 25,
          "latitude": 49.3411,
          "longitude": 14.0756
        }
      ],
      "radius": 0.0,
      "shape": "POLYGON"
    },
    "handle": 4212012231,
    "identification": "LKTSA60",
    "metar": {},
    "name": "PÍSEK",
    "sun": {
      "astronomicalDawn": "2020-12-06T05:06:00Z",
      "astronomicalDusk": "2020-12-06T14:42:00Z",
      "civilDawn": "2020-12-06T05:43:00Z",
      "civilDusk": "2020-12-06T14:05:00Z",
      "date": "2020-12-05T23:00:00Z"
    },
    "thumbprint": "740a4cd723cc4fdaed871520cd5b08e0cc4b73e89b188b697b65f90192dff94a"
  },
  {
    "elevationRange": {
      "ceiling": {
        "origin": "AGL",
        "units": "FEETS",
        "value": 1000.0
      },
      "floor": {
        "origin": "AGL",
        "units": "FEETS",
        "value": 300.0
      }
    },
    "geometry": {
      "coordinates": [
        {
          "index": 0,
          "latitude": 49.7546,
          "longitude": 16.68
        },
        {
          "index": 1,
          "latitude": 49.7072,
          "longitude": 17.3912
        },
        {
          "index": 2,
          "latitude": 49.7422,
          "longitude": 17.4433
        },
        {
          "index": 3,
          "latitude": 49.6251,
          "longitude": 17.4058
        },
        {
          "index": 4,
          "latitude": 49.6661,
          "longitude": 16.7522
        },
        {
          "index": 5,
          "latitude": 49.5017,
          "longitude": 16.3249
        },
        {
          "index": 6,
          "latitude": 49.4545,
          "longitude": 16.2035
        },
        {
          "index": 7,
          "latitude": 49.5124,
          "longitude": 16.1112
        },
        {
          "index": 8,
          "latitude": 49.5599,
          "longitude": 16.2219
        },
        {
          "index": 9,
          "latitude": 49.7153,
          "longitude": 16.5868
        },
        {
          "index": 10,
          "latitude": 49.7546,
          "longitude": 16.68
        }
      ],
      "radius": 0.0,
      "shape": "POLYGON"
    },
    "handle": 2090353496,
    "identification": "LKTSA24",
    "metar": {},
    "name": "LITOVEL",
    "sun": {
      "astronomicalDawn": "2020-12-06T04:59:00Z",
      "astronomicalDusk": "2020-12-06T14:28:00Z",
      "civilDawn": "2020-12-06T05:36:00Z",
      "civilDusk": "2020-12-06T13:50:00Z",
      "date": "2020-12-05T23:00:00Z"
    },
    "thumbprint": "9edb917cac066adefe4d71f0bde3adc020635077230477466a2483637f5d0cf7"
  },
  {
    "elevationRange": {
      "ceiling": {
        "origin": "AGL",
        "units": "FEETS",
        "value": 1000.0
      },
      "floor": {
        "origin": "AGL",
        "units": "FEETS",
        "value": 300.0
      }
    },
    "geometry": {
      "coordinates": [
        {
          "index": 0,
          "latitude": 49.3229,
          "longitude": 15.7776
        },
        {
          "index": 1,
          "latitude": 49.2841,
          "longitude": 15.9165
        },
        {
          "index": 2,
          "latitude": 49.2469,
          "longitude": 15.8683
        },
        {
          "index": 3,
          "latitude": 49.1858,
          "longitude": 15.7816
        },
        {
          "index": 4,
          "latitude": 49.14,
          "longitude": 15.696
        },
        {
          "index": 5,
          "latitude": 49.1149,
          "longitude": 15.5344
        },
        {
          "index": 6,
          "latitude": 49.0458,
          "longitude": 15.0989
        },
        {
          "index": 7,
          "latitude": 49.0518,
          "longitude": 14.754
        },
        {
          "index": 8,
          "latitude": 49.1163,
          "longitude": 14.7768
        },
        {
          "index": 9,
          "latitude": 49.1115,
          "longitude": 14.8695
        },
        {
          "index": 10,
          "latitude": 49.1018,
          "longitude": 15.0513
        },
        {
          "index": 11,
          "latitude": 49.1916,
          "longitude": 15.5525
        },
        {
          "index": 12,
          "latitude": 49.273,
          "longitude": 15.7071
        },
        {
          "index": 13,
          "latitude": 49.3229,
          "longitude": 15.7776
        }
      ],
      "radius": 0.0,
      "shape": "POLYGON"
    },
    "handle": 145892802,
    "identification": "LKTSA22",
    "metar": {},
    "name": "OPATOV",
    "sun": {
      "astronomicalDawn": "2020-12-06T05:03:00Z",
      "astronomicalDusk": "2020-12-06T14:36:00Z",
      "civilDawn": "2020-12-06T05:40:00Z",
      "civilDusk": "2020-12-06T13:58:00Z",
      "date": "2020-12-05T23:00:00Z"
    },
    "thumbprint": "eeb8c3d193371b71599411ec93d4700eaaccd683574d8eef2cf85e68b319be7b"
  },
  {
    "elevationRange": {
      "ceiling": {
        "origin": "AGL",
        "units": "FEETS",
        "value": 1000.0
      },
      "floor": {
        "origin": "AGL",
        "units": "FEETS",
        "value": 300.0
      }
    },
    "geometry": {
      "coordinates": [
        {
          "index": 0,
          "latitude": 49.5599,
          "longitude": 16.2219
        },
        {
          "index": 1,
          "latitude": 49.5017,
          "longitude": 16.3249
        },
        {
          "index": 2,
          "latitude": 49.4545,
          "longitude": 16.2035
        },
        {
          "index": 3,
          "latitude": 49.4067,
          "longitude": 16.0811
        },
        {
          "index": 4,
          "latitude": 49.3147,
          "longitude": 15.9552
        },
        {
          "index": 5,
          "latitude": 49.2841,
          "longitude": 15.9165
        },
        {
          "index": 6,
          "latitude": 49.3229,
          "longitude": 15.7776
        },
        {
          "index": 7,
          "latitude": 49.3855,
          "longitude": 15.8771
        },
        {
          "index": 8,
          "latitude": 49.5124,
          "longitude": 16.1112
        },
        {
          "index": 9,
          "latitude": 49.5599,
          "longitude": 16.2219
        }
      ],
      "radius": 0.0,
      "shape": "POLYGON"
    },
    "handle": 2623347984,
    "identification": "LKTSA21",
    "metar": {},
    "name": "MERIN",
    "sun": {
      "astronomicalDawn": "2020-12-06T04:59:00Z",
      "astronomicalDusk": "2020-12-06T14:33:00Z",
      "civilDawn": "2020-12-06T05:36:00Z",
      "civilDusk": "2020-12-06T13:56:00Z",
      "date": "2020-12-05T23:00:00Z"
    },
    "thumbprint": "b7279fd9cc3f6226e7b2904c7610245a2cb90fb1ebd9eefc2b444eeacf56834f"
  },
  {
    "elevationRange": {
      "ceiling": {
        "origin": "AGL",
        "units": "FEETS",
        "value": 1000.0
      },
      "floor": {
        "origin": "AGL",
        "units": "FEETS",
        "value": 300.0
      }
    },
    "geometry": {
      "coordinates": [
        {
          "index": 0,
          "latitude": 49.8383,
          "longitude": 15.6232
        },
        {
          "index": 1,
          "latitude": 49.756,
          "longitude": 15.6483
        },
        {
          "index": 2,
          "latitude": 49.6652,
          "longitude": 15.5632
        },
        {
          "index": 3,
          "latitude": 49.624,
          "longitude": 15.461
        },
        {
          "index": 4,
          "latitude": 49.5178,
          "longitude": 15.4535
        },
        {
          "index": 5,
          "latitude": 49.3662,
          "longitude": 15.2766
        },
        {
          "index": 6,
          "latitude": 49.2364,
          "longitude": 14.922
        },
        {
          "index": 7,
          "latitude": 49.166,
          "longitude": 14.8963
        },
        {
          "index": 8,
          "latitude": 49.1115,
          "longitude": 14.8695
        },
        {
          "index": 9,
          "latitude": 49.1163,
          "longitude": 14.7768
        },
        {
          "index": 10,
          "latitude": 49.2642,
          "longitude": 14.8303
        },
        {
          "index": 11,
          "latitude": 49.4126,
          "longitude": 15.241
        },
        {
          "index": 12,
          "latitude": 49.5375,
          "longitude": 15.3703
        },
        {
          "index": 13,
          "latitude": 49.6594,
          "longitude": 15.3789
        },
        {
          "index": 14,
          "latitude": 49.7207,
          "longitude": 15.521
        },
        {
          "index": 15,
          "latitude": 49.7774,
          "longitude": 15.5204
        },
        {
          "index": 16,
          "latitude": 49.8383,
          "longitude": 15.6232
        }
      ],
      "radius": 0.0,
      "shape": "POLYGON"
    },
    "handle": 141204778,
    "identification": "LKTSA27",
    "metar": {},
    "name": "HUMPOLEC",
    "sun": {
      "astronomicalDawn": "2020-12-06T05:03:00Z",
      "astronomicalDusk": "2020-12-06T14:35:00Z",
      "civilDawn": "2020-12-06T05:40:00Z",
      "civilDusk": "2020-12-06T13:57:00Z",
      "date": "2020-12-05T23:00:00Z"
    },
    "thumbprint": "82edb5f942a313160e028de5a7787f2b81a7662c2ffda52de1f41cb5c5a154b9"
  },
  {
    "elevationRange": {
      "ceiling": {
        "origin": "FL",
        "units": "FEETS",
        "value": 19500.0
      },
      "floor": {
        "origin": "FL",
        "units": "FEETS",
        "value": 9500.0
      }
    },
    "geometry": {
      "coordinates": [
        {
          "index": 0,
          "latitude": 49.9833,
          "longitude": 17.2667
        },
        {
          "index": 1,
          "latitude": 49.9952,
          "longitude": 17.4325
        },
        {
          "index": 2,
          "latitude": 50.0083,
          "longitude": 17.6209
        },
        {
          "index": 3,
          "latitude": 49.8932,
          "longitude": 17.7533
        },
        {
          "index": 4,
          "latitude": 49.7835,
          "longitude": 17.7276
        },
        {
          "index": 5,
          "latitude": 49.7766,
          "longitude": 17.541
        },
        {
          "index": 6,
          "latitude": 49.9833,
          "longitude": 17.2667
        }
      ],
      "radius": 0.0,
      "shape": "POLYGON"
    },
    "handle": 2908489804,
    "identification": "LKTSA47",
    "metar": {},
    "name": "BRUNTÁL",
    "sun": {
      "astronomicalDawn": "2020-12-06T04:56:00Z",
      "astronomicalDusk": "2020-12-06T14:26:00Z",
      "civilDawn": "2020-12-06T05:33:00Z",
      "civilDusk": "2020-12-06T13:49:00Z",
      "date": "2020-12-05T23:00:00Z"
    },
    "thumbprint": "07081ef5c9fa0561be64ed67b14ddd293edd23aad541546e83430409c9dea917"
  },
  {
    "elevationRange": {
      "ceiling": {
        "origin": "FL",
        "units": "FEETS",
        "value": 23500.0
      },
      "floor": {
        "origin": "FL",
        "units": "FEETS",
        "value": 9500.0
      }
    },
    "geometry": {
      "coordinates": [
        {
          "index": 0,
          "latitude": 50.0514,
          "longitude": 16.7292
        },
        {
          "index": 1,
          "latitude": 50.183,
          "longitude": 17.0482
        },
        {
          "index": 2,
          "latitude": 49.9833,
          "longitude": 17.2667
        },
        {
          "index": 3,
          "latitude": 50.0514,
          "longitude": 16.7292
        }
      ],
      "radius": 0.0,
      "shape": "POLYGON"
    },
    "handle": 2134217991,
    "identification": "LKTSA48",
    "metar": {},
    "name": "HANUŠOVICE",
    "sun": {
      "astronomicalDawn": "2020-12-06T04:58:00Z",
      "astronomicalDusk": "2020-12-06T14:28:00Z",
      "civilDawn": "2020-12-06T05:36:00Z",
      "civilDusk": "2020-12-06T13:50:00Z",
      "date": "2020-12-05T23:00:00Z"
    },
    "thumbprint": "071e40b0509bf5aeb1e6c1e2fbe29deb64fe18ab009819f05b5c97f0bfa009b3"
  },
  {
    "elevationRange": {
      "ceiling": {
        "origin": "FL",
        "units": "FEETS",
        "value": 66000.0
      },
      "floor": {
        "origin": "GND",
        "units": "NONE",
        "value": 0.0
      }
    },
    "geometry": {
      "coordinates": [
        {
          "index": 0,
          "latitude": 50.3097,
          "longitude": 13.2292
        },
        {
          "index": 1,
          "latitude": 50.2778,
          "longitude": 13.235
        },
        {
          "index": 2,
          "latitude": 50.2143,
          "longitude": 13.2638
        },
        {
          "index": 3,
          "latitude": 50.1906,
          "longitude": 13.1756
        },
        {
          "index": 4,
          "latitude": 50.2275,
          "longitude": 13.0153
        },
        {
          "index": 5,
          "latitude": 50.2973,
          "longitude": 13.022
        },
        {
          "index": 6,
          "latitude": 50.3097,
          "longitude": 13.2292
        }
      ],
      "radius": 0.0,
      "shape": "POLYGON"
    },
    "handle": 1586371686,
    "identification": "LKTSA4C",
    "metar": {},
    "name": "HRADISTE",
    "sun": {
      "astronomicalDawn": "2020-12-06T05:14:00Z",
      "astronomicalDusk": "2020-12-06T14:43:00Z",
      "civilDawn": "2020-12-06T05:52:00Z",
      "civilDusk": "2020-12-06T14:05:00Z",
      "date": "2020-12-05T23:00:00Z"
    },
    "thumbprint": "b8e4f99279f901ea89e70ad797903a11f6fb9443648f99661c4b7ea4371897a6"
  },
  {
    "elevationRange": {
      "ceiling": {
        "origin": "AGL",
        "units": "FEETS",
        "value": 1000.0
      },
      "floor": {
        "origin": "AGL",
        "units": "FEETS",
        "value": 300.0
      }
    },
    "geometry": {
      "coordinates": [
        {
          "index": 0,
          "latitude": 49.9592,
          "longitude": 15.1992
        },
        {
          "index": 1,
          "latitude": 49.9349,
          "longitude": 15.2013
        },
        {
          "index": 2,
          "latitude": 49.8985,
          "longitude": 15.2532
        },
        {
          "index": 3,
          "latitude": 49.8433,
          "longitude": 15.1328
        },
        {
          "index": 4,
          "latitude": 49.6203,
          "longitude": 15.0558
        },
        {
          "index": 5,
          "latitude": 49.5129,
          "longitude": 14.693
        },
        {
          "index": 6,
          "latitude": 49.4637,
          "longitude": 14.4009
        },
        {
          "index": 7,
          "latitude": 49.5117,
          "longitude": 14.4194
        },
        {
          "index": 8,
          "latitude": 49.5574,
          "longitude": 14.6684
        },
        {
          "index": 9,
          "latitude": 49.6678,
          "longitude": 14.9775
        },
        {
          "index": 10,
          "latitude": 49.8777,
          "longitude": 15.0555
        },
        {
          "index": 11,
          "latitude": 49.9592,
          "longitude": 15.1992
        }
      ],
      "radius": 0.0,
      "shape": "POLYGON"
    },
    "handle": 4178283621,
    "identification": "LKTSA26",
    "metar": {},
    "name": "PRAVONIN",
    "sun": {
      "astronomicalDawn": "2020-12-06T05:05:00Z",
      "astronomicalDusk": "2020-12-06T14:36:00Z",
      "civilDawn": "2020-12-06T05:43:00Z",
      "civilDusk": "2020-12-06T13:58:00Z",
      "date": "2020-12-05T23:00:00Z"
    },
    "thumbprint": "7abd76e9f6dfd8fecf200a1529fa2a5aafc81479f5e89732a2283f075908926b"
  },
  {
    "elevationRange": {
      "ceiling": {
        "origin": "FL",
        "units": "FEETS",
        "value": 23500.0
      },
      "floor": {
        "origin": "FL",
        "units": "FEETS",
        "value": 9500.0
      }
    },
    "geometry": {
      "coordinates": [
        {
          "index": 0,
          "latitude": 50.0964,
          "longitude": 16.7051
        },
        {
          "index": 1,
          "latitude": 50.0973,
          "longitude": 16.7035
        },
        {
          "index": 2,
          "latitude": 50.1161,
          "longitude": 16.7272
        },
        {
          "index": 3,
          "latitude": 50.1333,
          "longitude": 16.7411
        },
        {
          "index": 4,
          "latitude": 50.1342,
          "longitude": 16.7589
        },
        {
          "index": 5,
          "latitude": 50.1433,
          "longitude": 16.7731
        },
        {
          "index": 6,
          "latitude": 50.1575,
          "longitude": 16.7872
        },
        {
          "index": 7,
          "latitude": 50.1755,
          "longitude": 16.795
        },
        {
          "index": 8,
          "latitude": 50.1803,
          "longitude": 16.7992
        },
        {
          "index": 9,
          "latitude": 50.1886,
          "longitude": 16.8208
        },
        {
          "index": 10,
          "latitude": 50.1975,
          "longitude": 16.8236
        },
        {
          "index": 11,
          "latitude": 50.2086,
          "longitude": 16.8431
        },
        {
          "index": 12,
          "latitude": 50.2055,
          "longitude": 16.8494
        },
        {
          "index": 13,
          "latitude": 50.1961,
          "longitude": 16.8694
        },
        {
          "index": 14,
          "latitude": 50.2003,
          "longitude": 16.8767
        },
        {
          "index": 15,
          "latitude": 50.2189,
          "longitude": 16.8889
        },
        {
          "index": 16,
          "latitude": 50.2239,
          "longitude": 16.905
        },
        {
          "index": 17,
          "latitude": 50.2239,
          "longitude": 16.905
        },
        {
          "index": 18,
          "latitude": 50.2242,
          "longitude": 16.9225
        },
        {
          "index": 19,
          "latitude": 50.2219,
          "longitude": 16.9381
        },
        {
          "index": 20,
          "latitude": 50.2253,
          "longitude": 16.9522
        },
        {
          "index": 21,
          "latitude": 50.228,
          "longitude": 16.9575
        },
        {
          "index": 22,
          "latitude": 50.2364,
          "longitude": 16.9547
        },
        {
          "index": 23,
          "latitude": 50.2436,
          "longitude": 16.9714
        },
        {
          "index": 24,
          "latitude": 50.2347,
          "longitude": 16.9789
        },
        {
          "index": 25,
          "latitude": 50.2244,
          "longitude": 16.9856
        },
        {
          "index": 26,
          "latitude": 50.2167,
          "longitude": 16.9983
        },
        {
          "index": 27,
          "latitude": 50.2244,
          "longitude": 17.0161
        },
        {
          "index": 28,
          "latitude": 50.2308,
          "longitude": 17.0206
        },
        {
          "index": 29,
          "latitude": 50.2458,
          "longitude": 17.0075
        },
        {
          "index": 30,
          "latitude": 50.2569,
          "longitude": 17.0008
        },
        {
          "index": 31,
          "latitude": 50.2711,
          "longitude": 17.0142
        },
        {
          "index": 32,
          "latitude": 50.2903,
          "longitude": 17.0092
        },
        {
          "index": 33,
          "latitude": 50.2989,
          "longitude": 16.9983
        },
        {
          "index": 34,
          "latitude": 50.308,
          "longitude": 16.9672
        },
        {
          "index": 35,
          "latitude": 50.3133,
          "longitude": 16.9422
        },
        {
          "index": 36,
          "latitude": 50.3255,
          "longitude": 16.9286
        },
        {
          "index": 37,
          "latitude": 50.34,
          "longitude": 16.9292
        },
        {
          "index": 38,
          "latitude": 50.3517,
          "longitude": 16.9178
        },
        {
          "index": 39,
          "latitude": 50.3628,
          "longitude": 16.9122
        },
        {
          "index": 40,
          "latitude": 50.3717,
          "longitude": 16.9139
        },
        {
          "index": 41,
          "latitude": 50.385,
          "longitude": 16.9067
        },
        {
          "index": 42,
          "latitude": 50.3917,
          "longitude": 16.8917
        },
        {
          "index": 43,
          "latitude": 50.403,
          "longitude": 16.8678
        },
        {
          "index": 44,
          "latitude": 50.4089,
          "longitude": 16.86
        },
        {
          "index": 45,
          "latitude": 50.4292,
          "longitude": 16.8764
        },
        {
          "index": 46,
          "latitude": 50.4383,
          "longitude": 16.8828
        },
        {
          "index": 47,
          "latitude": 50.4436,
          "longitude": 16.8942
        },
        {
          "index": 48,
          "latitude": 50.4453,
          "longitude": 16.9122
        },
        {
          "index": 49,
          "latitude": 50.4355,
          "longitude": 16.9369
        },
        {
          "index": 50,
          "latitude": 50.4264,
          "longitude": 16.9603
        },
        {
          "index": 51,
          "latitude": 50.42,
          "longitude": 16.9889
        },
        {
          "index": 52,
          "latitude": 50.4197,
          "longitude": 16.9961
        },
        {
          "index": 53,
          "latitude": 50.4186,
          "longitude": 17.02
        },
        {
          "index": 54,
          "latitude": 50.4122,
          "longitude": 17.0303
        },
        {
          "index": 55,
          "latitude": 50.405,
          "longitude": 17.0408
        },
        {
          "index": 56,
          "latitude": 50.4089,
          "longitude": 17.0525
        },
        {
          "index": 57,
          "latitude": 50.4033,
          "longitude": 17.0661
        },
        {
          "index": 58,
          "latitude": 50.4053,
          "longitude": 17.0989
        },
        {
          "index": 59,
          "latitude": 50.3933,
          "longitude": 17.1056
        },
        {
          "index": 60,
          "latitude": 50.3897,
          "longitude": 17.1075
        },
        {
          "index": 61,
          "latitude": 50.3894,
          "longitude": 17.1222
        },
        {
          "index": 62,
          "latitude": 50.3792,
          "longitude": 17.1381
        },
        {
          "index": 63,
          "latitude": 50.3811,
          "longitude": 17.1456
        },
        {
          "index": 64,
          "latitude": 50.3786,
          "longitude": 17.1517
        },
        {
          "index": 65,
          "latitude": 50.3816,
          "longitude": 17.1706
        },
        {
          "index": 66,
          "latitude": 50.3841,
          "longitude": 17.1769
        },
        {
          "index": 67,
          "latitude": 50.3861,
          "longitude": 17.1914
        },
        {
          "index": 68,
          "latitude": 50.3778,
          "longitude": 17.1986
        },
        {
          "index": 69,
          "latitude": 50.3789,
          "longitude": 17.1917
        },
        {
          "index": 70,
          "latitude": 50.3778,
          "longitude": 17.19
        },
        {
          "index": 71,
          "latitude": 50.3739,
          "longitude": 17.1844
        },
        {
          "index": 72,
          "latitude": 50.3624,
          "longitude": 17.1979
        },
        {
          "index": 73,
          "latitude": 50.364,
          "longitude": 17.2011
        },
        {
          "index": 74,
          "latitude": 50.2234,
          "longitude": 17.1952
        },
        {
          "index": 75,
          "latitude": 49.9952,
          "longitude": 17.4325
        },
        {
          "index": 76,
          "latitude": 49.9833,
          "longitude": 17.2667
        },
        {
          "index": 77,
          "latitude": 50.183,
          "longitude": 17.0482
        },
        {
          "index": 78,
          "latitude": 50.0514,
          "longitude": 16.7292
        },
        {
          "index": 79,
          "latitude": 50.0964,
          "longitude": 16.7051
        }
      ],
      "radius": 0.0,
      "shape": "POLYGON"
    },
    "handle": 2685803758,
    "identification": "LKTSA44",
    "metar": {},
    "name": "JESENÍKY",
    "sun": {
      "astronomicalDawn": "2020-12-06T04:59:00Z",
      "astronomicalDusk": "2020-12-06T14:27:00Z",
      "civilDawn": "2020-12-06T05:37:00Z",
      "civilDusk": "2020-12-06T13:49:00Z",
      "date": "2020-12-05T23:00:00Z"
    },
    "thumbprint": "4309603e9b43a22a8802d8f77dfc0d5f558269cdeaf8ebace951bb5a87eccfbd"
  },
  {
    "elevationRange": {
      "ceiling": {
        "origin": "FL",
        "units": "FEETS",
        "value": 22500.0
      },
      "floor": {
        "origin": "FL",
        "units": "FEETS",
        "value": 9500.0
      }
    },
    "geometry": {
      "coordinates": [
        {
          "index": 0,
          "latitude": 50.777,
          "longitude": 15.5243
        },
        {
          "index": 1,
          "latitude": 50.7797,
          "longitude": 15.5234
        },
        {
          "index": 2,
          "latitude": 50.7822,
          "longitude": 15.5414
        },
        {
          "index": 3,
          "latitude": 50.7811,
          "longitude": 15.5561
        },
        {
          "index": 4,
          "latitude": 50.7797,
          "longitude": 15.5831
        },
        {
          "index": 5,
          "latitude": 50.78,
          "longitude": 15.5867
        },
        {
          "index": 6,
          "latitude": 50.7783,
          "longitude": 15.6056
        },
        {
          "index": 7,
          "latitude": 50.7747,
          "longitude": 15.6158
        },
        {
          "index": 8,
          "latitude": 50.7639,
          "longitude": 15.6333
        },
        {
          "index": 9,
          "latitude": 50.7625,
          "longitude": 15.6544
        },
        {
          "index": 10,
          "latitude": 50.7575,
          "longitude": 15.6767
        },
        {
          "index": 11,
          "latitude": 50.7469,
          "longitude": 15.6828
        },
        {
          "index": 12,
          "latitude": 50.7397,
          "longitude": 15.6992
        },
        {
          "index": 13,
          "latitude": 50.7406,
          "longitude": 15.7247
        },
        {
          "index": 14,
          "latitude": 50.7364,
          "longitude": 15.7364
        },
        {
          "index": 15,
          "latitude": 50.7428,
          "longitude": 15.7472
        },
        {
          "index": 16,
          "latitude": 50.7458,
          "longitude": 15.7556
        },
        {
          "index": 17,
          "latitude": 50.7467,
          "longitude": 15.7656
        },
        {
          "index": 18,
          "latitude": 50.7442,
          "longitude": 15.7811
        },
        {
          "index": 19,
          "latitude": 50.7492,
          "longitude": 15.7897
        },
        {
          "index": 20,
          "latitude": 50.7544,
          "longitude": 15.7936
        },
        {
          "index": 21,
          "latitude": 50.7558,
          "longitude": 15.8078
        },
        {
          "index": 22,
          "latitude": 50.7536,
          "longitude": 15.8153
        },
        {
          "index": 23,
          "latitude": 50.7494,
          "longitude": 15.8208
        },
        {
          "index": 24,
          "latitude": 50.7406,
          "longitude": 15.8275
        },
        {
          "index": 25,
          "latitude": 50.7286,
          "longitude": 15.8269
        },
        {
          "index": 26,
          "latitude": 50.7178,
          "longitude": 15.8369
        },
        {
          "index": 27,
          "latitude": 50.7139,
          "longitude": 15.8419
        },
        {
          "index": 28,
          "latitude": 50.7114,
          "longitude": 15.8489
        },
        {
          "index": 29,
          "latitude": 50.6875,
          "longitude": 15.8594
        },
        {
          "index": 30,
          "latitude": 50.675,
          "longitude": 15.8608
        },
        {
          "index": 31,
          "latitude": 50.6719,
          "longitude": 15.8803
        },
        {
          "index": 32,
          "latitude": 50.6831,
          "longitude": 15.9117
        },
        {
          "index": 33,
          "latitude": 50.6889,
          "longitude": 15.9336
        },
        {
          "index": 34,
          "latitude": 50.6936,
          "longitude": 15.9578
        },
        {
          "index": 35,
          "latitude": 50.6931,
          "longitude": 15.9722
        },
        {
          "index": 36,
          "latitude": 50.6883,
          "longitude": 15.9858
        },
        {
          "index": 37,
          "latitude": 50.6858,
          "longitude": 15.9872
        },
        {
          "index": 38,
          "latitude": 50.6764,
          "longitude": 15.9925
        },
        {
          "index": 39,
          "latitude": 50.6547,
          "longitude": 16.0
        },
        {
          "index": 40,
          "latitude": 50.6261,
          "longitude": 15.9956
        },
        {
          "index": 41,
          "latitude": 50.6153,
          "longitude": 15.9881
        },
        {
          "index": 42,
          "latitude": 50.6125,
          "longitude": 15.9914
        },
        {
          "index": 43,
          "latitude": 50.6072,
          "longitude": 15.9994
        },
        {
          "index": 44,
          "latitude": 50.6083,
          "longitude": 16.0139
        },
        {
          "index": 45,
          "latitude": 50.6067,
          "longitude": 16.0292
        },
        {
          "index": 46,
          "latitude": 50.6144,
          "longitude": 16.0436
        },
        {
          "index": 47,
          "latitude": 50.6158,
          "longitude": 16.0583
        },
        {
          "index": 48,
          "latitude": 50.6286,
          "longitude": 16.0611
        },
        {
          "index": 49,
          "latitude": 50.6408,
          "longitude": 16.0689
        },
        {
          "index": 50,
          "latitude": 50.6511,
          "longitude": 16.0875
        },
        {
          "index": 51,
          "latitude": 50.6528,
          "longitude": 16.089
        },
        {
          "index": 52,
          "latitude": 50.6527,
          "longitude": 16.0892
        },
        {
          "index": 53,
          "latitude": 50.5796,
          "longitude": 16.0613
        },
        {
          "index": 54,
          "latitude": 50.7463,
          "longitude": 15.5842
        },
        {
          "index": 55,
          "latitude": 50.777,
          "longitude": 15.5243
        }
      ],
      "radius": 0.0,
      "shape": "POLYGON"
    },
    "handle": 2161071734,
    "identification": "LKTSA42",
    "metar": {},
    "name": "KRKONOŠE",
    "sun": {
      "astronomicalDawn": "2020-12-06T05:05:00Z",
      "astronomicalDusk": "2020-12-06T14:30:00Z",
      "civilDawn": "2020-12-06T05:44:00Z",
      "civilDusk": "2020-12-06T13:52:00Z",
      "date": "2020-12-05T23:00:00Z"
    },
    "thumbprint": "63cc18098e9b203a8f05a9cbb2292d93d5068fc92a8fa763be4031c7d5d82b2c"
  },
  {
    "elevationRange": {
      "ceiling": {
        "origin": "AGL",
        "units": "FEETS",
        "value": 1000.0
      },
      "floor": {
        "origin": "AGL",
        "units": "FEETS",
        "value": 300.0
      }
    },
    "geometry": {
      "coordinates": [
        {
          "index": 0,
          "latitude": 49.8383,
          "longitude": 15.6232
        },
        {
          "index": 1,
          "latitude": 49.7693,
          "longitude": 15.8496
        },
        {
          "index": 2,
          "latitude": 49.5599,
          "longitude": 16.2219
        },
        {
          "index": 3,
          "latitude": 49.5124,
          "longitude": 16.1112
        },
        {
          "index": 4,
          "latitude": 49.7452,
          "longitude": 15.7049
        },
        {
          "index": 5,
          "latitude": 49.7774,
          "longitude": 15.5204
        },
        {
          "index": 6,
          "latitude": 49.8383,
          "longitude": 15.6232
        }
      ],
      "radius": 0.0,
      "shape": "POLYGON"
    },
    "handle": 1418477167,
    "identification": "LKTSA20",
    "metar": {},
    "name": "ŽDÍREC",
    "sun": {
      "astronomicalDawn": "2020-12-06T05:02:00Z",
      "astronomicalDusk": "2020-12-06T14:33:00Z",
      "civilDawn": "2020-12-06T05:39:00Z",
      "civilDusk": "2020-12-06T13:56:00Z",
      "date": "2020-12-05T23:00:00Z"
    },
    "thumbprint": "430a4b93b0fab012a72f06b411fcef48c8939903d997c18b601185d5aea4ebdb"
  },
  {
    "elevationRange": {
      "ceiling": {
        "origin": "FL",
        "units": "FEETS",
        "value": 18500.0
      },
      "floor": {
        "origin": "FL",
        "units": "FEETS",
        "value": 9500.0
      }
    },
    "geometry": {
      "coordinates": [
        {
          "index": 0,
          "latitude": 50.253,
          "longitude": 17.4453
        },
        {
          "index": 1,
          "latitude": 50.2522,
          "longitude": 17.448
        },
        {
          "index": 2,
          "latitude": 50.2602,
          "longitude": 17.4533
        },
        {
          "index": 3,
          "latitude": 50.2664,
          "longitude": 17.4581
        },
        {
          "index": 4,
          "latitude": 50.2686,
          "longitude": 17.4781
        },
        {
          "index": 5,
          "latitude": 50.273,
          "longitude": 17.5081
        },
        {
          "index": 6,
          "latitude": 50.273,
          "longitude": 17.5089
        },
        {
          "index": 7,
          "latitude": 50.2689,
          "longitude": 17.5325
        },
        {
          "index": 8,
          "latitude": 50.27,
          "longitude": 17.5653
        },
        {
          "index": 9,
          "latitude": 50.2733,
          "longitude": 17.5794
        },
        {
          "index": 10,
          "latitude": 50.2744,
          "longitude": 17.5881
        },
        {
          "index": 11,
          "latitude": 50.2686,
          "longitude": 17.5972
        },
        {
          "index": 12,
          "latitude": 50.2647,
          "longitude": 17.6117
        },
        {
          "index": 13,
          "latitude": 50.2675,
          "longitude": 17.6192
        },
        {
          "index": 14,
          "latitude": 50.2711,
          "longitude": 17.6308
        },
        {
          "index": 15,
          "latitude": 50.2725,
          "longitude": 17.6389
        },
        {
          "index": 16,
          "latitude": 50.2737,
          "longitude": 17.6384
        },
        {
          "index": 17,
          "latitude": 50.2034,
          "longitude": 17.7337
        },
        {
          "index": 18,
          "latitude": 50.2012,
          "longitude": 17.7327
        },
        {
          "index": 19,
          "latitude": 50.2013,
          "longitude": 17.7317
        },
        {
          "index": 20,
          "latitude": 50.2041,
          "longitude": 17.7211
        },
        {
          "index": 21,
          "latitude": 50.193,
          "longitude": 17.7072
        },
        {
          "index": 22,
          "latitude": 50.1863,
          "longitude": 17.7072
        },
        {
          "index": 23,
          "latitude": 50.1788,
          "longitude": 17.6925
        },
        {
          "index": 24,
          "latitude": 50.1794,
          "longitude": 17.6822
        },
        {
          "index": 25,
          "latitude": 50.1816,
          "longitude": 17.6728
        },
        {
          "index": 26,
          "latitude": 50.1758,
          "longitude": 17.6603
        },
        {
          "index": 27,
          "latitude": 50.1738,
          "longitude": 17.6458
        },
        {
          "index": 28,
          "latitude": 50.1697,
          "longitude": 17.6375
        },
        {
          "index": 29,
          "latitude": 50.1677,
          "longitude": 17.6094
        },
        {
          "index": 30,
          "latitude": 50.165,
          "longitude": 17.5931
        },
        {
          "index": 31,
          "latitude": 50.1519,
          "longitude": 17.5942
        },
        {
          "index": 32,
          "latitude": 50.1452,
          "longitude": 17.6033
        },
        {
          "index": 33,
          "latitude": 50.1188,
          "longitude": 17.6467
        },
        {
          "index": 34,
          "latitude": 50.1088,
          "longitude": 17.6597
        },
        {
          "index": 35,
          "latitude": 50.1063,
          "longitude": 17.6747
        },
        {
          "index": 36,
          "latitude": 50.1133,
          "longitude": 17.6914
        },
        {
          "index": 37,
          "latitude": 50.1133,
          "longitude": 17.6939
        },
        {
          "index": 38,
          "latitude": 50.1077,
          "longitude": 17.705
        },
        {
          "index": 39,
          "latitude": 50.1019,
          "longitude": 17.7264
        },
        {
          "index": 40,
          "latitude": 50.1005,
          "longitude": 17.7347
        },
        {
          "index": 41,
          "latitude": 50.0891,
          "longitude": 17.7389
        },
        {
          "index": 42,
          "latitude": 50.0805,
          "longitude": 17.7444
        },
        {
          "index": 43,
          "latitude": 50.0697,
          "longitude": 17.7542
        },
        {
          "index": 44,
          "latitude": 50.0672,
          "longitude": 17.755
        },
        {
          "index": 45,
          "latitude": 50.0641,
          "longitude": 17.7597
        },
        {
          "index": 46,
          "latitude": 50.0502,
          "longitude": 17.7692
        },
        {
          "index": 47,
          "latitude": 50.0427,
          "longitude": 17.7731
        },
        {
          "index": 48,
          "latitude": 50.0288,
          "longitude": 17.7786
        },
        {
          "index": 49,
          "latitude": 50.0236,
          "longitude": 17.7783
        },
        {
          "index": 50,
          "latitude": 50.0202,
          "longitude": 17.7841
        },
        {
          "index": 51,
          "latitude": 50.0194,
          "longitude": 17.7829
        },
        {
          "index": 52,
          "latitude": 49.8932,
          "longitude": 17.7533
        },
        {
          "index": 53,
          "latitude": 50.0083,
          "longitude": 17.6209
        },
        {
          "index": 54,
          "latitude": 50.1646,
          "longitude": 17.4398
        },
        {
          "index": 55,
          "latitude": 50.253,
          "longitude": 17.4453
        }
      ],
      "radius": 0.0,
      "shape": "POLYGON"
    },
    "handle": 2519785482,
    "identification": "LKTSA49",
    "metar": {},
    "name": "KRNOV",
    "sun": {
      "astronomicalDawn": "2020-12-06T04:56:00Z",
      "astronomicalDusk": "2020-12-06T14:25:00Z",
      "civilDawn": "2020-12-06T05:34:00Z",
      "civilDusk": "2020-12-06T13:47:00Z",
      "date": "2020-12-05T23:00:00Z"
    },
    "thumbprint": "a645229b14936eada6bd012ab50dab62ad6d95a2b13690a288b89dbe3871ac48"
  },
  {
    "elevationRange": {
      "ceiling": {
        "origin": "FL",
        "units": "FEETS",
        "value": 66000.0
      },
      "floor": {
        "origin": "GND",
        "units": "NONE",
        "value": 0.0
      }
    },
    "geometry": {
      "coordinates": [
        {
          "index": 0,
          "latitude": 49.7633,
          "longitude": 17.6816
        },
        {
          "index": 1,
          "latitude": 49.7047,
          "longitude": 17.7224
        },
        {
          "index": 2,
          "latitude": 49.6497,
          "longitude": 17.6383
        },
        {
          "index": 3,
          "latitude": 49.5705,
          "longitude": 17.628
        },
        {
          "index": 4,
          "latitude": 49.5564,
          "longitude": 17.5444
        },
        {
          "index": 5,
          "latitude": 49.557,
          "longitude": 17.5308
        },
        {
          "index": 6,
          "latitude": 49.578,
          "longitude": 17.4833
        },
        {
          "index": 7,
          "latitude": 49.5997,
          "longitude": 17.3974
        },
        {
          "index": 8,
          "latitude": 49.6251,
          "longitude": 17.4058
        },
        {
          "index": 9,
          "latitude": 49.7422,
          "longitude": 17.4433
        },
        {
          "index": 10,
          "latitude": 49.7766,
          "longitude": 17.541
        },
        {
          "index": 11,
          "latitude": 49.7633,
          "longitude": 17.6816
        }
      ],
      "radius": 0.0,
      "shape": "POLYGON"
    },
    "handle": 2490012227,
    "identification": "LKTSA3",
    "metar": {},
    "name": "LIBAVA",
    "sun": {
      "astronomicalDawn": "2020-12-06T04:54:00Z",
      "astronomicalDusk": "2020-12-06T14:27:00Z",
      "civilDawn": "2020-12-06T05:32:00Z",
      "civilDusk": "2020-12-06T13:49:00Z",
      "date": "2020-12-05T23:00:00Z"
    },
    "thumbprint": "2c1e137e9bea8cc164f4fbf26e0385b5a3ae8cbae500fb4c64bd2519efa435de"
  },
  {
    "elevationRange": {
      "ceiling": {
        "origin": "FL",
        "units": "FEETS",
        "value": 66000.0
      },
      "floor": {
        "origin": "GND",
        "units": "NONE",
        "value": 0.0
      }
    },
    "geometry": {
      "coordinates": [
        {
          "index": 0,
          "latitude": 49.46,
          "longitude": 16.9778
        },
        {
          "index": 1,
          "latitude": 49.3869,
          "longitude": 17.0244
        },
        {
          "index": 2,
          "latitude": 49.3669,
          "longitude": 17.0147
        },
        {
          "index": 3,
          "latitude": 49.3286,
          "longitude": 16.9181
        },
        {
          "index": 4,
          "latitude": 49.435,
          "longitude": 16.8994
        },
        {
          "index": 5,
          "latitude": 49.46,
          "longitude": 16.9778
        }
      ],
      "radius": 0.0,
      "shape": "POLYGON"
    },
    "handle": 1126088120,
    "identification": "LKTSA2B",
    "metar": {},
    "name": "BREZINA",
    "sun": {
      "astronomicalDawn": "2020-12-06T04:55:00Z",
      "astronomicalDusk": "2020-12-06T14:31:00Z",
      "civilDawn": "2020-12-06T05:32:00Z",
      "civilDusk": "2020-12-06T13:53:00Z",
      "date": "2020-12-05T23:00:00Z"
    },
    "thumbprint": "2662925c1f9477e660a7aa07a47f3b7048125d6418a0f4313a0648f8b831acbf"
  },
  {
    "elevationRange": {
      "ceiling": {
        "origin": "FL",
        "units": "FEETS",
        "value": 66000.0
      },
      "floor": {
        "origin": "GND",
        "units": "NONE",
        "value": 0.0
      }
    },
    "geometry": {
      "coordinates": [
        {
          "index": 0,
          "latitude": 50.1906,
          "longitude": 13.1756
        },
        {
          "index": 1,
          "latitude": 50.1831,
          "longitude": 13.1072
        },
        {
          "index": 2,
          "latitude": 50.2275,
          "longitude": 13.0153
        },
        {
          "index": 3,
          "latitude": 50.1906,
          "longitude": 13.1756
        }
      ],
      "radius": 0.0,
      "shape": "POLYGON"
    },
    "handle": 4060330272,
    "identification": "LKTSA4B",
    "metar": {},
    "name": "HRADISTE",
    "sun": {
      "astronomicalDawn": "2020-12-06T05:13:00Z",
      "astronomicalDusk": "2020-12-06T14:44:00Z",
      "civilDawn": "2020-12-06T05:51:00Z",
      "civilDusk": "2020-12-06T14:06:00Z",
      "date": "2020-12-05T23:00:00Z"
    },
    "thumbprint": "e130a47dd26905214fc4b3dae9354301b4930a9c78a3cd98f69e679978cf5d41"
  },
  {
    "elevationRange": {
      "ceiling": {
        "origin": "FL",
        "units": "FEETS",
        "value": 22500.0
      },
      "floor": {
        "origin": "FL",
        "units": "FEETS",
        "value": 9500.0
      }
    },
    "geometry": {
      "coordinates": [
        {
          "index": 0,
          "latitude": 50.5796,
          "longitude": 16.0613
        },
        {
          "index": 1,
          "latitude": 50.6527,
          "longitude": 16.0892
        },
        {
          "index": 2,
          "latitude": 50.6528,
          "longitude": 16.089
        },
        {
          "index": 3,
          "latitude": 50.6622,
          "longitude": 16.0978
        },
        {
          "index": 4,
          "latitude": 50.6611,
          "longitude": 16.1094
        },
        {
          "index": 5,
          "latitude": 50.6553,
          "longitude": 16.1347
        },
        {
          "index": 6,
          "latitude": 50.6553,
          "longitude": 16.1439
        },
        {
          "index": 7,
          "latitude": 50.6453,
          "longitude": 16.1644
        },
        {
          "index": 8,
          "latitude": 50.6356,
          "longitude": 16.1767
        },
        {
          "index": 9,
          "latitude": 50.6264,
          "longitude": 16.1878
        },
        {
          "index": 10,
          "latitude": 50.6317,
          "longitude": 16.2017
        },
        {
          "index": 11,
          "latitude": 50.6367,
          "longitude": 16.2178
        },
        {
          "index": 12,
          "latitude": 50.6392,
          "longitude": 16.2208
        },
        {
          "index": 13,
          "latitude": 50.6519,
          "longitude": 16.2228
        },
        {
          "index": 14,
          "latitude": 50.6656,
          "longitude": 16.2278
        },
        {
          "index": 15,
          "latitude": 50.6728,
          "longitude": 16.2367
        },
        {
          "index": 16,
          "latitude": 50.6681,
          "longitude": 16.2686
        },
        {
          "index": 17,
          "latitude": 50.6614,
          "longitude": 16.285
        },
        {
          "index": 18,
          "latitude": 50.6614,
          "longitude": 16.3022
        },
        {
          "index": 19,
          "latitude": 50.665,
          "longitude": 16.3186
        },
        {
          "index": 20,
          "latitude": 50.6633,
          "longitude": 16.3339
        },
        {
          "index": 21,
          "latitude": 50.6583,
          "longitude": 16.35
        },
        {
          "index": 22,
          "latitude": 50.6456,
          "longitude": 16.3572
        },
        {
          "index": 23,
          "latitude": 50.6369,
          "longitude": 16.3761
        },
        {
          "index": 24,
          "latitude": 50.6189,
          "longitude": 16.3958
        },
        {
          "index": 25,
          "latitude": 50.6064,
          "longitude": 16.4192
        },
        {
          "index": 26,
          "latitude": 50.5939,
          "longitude": 16.4364
        },
        {
          "index": 27,
          "latitude": 50.5939,
          "longitude": 16.4364
        },
        {
          "index": 28,
          "latitude": 50.5803,
          "longitude": 16.4461
        },
        {
          "index": 29,
          "latitude": 50.5728,
          "longitude": 16.4456
        },
        {
          "index": 30,
          "latitude": 50.5697,
          "longitude": 16.4164
        },
        {
          "index": 31,
          "latitude": 50.5711,
          "longitude": 16.4069
        },
        {
          "index": 32,
          "latitude": 50.5592,
          "longitude": 16.4047
        },
        {
          "index": 33,
          "latitude": 50.5517,
          "longitude": 16.4086
        },
        {
          "index": 34,
          "latitude": 50.54,
          "longitude": 16.3928
        },
        {
          "index": 35,
          "latitude": 50.535,
          "longitude": 16.3947
        },
        {
          "index": 36,
          "latitude": 50.5247,
          "longitude": 16.3925
        },
        {
          "index": 37,
          "latitude": 50.5158,
          "longitude": 16.3747
        },
        {
          "index": 38,
          "latitude": 50.5033,
          "longitude": 16.3636
        },
        {
          "index": 39,
          "latitude": 50.4978,
          "longitude": 16.35
        },
        {
          "index": 40,
          "latitude": 50.4997,
          "longitude": 16.3311
        },
        {
          "index": 41,
          "latitude": 50.5078,
          "longitude": 16.3136
        },
        {
          "index": 42,
          "latitude": 50.4994,
          "longitude": 16.3025
        },
        {
          "index": 43,
          "latitude": 50.4967,
          "longitude": 16.31
        },
        {
          "index": 44,
          "latitude": 50.4931,
          "longitude": 16.3119
        },
        {
          "index": 45,
          "latitude": 50.4817,
          "longitude": 16.2811
        },
        {
          "index": 46,
          "latitude": 50.4753,
          "longitude": 16.2653
        },
        {
          "index": 47,
          "latitude": 50.4753,
          "longitude": 16.2561
        },
        {
          "index": 48,
          "latitude": 50.4675,
          "longitude": 16.2519
        },
        {
          "index": 49,
          "latitude": 50.4692,
          "longitude": 16.245
        },
        {
          "index": 50,
          "latitude": 50.4639,
          "longitude": 16.2425
        },
        {
          "index": 51,
          "latitude": 50.4586,
          "longitude": 16.2242
        },
        {
          "index": 52,
          "latitude": 50.4508,
          "longitude": 16.2281
        },
        {
          "index": 53,
          "latitude": 50.4439,
          "longitude": 16.2319
        },
        {
          "index": 54,
          "latitude": 50.4439,
          "longitude": 16.2217
        },
        {
          "index": 55,
          "latitude": 50.4489,
          "longitude": 16.2125
        },
        {
          "index": 56,
          "latitude": 50.4422,
          "longitude": 16.1956
        },
        {
          "index": 57,
          "latitude": 50.435,
          "longitude": 16.1972
        },
        {
          "index": 58,
          "latitude": 50.4236,
          "longitude": 16.2086
        },
        {
          "index": 59,
          "latitude": 50.4097,
          "longitude": 16.2139
        },
        {
          "index": 60,
          "latitude": 50.4117,
          "longitude": 16.2306
        },
        {
          "index": 61,
          "latitude": 50.4111,
          "longitude": 16.2411
        },
        {
          "index": 62,
          "latitude": 50.4039,
          "longitude": 16.2483
        },
        {
          "index": 63,
          "latitude": 50.3947,
          "longitude": 16.2456
        },
        {
          "index": 64,
          "latitude": 50.3942,
          "longitude": 16.2558
        },
        {
          "index": 65,
          "latitude": 50.3869,
          "longitude": 16.2644
        },
        {
          "index": 66,
          "latitude": 50.3789,
          "longitude": 16.2647
        },
        {
          "index": 67,
          "latitude": 50.3758,
          "longitude": 16.2722
        },
        {
          "index": 68,
          "latitude": 50.3692,
          "longitude": 16.2794
        },
        {
          "index": 69,
          "latitude": 50.3825,
          "longitude": 16.3064
        },
        {
          "index": 70,
          "latitude": 50.3822,
          "longitude": 16.3383
        },
        {
          "index": 71,
          "latitude": 50.3772,
          "longitude": 16.3564
        },
        {
          "index": 72,
          "latitude": 50.3658,
          "longitude": 16.3622
        },
        {
          "index": 73,
          "latitude": 50.3469,
          "longitude": 16.3628
        },
        {
          "index": 74,
          "latitude": 50.3344,
          "longitude": 16.3767
        },
        {
          "index": 75,
          "latitude": 50.3236,
          "longitude": 16.3881
        },
        {
          "index": 76,
          "latitude": 50.3228,
          "longitude": 16.4042
        },
        {
          "index": 77,
          "latitude": 50.3225,
          "longitude": 16.4325
        },
        {
          "index": 78,
          "latitude": 50.3194,
          "longitude": 16.4381
        },
        {
          "index": 79,
          "latitude": 50.3022,
          "longitude": 16.4533
        },
        {
          "index": 80,
          "latitude": 50.2944,
          "longitude": 16.4644
        },
        {
          "index": 81,
          "latitude": 50.2864,
          "longitude": 16.4681
        },
        {
          "index": 82,
          "latitude": 50.2828,
          "longitude": 16.4722
        },
        {
          "index": 83,
          "latitude": 50.2656,
          "longitude": 16.4928
        },
        {
          "index": 84,
          "latitude": 50.2586,
          "longitude": 16.5108
        },
        {
          "index": 85,
          "latitude": 50.2414,
          "longitude": 16.5208
        },
        {
          "index": 86,
          "latitude": 50.2381,
          "longitude": 16.5353
        },
        {
          "index": 87,
          "latitude": 50.2361,
          "longitude": 16.5383
        },
        {
          "index": 88,
          "latitude": 50.2247,
          "longitude": 16.5553
        },
        {
          "index": 89,
          "latitude": 50.2156,
          "longitude": 16.5558
        },
        {
          "index": 90,
          "latitude": 50.215,
          "longitude": 16.5534
        },
        {
          "index": 91,
          "latitude": 50.1919,
          "longitude": 16.4907
        },
        {
          "index": 92,
          "latitude": 50.443,
          "longitude": 16.166
        },
        {
          "index": 93,
          "latitude": 50.5671,
          "longitude": 16.2396
        },
        {
          "index": 94,
          "latitude": 50.5796,
          "longitude": 16.0613
        }
      ],
      "radius": 0.0,
      "shape": "POLYGON"
    },
    "handle": 3226802892,
    "identification": "LKTSA43",
    "metar": {},
    "name": "ORLICKÉ HORY",
    "sun": {
      "astronomicalDawn": "2020-12-06T05:02:00Z",
      "astronomicalDusk": "2020-12-06T14:29:00Z",
      "civilDawn": "2020-12-06T05:41:00Z",
      "civilDusk": "2020-12-06T13:51:00Z",
      "date": "2020-12-05T23:00:00Z"
    },
    "thumbprint": "11622d7aad0569e43f97e6764324b9bb1132715baf346ac43040ad461b230a1f"
  }
]