[
  {
    "elevationRange": {
      "ceiling": {
        "origin": "AGL",
        "units": "FEETS",
        "value": 1000.0
      },
      "floor": {
        "origin": "GND",
        "units": "NONE",
        "value": 0.0
      }
    },
    "geometry": {
      "coordinates": [
        {
          "index": 0,
          "latitude": 50.1194,
          "longitude": 16.0681
        },
        {
          "index": 1,
          "latitude": 50.0975,
          "longitude": 16.2964
        },
        {
          "index": 2,
          "latitude": 50.0033,
          "longitude": 16.2817
        },
        {
          "index": 3,
          "latitude": 50.0194,
          "longitude": 16.0808
        },
        {
          "index": 4,
          "latitude": 50.1194,
          "longitude": 16.0681
        }
      ],
      "radius": 0.0,
      "shape": "POLYGON"
    },
    "handle": 1236308896,
    "identification": "LKTRA73",
    "name": "BOROHRADEK",
    "sun": {
      "astronomicalDawn": "2021-01-09T05:16:00Z",
      "astronomicalDusk": "2021-01-09T14:49:00Z",
      "civilDawn": "2021-01-09T05:53:00Z",
      "civilDusk": "2021-01-09T14:11:00Z",
      "date": "2021-01-08T23:00:00Z"
    },
    "thumbprint": "93196f820da0ddc0b38c6b936eb6e520d030224fe6ed02f47165ea8afb71b2c5"
  },
  {
    "elevationRange": {
      "ceiling": {
        "origin": "FL",
        "units": "FEETS",
        "value": 12500.0
      },
      "floor": {
        "origin": "AGL",
        "units": "FEETS",
        "value": 1000.0
      }
    },
    "geometry": {
      "coordinates": [
        {
          "index": 0,
          "latitude": 50.3069,
          "longitude": 15.7423
        },
        {
          "index": 1,
          "latitude": 50.1468,
          "longitude": 15.7402
        },
        {
          "index": 2,
          "latitude": 50.1519,
          "longitude": 15.3811
        },
        {
          "index": 3,
          "latitude": 50.1858,
          "longitude": 15.3821
        },
        {
          "index": 4,
          "latitude": 50.3111,
          "longitude": 15.3857
        },
        {
          "index": 5,
          "latitude": 50.3069,
          "longitude": 15.7423
        }
      ],
      "radius": 0.0,
      "shape": "POLYGON"
    },
    "handle": 198305536,
    "identification": "LKTRA56",
    "name": "NOVÝ BYDZOV",
    "sun": {
      "astronomicalDawn": "2021-01-09T05:19:00Z",
      "astronomicalDusk": "2021-01-09T14:50:00Z",
      "civilDawn": "2021-01-09T05:57:00Z",
      "civilDusk": "2021-01-09T14:12:00Z",
      "date": "2021-01-08T23:00:00Z"
    },
    "thumbprint": "615a3dea1a281361d8d8e3fef7e9598e9884804cbe890c09f03df336e6243050"
  },
  {
    "elevationRange": {
      "ceiling": {
        "origin": "FL",
        "units": "FEETS",
        "value": 12500.0
      },
      "floor": {
        "origin": "AMSL",
        "units": "FEETS",
        "value": 3000.0
      }
    },
    "geometry": {
      "coordinates": [
        {
          "index": 0,
          "latitude": 48.9649,
          "longitude": 16.2367
        },
        {
          "index": 1,
          "latitude": 48.8854,
          "longitude": 16.4
        },
        {
          "index": 2,
          "latitude": 48.863,
          "longitude": 16.3638
        },
        {
          "index": 3,
          "latitude": 48.9121,
          "longitude": 16.2564
        },
        {
          "index": 4,
          "latitude": 48.9649,
          "longitude": 16.2367
        }
      ],
      "radius": 0.0,
      "shape": "POLYGON"
    },
    "handle": 620793936,
    "identification": "LKTRA11",
    "name": "MIROSLAV",
    "sun": {
      "astronomicalDawn": "2021-01-09T05:11:00Z",
      "astronomicalDusk": "2021-01-09T14:52:00Z",
      "civilDawn": "2021-01-09T05:48:00Z",
      "civilDusk": "2021-01-09T14:16:00Z",
      "date": "2021-01-08T23:00:00Z"
    },
    "thumbprint": "01c0f2ef254dc40036dba98e19807539eeab75b86ce5d5c1f9ca880754242a43"
  },
  {
    "elevationRange": {
      "ceiling": {
        "origin": "AGL",
        "units": "FEETS",
        "value": 1000.0
      },
      "floor": {
        "origin": "GND",
        "units": "NONE",
        "value": 0.0
      }
    },
    "geometry": {
      "coordinates": [
        {
          "index": 0,
          "latitude": 49.0972,
          "longitude": 16.3797
        },
        {
          "index": 1,
          "latitude": 49.0045,
          "longitude": 16.5753
        },
        {
          "index": 2,
          "latitude": 48.8854,
          "longitude": 16.4
        },
        {
          "index": 3,
          "latitude": 49.0177,
          "longitude": 16.2936
        },
        {
          "index": 4,
          "latitude": 49.0972,
          "longitude": 16.3797
        }
      ],
      "radius": 0.0,
      "shape": "POLYGON"
    },
    "handle": 3465546753,
    "identification": "LKTRA10",
    "name": "POHORELICE",
    "sun": {
      "astronomicalDawn": "2021-01-09T05:11:00Z",
      "astronomicalDusk": "2021-01-09T14:51:00Z",
      "civilDawn": "2021-01-09T05:48:00Z",
      "civilDusk": "2021-01-09T14:15:00Z",
      "date": "2021-01-08T23:00:00Z"
    },
    "thumbprint": "c67c3629f3c2a7af6fd29f55a08bf7ae2a4b825511ac95f9b4d07d7ca2c198be"
  },
  {
    "elevationRange": {
      "ceiling": {
        "origin": "AGL",
        "units": "FEETS",
        "value": 1000.0
      },
      "floor": {
        "origin": "GND",
        "units": "NONE",
        "value": 0.0
      }
    },
    "geometry": {
      "coordinates": [
        {
          "index": 0,
          "latitude": 49.3229,
          "longitude": 15.7776
        },
        {
          "index": 1,
          "latitude": 49.2841,
          "longitude": 15.9165
        },
        {
          "index": 2,
          "latitude": 49.2469,
          "longitude": 15.8683
        },
        {
          "index": 3,
          "latitude": 49.1858,
          "longitude": 15.7816
        },
        {
          "index": 4,
          "latitude": 49.273,
          "longitude": 15.7071
        },
        {
          "index": 5,
          "latitude": 49.3229,
          "longitude": 15.7776
        }
      ],
      "radius": 0.0,
      "shape": "POLYGON"
    },
    "handle": 4225248314,
    "identification": "LKTRA17",
    "name": "OKRISKY",
    "sun": {
      "astronomicalDawn": "2021-01-09T05:14:00Z",
      "astronomicalDusk": "2021-01-09T14:53:00Z",
      "civilDawn": "2021-01-09T05:51:00Z",
      "civilDusk": "2021-01-09T14:16:00Z",
      "date": "2021-01-08T23:00:00Z"
    },
    "thumbprint": "56a83d043adbb762816c6215ff9600d20d9e9d2924f1efbd27f30a3fb3f5f26c"
  },
  {
    "elevationRange": {
      "ceiling": {
        "origin": "AMSL",
        "units": "FEETS",
        "value": 3000.0
      },
      "floor": {
        "origin": "GND",
        "units": "NONE",
        "value": 0.0
      }
    },
    "geometry": {
      "coordinates": [
        {
          "index": 0,
          "latitude": 50.3142,
          "longitude": 15.1594
        }
      ],
      "radius": 10186.0,
      "shape": "POINT"
    },
    "handle": 1996646237,
    "identification": "LKTRA61",
    "name": "KOPIDLNO",
    "sun": {
      "astronomicalDawn": "2021-01-09T05:21:00Z",
      "astronomicalDusk": "2021-01-09T14:52:00Z",
      "civilDawn": "2021-01-09T05:59:00Z",
      "civilDusk": "2021-01-09T14:14:00Z",
      "date": "2021-01-08T23:00:00Z"
    },
    "thumbprint": "aed94a93e41feeebed5f780d713351a668768f08e85e803f0e4dbf2bc73f6712"
  },
  {
    "elevationRange": {
      "ceiling": {
        "origin": "FL",
        "units": "FEETS",
        "value": 12500.0
      },
      "floor": {
        "origin": "AMSL",
        "units": "FEETS",
        "value": 3000.0
      }
    },
    "geometry": {
      "coordinates": [
        {
          "index": 0,
          "latitude": 50.277,
          "longitude": 15.929
        },
        {
          "index": 1,
          "latitude": 50.274,
          "longitude": 16.2078
        },
        {
          "index": 2,
          "latitude": 50.1088,
          "longitude": 16.3664
        },
        {
          "index": 3,
          "latitude": 50.1375,
          "longitude": 15.9682
        },
        {
          "index": 4,
          "latitude": 50.277,
          "longitude": 15.929
        }
      ],
      "radius": 0.0,
      "shape": "POLYGON"
    },
    "handle": 3245126537,
    "identification": "LKTRA57",
    "name": "VAMBERK",
    "sun": {
      "astronomicalDawn": "2021-01-09T05:17:00Z",
      "astronomicalDusk": "2021-01-09T14:48:00Z",
      "civilDawn": "2021-01-09T05:55:00Z",
      "civilDusk": "2021-01-09T14:11:00Z",
      "date": "2021-01-08T23:00:00Z"
    },
    "thumbprint": "ccc43564ea2a575b213c0de0160b818a7023a3b5255245969506c50667318f42"
  },
  {
    "elevationRange": {
      "ceiling": {
        "origin": "FL",
        "units": "FEETS",
        "value": 12500.0
      },
      "floor": {
        "origin": "GND",
        "units": "NONE",
        "value": 0.0
      }
    },
    "geometry": {
      "coordinates": [
        {
          "index": 0,
          "latitude": 49.1186,
          "longitude": 15.9202
        },
        {
          "index": 1,
          "latitude": 49.0287,
          "longitude": 16.1055
        },
        {
          "index": 2,
          "latitude": 48.9114,
          "longitude": 15.9746
        },
        {
          "index": 3,
          "latitude": 49.0124,
          "longitude": 15.7563
        },
        {
          "index": 4,
          "latitude": 49.1186,
          "longitude": 15.9202
        }
      ],
      "radius": 0.0,
      "shape": "POLYGON"
    },
    "handle": 2133420645,
    "identification": "LKTRA13",
    "name": "JEVISOVICE",
    "sun": {
      "astronomicalDawn": "2021-01-09T05:13:00Z",
      "astronomicalDusk": "2021-01-09T14:53:00Z",
      "civilDawn": "2021-01-09T05:50:00Z",
      "civilDusk": "2021-01-09T14:16:00Z",
      "date": "2021-01-08T23:00:00Z"
    },
    "thumbprint": "35238c8e1b6dcafdb44b26acedcbea4723b59a259f8bd35ddb5ac75ed54d47cc"
  },
  {
    "elevationRange": {
      "ceiling": {
        "origin": "FL",
        "units": "FEETS",
        "value": 24500.0
      },
      "floor": {
        "origin": "AMSL",
        "units": "FEETS",
        "value": 3000.0
      }
    },
    "geometry": {
      "coordinates": [
        {
          "index": 0,
          "latitude": 50.4765,
          "longitude": 15.1698
        },
        {
          "index": 1,
          "latitude": 50.385,
          "longitude": 15.3878
        },
        {
          "index": 2,
          "latitude": 50.1858,
          "longitude": 15.3821
        },
        {
          "index": 3,
          "latitude": 50.1857,
          "longitude": 15.0567
        },
        {
          "index": 4,
          "latitude": 50.1856,
          "longitude": 14.9776
        },
        {
          "index": 5,
          "latitude": 50.1989,
          "longitude": 14.9733
        },
        {
          "index": 6,
          "latitude": 50.2076,
          "longitude": 14.9702
        },
        {
          "index": 7,
          "latitude": 50.2163,
          "longitude": 14.9667
        },
        {
          "index": 8,
          "latitude": 50.225,
          "longitude": 14.9631
        },
        {
          "index": 9,
          "latitude": 50.2359,
          "longitude": 14.958
        },
        {
          "index": 10,
          "latitude": 50.476,
          "longitude": 15.0011
        },
        {
          "index": 11,
          "latitude": 50.4765,
          "longitude": 15.1698
        }
      ],
      "radius": 0.0,
      "shape": "POLYGON"
    },
    "handle": 4086012068,
    "identification": "LKTRA62",
    "name": "NYMBURK",
    "sun": {
      "astronomicalDawn": "2021-01-09T05:21:00Z",
      "astronomicalDusk": "2021-01-09T14:51:00Z",
      "civilDawn": "2021-01-09T05:59:00Z",
      "civilDusk": "2021-01-09T14:13:00Z",
      "date": "2021-01-08T23:00:00Z"
    },
    "thumbprint": "acdf49ec1d348478ab0ca8f021811a11a5b4c8e469ab066b640139e4aded3dbe"
  },
  {
    "elevationRange": {
      "ceiling": {
        "origin": "FL",
        "units": "FEETS",
        "value": 24500.0
      },
      "floor": {
        "origin": "AGL",
        "units": "FEETS",
        "value": 1000.0
      }
    },
    "geometry": {
      "coordinates": [
        {
          "index": 0,
          "latitude": 49.7693,
          "longitude": 15.8496
        },
        {
          "index": 1,
          "latitude": 49.6271,
          "longitude": 16.3789
        },
        {
          "index": 2,
          "latitude": 49.5599,
          "longitude": 16.2219
        },
        {
          "index": 3,
          "latitude": 49.5124,
          "longitude": 16.1112
        },
        {
          "index": 4,
          "latitude": 49.6091,
          "longitude": 15.6571
        },
        {
          "index": 5,
          "latitude": 49.6808,
          "longitude": 15.7431
        },
        {
          "index": 6,
          "latitude": 49.7693,
          "longitude": 15.8496
        }
      ],
      "radius": 0.0,
      "shape": "POLYGON"
    },
    "handle": 1491009063,
    "identification": "LKTRA31",
    "name": "ŽĎÁR NAD SÁZAVOU",
    "sun": {
      "astronomicalDawn": "2021-01-09T05:16:00Z",
      "astronomicalDusk": "2021-01-09T14:50:00Z",
      "civilDawn": "2021-01-09T05:53:00Z",
      "civilDusk": "2021-01-09T14:13:00Z",
      "date": "2021-01-08T23:00:00Z"
    },
    "thumbprint": "dc91a593a598c97813eb24ce5bf5582345810e01b50316f63f8149218b93f444"
  },
  {
    "elevationRange": {
      "ceiling": {
        "origin": "FL",
        "units": "FEETS",
        "value": 24500.0
      },
      "floor": {
        "origin": "AMSL",
        "units": "FEETS",
        "value": 5000.0
      }
    },
    "geometry": {
      "coordinates": [
        {
          "index": 0,
          "latitude": 49.7153,
          "longitude": 16.5868
        },
        {
          "index": 1,
          "latitude": 49.4592,
          "longitude": 16.7136
        },
        {
          "index": 2,
          "latitude": 49.425,
          "longitude": 16.551
        },
        {
          "index": 3,
          "latitude": 49.5124,
          "longitude": 16.1112
        },
        {
          "index": 4,
          "latitude": 49.5599,
          "longitude": 16.2219
        },
        {
          "index": 5,
          "latitude": 49.6271,
          "longitude": 16.3789
        },
        {
          "index": 6,
          "latitude": 49.7153,
          "longitude": 16.5868
        }
      ],
      "radius": 0.0,
      "shape": "POLYGON"
    },
    "handle": 3116975408,
    "identification": "LKTRA33",
    "name": "LETOVICE",
    "sun": {
      "astronomicalDawn": "2021-01-09T05:13:00Z",
      "astronomicalDusk": "2021-01-09T14:49:00Z",
      "civilDawn": "2021-01-09T05:51:00Z",
      "civilDusk": "2021-01-09T14:12:00Z",
      "date": "2021-01-08T23:00:00Z"
    },
    "thumbprint": "5694457bd136c0a74779fdf2a4ede578f032e97fb06b8e5c0f4d281759befac1"
  },
  {
    "elevationRange": {
      "ceiling": {
        "origin": "FL",
        "units": "FEETS",
        "value": 24500.0
      },
      "floor": {
        "origin": "AGL",
        "units": "FEETS",
        "value": 1000.0
      }
    },
    "geometry": {
      "coordinates": [
        {
          "index": 0,
          "latitude": 49.3947,
          "longitude": 14.6118
        },
        {
          "index": 1,
          "latitude": 49.166,
          "longitude": 14.8963
        },
        {
          "index": 2,
          "latitude": 49.0519,
          "longitude": 14.8402
        },
        {
          "index": 3,
          "latitude": 48.985,
          "longitude": 14.6825
        },
        {
          "index": 4,
          "latitude": 49.2276,
          "longitude": 14.358
        },
        {
          "index": 5,
          "latitude": 49.3947,
          "longitude": 14.6118
        }
      ],
      "radius": 0.0,
      "shape": "POLYGON"
    },
    "handle": 755590887,
    "identification": "LKTRA78",
    "name": "SOBĚSLAV",
    "sun": {
      "astronomicalDawn": "2021-01-09T05:20:00Z",
      "astronomicalDusk": "2021-01-09T14:57:00Z",
      "civilDawn": "2021-01-09T05:56:00Z",
      "civilDusk": "2021-01-09T14:21:00Z",
      "date": "2021-01-08T23:00:00Z"
    },
    "thumbprint": "60dbf5c7925fc5639aac48b258bb925f81360eafef4d2680c66d501455fd8f48"
  },
  {
    "elevationRange": {
      "ceiling": {
        "origin": "FL",
        "units": "FEETS",
        "value": 7500.0
      },
      "floor": {
        "origin": "AGL",
        "units": "FEETS",
        "value": 1000.0
      }
    },
    "geometry": {
      "coordinates": [
        {
          "index": 0,
          "latitude": 49.6991,
          "longitude": 14.2277
        },
        {
          "index": 1,
          "latitude": 49.6411,
          "longitude": 14.301
        },
        {
          "index": 2,
          "latitude": 49.3325,
          "longitude": 13.8991
        },
        {
          "index": 3,
          "latitude": 49.4646,
          "longitude": 13.6831
        },
        {
          "index": 4,
          "latitude": 49.6991,
          "longitude": 14.2277
        }
      ],
      "radius": 0.0,
      "shape": "POLYGON"
    },
    "handle": 1915282278,
    "identification": "LKTRA76",
    "name": "BLATNA",
    "sun": {
      "astronomicalDawn": "2021-01-09T05:23:00Z",
      "astronomicalDusk": "2021-01-09T14:58:00Z",
      "civilDawn": "2021-01-09T06:00:00Z",
      "civilDusk": "2021-01-09T14:21:00Z",
      "date": "2021-01-08T23:00:00Z"
    },
    "thumbprint": "7e0d1f7c42bbebaa910d51353a87527c3f45c4993d21f152b0a76da0c2c0869a"
  },
  {
    "elevationRange": {
      "ceiling": {
        "origin": "FL",
        "units": "FEETS",
        "value": 24500.0
      },
      "floor": {
        "origin": "AMSL",
        "units": "FEETS",
        "value": 5000.0
      }
    },
    "geometry": {
      "coordinates": [
        {
          "index": 0,
          "latitude": 49.8708,
          "longitude": 16.3133
        },
        {
          "index": 1,
          "latitude": 49.8932,
          "longitude": 16.498
        },
        {
          "index": 2,
          "latitude": 49.7153,
          "longitude": 16.5868
        },
        {
          "index": 3,
          "latitude": 49.6271,
          "longitude": 16.3789
        },
        {
          "index": 4,
          "latitude": 49.7693,
          "longitude": 15.8496
        },
        {
          "index": 5,
          "latitude": 49.8441,
          "longitude": 15.7083
        },
        {
          "index": 6,
          "latitude": 49.8708,
          "longitude": 16.3133
        }
      ],
      "radius": 0.0,
      "shape": "POLYGON"
    },
    "handle": 2788361859,
    "identification": "LKTRA32",
    "name": "PROSEČ",
    "sun": {
      "astronomicalDawn": "2021-01-09T05:16:00Z",
      "astronomicalDusk": "2021-01-09T14:49:00Z",
      "civilDawn": "2021-01-09T05:54:00Z",
      "civilDusk": "2021-01-09T14:11:00Z",
      "date": "2021-01-08T23:00:00Z"
    },
    "thumbprint": "0f71c5c253684471c6423fff7fc0643cc4b1ced05053dd52dabb5f4648c3bd83"
  },
  {
    "elevationRange": {
      "ceiling": {
        "origin": "FL",
        "units": "FEETS",
        "value": 12500.0
      },
      "floor": {
        "origin": "FL",
        "units": "FEETS",
        "value": 9500.0
      }
    },
    "geometry": {
      "coordinates": [
        {
          "index": 0,
          "latitude": 50.1519,
          "longitude": 15.3811
        },
        {
          "index": 1,
          "latitude": 50.1468,
          "longitude": 15.7402
        },
        {
          "index": 2,
          "latitude": 50.1375,
          "longitude": 15.9682
        },
        {
          "index": 3,
          "latitude": 50.1088,
          "longitude": 16.3664
        },
        {
          "index": 4,
          "latitude": 49.8708,
          "longitude": 16.3133
        },
        {
          "index": 5,
          "latitude": 49.8441,
          "longitude": 15.7083
        },
        {
          "index": 6,
          "latitude": 49.9299,
          "longitude": 15.5866
        },
        {
          "index": 7,
          "latitude": 50.0563,
          "longitude": 15.4071
        },
        {
          "index": 8,
          "latitude": 50.1519,
          "longitude": 15.3811
        }
      ],
      "radius": 0.0,
      "shape": "POLYGON"
    },
    "handle": 4211676627,
    "identification": "LKTRA63",
    "name": "PARDUBICE",
    "sun": {
      "astronomicalDawn": "2021-01-09T05:18:00Z",
      "astronomicalDusk": "2021-01-09T14:48:00Z",
      "civilDawn": "2021-01-09T05:56:00Z",
      "civilDusk": "2021-01-09T14:11:00Z",
      "date": "2021-01-08T23:00:00Z"
    },
    "thumbprint": "f2e75bf2d131102da3439d293734d3fa89f42c6e8ff71ff4ab19c13f9252ae65"
  },
  {
    "elevationRange": {
      "ceiling": {
        "origin": "FL",
        "units": "FEETS",
        "value": 12500.0
      },
      "floor": {
        "origin": "AGL",
        "units": "FEETS",
        "value": 300.0
      }
    },
    "geometry": {
      "coordinates": [
        {
          "index": 0,
          "latitude": 49.3451,
          "longitude": 15.6975
        },
        {
          "index": 1,
          "latitude": 49.3229,
          "longitude": 15.7776
        },
        {
          "index": 2,
          "latitude": 49.273,
          "longitude": 15.7071
        },
        {
          "index": 3,
          "latitude": 49.1858,
          "longitude": 15.7816
        },
        {
          "index": 4,
          "latitude": 49.14,
          "longitude": 15.696
        },
        {
          "index": 5,
          "latitude": 49.1149,
          "longitude": 15.5344
        },
        {
          "index": 6,
          "latitude": 49.185,
          "longitude": 15.4514
        },
        {
          "index": 7,
          "latitude": 49.2742,
          "longitude": 15.4456
        },
        {
          "index": 8,
          "latitude": 49.3451,
          "longitude": 15.6975
        }
      ],
      "radius": 0.0,
      "shape": "POLYGON"
    },
    "handle": 37940600,
    "identification": "LKTRA15",
    "name": "BRTNICE",
    "sun": {
      "astronomicalDawn": "2021-01-09T05:15:00Z",
      "astronomicalDusk": "2021-01-09T14:53:00Z",
      "civilDawn": "2021-01-09T05:52:00Z",
      "civilDusk": "2021-01-09T14:16:00Z",
      "date": "2021-01-08T23:00:00Z"
    },
    "thumbprint": "0db15c105dcfbd555b2b452b7ba211b5258774d62d8669f42a2a49aafd2b839c"
  },
  {
    "elevationRange": {
      "ceiling": {
        "origin": "FL",
        "units": "FEETS",
        "value": 24500.0
      },
      "floor": {
        "origin": "FL",
        "units": "FEETS",
        "value": 9500.0
      }
    },
    "geometry": {
      "coordinates": [
        {
          "index": 0,
          "latitude": 50.1649,
          "longitude": 16.4533
        },
        {
          "index": 1,
          "latitude": 50.0382,
          "longitude": 16.6975
        },
        {
          "index": 2,
          "latitude": 50.183,
          "longitude": 17.0482
        },
        {
          "index": 3,
          "latitude": 49.9833,
          "longitude": 17.2667
        },
        {
          "index": 4,
          "latitude": 49.8932,
          "longitude": 16.498
        },
        {
          "index": 5,
          "latitude": 49.8708,
          "longitude": 16.3133
        },
        {
          "index": 6,
          "latitude": 50.1088,
          "longitude": 16.3664
        },
        {
          "index": 7,
          "latitude": 50.1649,
          "longitude": 16.4533
        }
      ],
      "radius": 0.0,
      "shape": "POLYGON"
    },
    "handle": 3708839878,
    "identification": "LKTRA35",
    "name": "ŠUMPERK",
    "sun": {
      "astronomicalDawn": "2021-01-09T05:14:00Z",
      "astronomicalDusk": "2021-01-09T14:45:00Z",
      "civilDawn": "2021-01-09T05:52:00Z",
      "civilDusk": "2021-01-09T14:08:00Z",
      "date": "2021-01-08T23:00:00Z"
    },
    "thumbprint": "43111b0820bd81426b9b3897e7ca36b3e9a207c3cce109d7a18f82683a7b09e7"
  },
  {
    "elevationRange": {
      "ceiling": {
        "origin": "FL",
        "units": "FEETS",
        "value": 24500.0
      },
      "floor": {
        "origin": "AGL",
        "units": "FEETS",
        "value": 1000.0
      }
    },
    "geometry": {
      "coordinates": [
        {
          "index": 0,
          "latitude": 49.6411,
          "longitude": 14.301
        },
        {
          "index": 1,
          "latitude": 49.3947,
          "longitude": 14.6118
        },
        {
          "index": 2,
          "latitude": 49.2276,
          "longitude": 14.358
        },
        {
          "index": 3,
          "latitude": 49.1255,
          "longitude": 14.2025
        },
        {
          "index": 4,
          "latitude": 49.3325,
          "longitude": 13.8991
        },
        {
          "index": 5,
          "latitude": 49.6411,
          "longitude": 14.301
        }
      ],
      "radius": 0.0,
      "shape": "POLYGON"
    },
    "handle": 1147883996,
    "identification": "LKTRA77",
    "name": "MILEVSKO",
    "sun": {
      "astronomicalDawn": "2021-01-09T05:22:00Z",
      "astronomicalDusk": "2021-01-09T14:58:00Z",
      "civilDawn": "2021-01-09T05:59:00Z",
      "civilDusk": "2021-01-09T14:21:00Z",
      "date": "2021-01-08T23:00:00Z"
    },
    "thumbprint": "bc4d1a3f6c2ca493583213bb154b493ebf80acfa073d56d9291d01cf187c3053"
  },
  {
    "elevationRange": {
      "ceiling": {
        "origin": "FL",
        "units": "FEETS",
        "value": 24500.0
      },
      "floor": {
        "origin": "FL",
        "units": "FEETS",
        "value": 9500.0
      }
    },
    "geometry": {
      "coordinates": [
        {
          "index": 0,
          "latitude": 50.1858,
          "longitude": 15.3821
        },
        {
          "index": 1,
          "latitude": 50.1519,
          "longitude": 15.3811
        },
        {
          "index": 2,
          "latitude": 50.0563,
          "longitude": 15.4071
        },
        {
          "index": 3,
          "latitude": 49.9299,
          "longitude": 15.5866
        },
        {
          "index": 4,
          "latitude": 49.8441,
          "longitude": 15.7083
        },
        {
          "index": 5,
          "latitude": 49.7693,
          "longitude": 15.8496
        },
        {
          "index": 6,
          "latitude": 49.6808,
          "longitude": 15.7431
        },
        {
          "index": 7,
          "latitude": 49.6091,
          "longitude": 15.6571
        },
        {
          "index": 8,
          "latitude": 49.8349,
          "longitude": 15.1319
        },
        {
          "index": 9,
          "latitude": 49.9663,
          "longitude": 15.0481
        },
        {
          "index": 10,
          "latitude": 50.1857,
          "longitude": 15.0567
        },
        {
          "index": 11,
          "latitude": 50.1858,
          "longitude": 15.3821
        }
      ],
      "radius": 0.0,
      "shape": "POLYGON"
    },
    "handle": 1523539313,
    "identification": "LKTRA30",
    "name": "ČÁSLAV",
    "sun": {
      "astronomicalDawn": "2021-01-09T05:20:00Z",
      "astronomicalDusk": "2021-01-09T14:52:00Z",
      "civilDawn": "2021-01-09T05:58:00Z",
      "civilDusk": "2021-01-09T14:14:00Z",
      "date": "2021-01-08T23:00:00Z"
    },
    "thumbprint": "9c7dc50defdb0a960b925a5c625df350c7feae5a1e7f79016010fd1e162d726d"
  },
  {
    "elevationRange": {
      "ceiling": {
        "origin": "FL",
        "units": "FEETS",
        "value": 24500.0
      },
      "floor": {
        "origin": "FL",
        "units": "FEETS",
        "value": 12500.0
      }
    },
    "geometry": {
      "coordinates": [
        {
          "index": 0,
          "latitude": 50.385,
          "longitude": 15.3878
        },
        {
          "index": 1,
          "latitude": 50.1375,
          "longitude": 15.9682
        },
        {
          "index": 2,
          "latitude": 50.1088,
          "longitude": 16.3664
        },
        {
          "index": 3,
          "latitude": 49.8708,
          "longitude": 16.3133
        },
        {
          "index": 4,
          "latitude": 49.8441,
          "longitude": 15.7083
        },
        {
          "index": 5,
          "latitude": 49.9299,
          "longitude": 15.5866
        },
        {
          "index": 6,
          "latitude": 50.0563,
          "longitude": 15.4071
        },
        {
          "index": 7,
          "latitude": 50.1519,
          "longitude": 15.3811
        },
        {
          "index": 8,
          "latitude": 50.1858,
          "longitude": 15.3821
        },
        {
          "index": 9,
          "latitude": 50.385,
          "longitude": 15.3878
        }
      ],
      "radius": 0.0,
      "shape": "POLYGON"
    },
    "handle": 3201632665,
    "identification": "LKTRA36",
    "name": "HOLICE",
    "sun": {
      "astronomicalDawn": "2021-01-09T05:19:00Z",
      "astronomicalDusk": "2021-01-09T14:48:00Z",
      "civilDawn": "2021-01-09T05:57:00Z",
      "civilDusk": "2021-01-09T14:11:00Z",
      "date": "2021-01-08T23:00:00Z"
    },
    "thumbprint": "0e8959f8c776562294a6f0a4e6e51a63f7a482d7839436a53ce8dab3985c2f45"
  },
  {
    "elevationRange": {
      "ceiling": {
        "origin": "FL",
        "units": "FEETS",
        "value": 12500.0
      },
      "floor": {
        "origin": "AMSL",
        "units": "FEETS",
        "value": 5000.0
      }
    },
    "geometry": {
      "coordinates": [
        {
          "index": 0,
          "latitude": 49.3888,
          "longitude": 15.5405
        },
        {
          "index": 1,
          "latitude": 49.3451,
          "longitude": 15.6975
        },
        {
          "index": 2,
          "latitude": 49.2742,
          "longitude": 15.4456
        },
        {
          "index": 3,
          "latitude": 49.3035,
          "longitude": 15.4437
        },
        {
          "index": 4,
          "latitude": 49.3888,
          "longitude": 15.5405
        }
      ],
      "radius": 0.0,
      "shape": "POLYGON"
    },
    "handle": 257161495,
    "identification": "LKTRA16",
    "name": "TREST",
    "sun": {
      "astronomicalDawn": "2021-01-09T05:15:00Z",
      "astronomicalDusk": "2021-01-09T14:54:00Z",
      "civilDawn": "2021-01-09T05:52:00Z",
      "civilDusk": "2021-01-09T14:17:00Z",
      "date": "2021-01-08T23:00:00Z"
    },
    "thumbprint": "e6bc668b074ea43572903483ff33c875d14bada3cbaf74a78380b78d50e41367"
  },
  {
    "elevationRange": {
      "ceiling": {
        "origin": "FL",
        "units": "FEETS",
        "value": 12500.0
      },
      "floor": {
        "origin": "GND",
        "units": "NONE",
        "value": 0.0
      }
    },
    "geometry": {
      "coordinates": [
        {
          "index": 0,
          "latitude": 49.0287,
          "longitude": 16.1055
        },
        {
          "index": 1,
          "latitude": 48.9649,
          "longitude": 16.2367
        },
        {
          "index": 2,
          "latitude": 48.9121,
          "longitude": 16.2564
        },
        {
          "index": 3,
          "latitude": 48.863,
          "longitude": 16.3638
        },
        {
          "index": 4,
          "latitude": 48.7934,
          "longitude": 16.2574
        },
        {
          "index": 5,
          "latitude": 48.8157,
          "longitude": 16.1811
        },
        {
          "index": 6,
          "latitude": 48.9114,
          "longitude": 15.9746
        },
        {
          "index": 7,
          "latitude": 49.0287,
          "longitude": 16.1055
        }
      ],
      "radius": 0.0,
      "shape": "POLYGON"
    },
    "handle": 1543472859,
    "identification": "LKTRA12",
    "name": "UNANOV",
    "sun": {
      "astronomicalDawn": "2021-01-09T05:12:00Z",
      "astronomicalDusk": "2021-01-09T14:52:00Z",
      "civilDawn": "2021-01-09T05:49:00Z",
      "civilDusk": "2021-01-09T14:16:00Z",
      "date": "2021-01-08T23:00:00Z"
    },
    "thumbprint": "d99609af558225f9717f83c4eb02e9138680cc2ffeb2be31fd6c50cd11dfbb79"
  },
  {
    "elevationRange": {
      "ceiling": {
        "origin": "FL",
        "units": "FEETS",
        "value": 24500.0
      },
      "floor": {
        "origin": "FL",
        "units": "FEETS",
        "value": 9500.0
      }
    },
    "geometry": {
      "coordinates": [
        {
          "index": 0,
          "latitude": 49.3325,
          "longitude": 13.8991
        },
        {
          "index": 1,
          "latitude": 49.1255,
          "longitude": 14.2025
        },
        {
          "index": 2,
          "latitude": 48.8512,
          "longitude": 14.7426
        },
        {
          "index": 3,
          "latitude": 48.8091,
          "longitude": 14.2714
        },
        {
          "index": 4,
          "latitude": 48.9166,
          "longitude": 14.1324
        },
        {
          "index": 5,
          "latitude": 48.9116,
          "longitude": 13.8927
        },
        {
          "index": 6,
          "latitude": 49.0535,
          "longitude": 13.5612
        },
        {
          "index": 7,
          "latitude": 49.3325,
          "longitude": 13.8991
        }
      ],
      "radius": 0.0,
      "shape": "POLYGON"
    },
    "handle": 2597747228,
    "identification": "LKTRA75",
    "name": "PRACHATICE",
    "sun": {
      "astronomicalDawn": "2021-01-09T05:22:00Z",
      "astronomicalDusk": "2021-01-09T14:59:00Z",
      "civilDawn": "2021-01-09T05:59:00Z",
      "civilDusk": "2021-01-09T14:23:00Z",
      "date": "2021-01-08T23:00:00Z"
    },
    "thumbprint": "f199f171d77a9bdb77814f6f7af62da591cce0d5d953fffa69e8ac42b055771c"
  },
  {
    "elevationRange": {
      "ceiling": {
        "origin": "FL",
        "units": "FEETS",
        "value": 9500.0
      },
      "floor": {
        "origin": "GND",
        "units": "NONE",
        "value": 0.0
      }
    },
    "geometry": {
      "coordinates": [
        {
          "index": 0,
          "latitude": 49.4478,
          "longitude": 17.1339
        }
      ],
      "radius": 5556.0,
      "shape": "POINT"
    },
    "handle": 84331189,
    "identification": "LKTRA6",
    "name": "PROSTEJOV",
    "sun": {
      "astronomicalDawn": "2021-01-09T05:09:00Z",
      "astronomicalDusk": "2021-01-09T14:47:00Z",
      "civilDawn": "2021-01-09T05:47:00Z",
      "civilDusk": "2021-01-09T14:10:00Z",
      "date": "2021-01-08T23:00:00Z"
    },
    "thumbprint": "8ebd71811d8f63949e6185207a9381c69498d7e04703e268fcd0ea84ca6a01b8"
  },
  {
    "elevationRange": {
      "ceiling": {
        "origin": "AMSL",
        "units": "FEETS",
        "value": 3000.0
      },
      "floor": {
        "origin": "GND",
        "units": "NONE",
        "value": 0.0
      }
    },
    "geometry": {
      "coordinates": [
        {
          "index": 0,
          "latitude": 50.2758,
          "longitude": 16.0167
        },
        {
          "index": 1,
          "latitude": 50.2744,
          "longitude": 16.1667
        },
        {
          "index": 2,
          "latitude": 50.1583,
          "longitude": 16.2667
        },
        {
          "index": 3,
          "latitude": 50.1583,
          "longitude": 16.0667
        },
        {
          "index": 4,
          "latitude": 50.2758,
          "longitude": 16.0167
        }
      ],
      "radius": 0.0,
      "shape": "POLYGON"
    },
    "handle": 2407893570,
    "identification": "LKTRA72",
    "name": "OPOCNO",
    "sun": {
      "astronomicalDawn": "2021-01-09T05:16:00Z",
      "astronomicalDusk": "2021-01-09T14:49:00Z",
      "civilDawn": "2021-01-09T05:54:00Z",
      "civilDusk": "2021-01-09T14:11:00Z",
      "date": "2021-01-08T23:00:00Z"
    },
    "thumbprint": "b396703feb6053408dd809d92b20eaf52bd81562cae1929c88b48a056d5aa189"
  },
  {
    "elevationRange": {
      "ceiling": {
        "origin": "AGL",
        "units": "FEETS",
        "value": 1000.0
      },
      "floor": {
        "origin": "GND",
        "units": "NONE",
        "value": 0.0
      }
    },
    "geometry": {
      "coordinates": [
        {
          "index": 0,
          "latitude": 50.2919,
          "longitude": 15.4769
        },
        {
          "index": 1,
          "latitude": 50.26,
          "longitude": 15.7144
        },
        {
          "index": 2,
          "latitude": 50.2236,
          "longitude": 15.7319
        },
        {
          "index": 3,
          "latitude": 50.1483,
          "longitude": 15.6419
        },
        {
          "index": 4,
          "latitude": 50.1509,
          "longitude": 15.4592
        },
        {
          "index": 5,
          "latitude": 50.2919,
          "longitude": 15.4769
        }
      ],
      "radius": 0.0,
      "shape": "POLYGON"
    },
    "handle": 4085032547,
    "identification": "LKTRA71",
    "name": "SMIDARY",
    "sun": {
      "astronomicalDawn": "2021-01-09T05:19:00Z",
      "astronomicalDusk": "2021-01-09T14:51:00Z",
      "civilDawn": "2021-01-09T05:57:00Z",
      "civilDusk": "2021-01-09T14:13:00Z",
      "date": "2021-01-08T23:00:00Z"
    },
    "thumbprint": "089277c84aed8d47abcff336eed0821cb450461b369b1a7db30ef63e1da49b96"
  },
  {
    "elevationRange": {
      "ceiling": {
        "origin": "FL",
        "units": "FEETS",
        "value": 12500.0
      },
      "floor": {
        "origin": "GND",
        "units": "NONE",
        "value": 0.0
      }
    },
    "geometry": {
      "coordinates": [
        {
          "index": 0,
          "latitude": 49.1858,
          "longitude": 15.7816
        },
        {
          "index": 1,
          "latitude": 49.1186,
          "longitude": 15.9202
        },
        {
          "index": 2,
          "latitude": 49.0124,
          "longitude": 15.7563
        },
        {
          "index": 3,
          "latitude": 49.1149,
          "longitude": 15.5344
        },
        {
          "index": 4,
          "latitude": 49.14,
          "longitude": 15.696
        },
        {
          "index": 5,
          "latitude": 49.1858,
          "longitude": 15.7816
        }
      ],
      "radius": 0.0,
      "shape": "POLYGON"
    },
    "handle": 1610358747,
    "identification": "LKTRA14",
    "name": "CASLAVICE",
    "sun": {
      "astronomicalDawn": "2021-01-09T05:14:00Z",
      "astronomicalDusk": "2021-01-09T14:53:00Z",
      "civilDawn": "2021-01-09T05:51:00Z",
      "civilDusk": "2021-01-09T14:17:00Z",
      "date": "2021-01-08T23:00:00Z"
    },
    "thumbprint": "617f28206743ba97c1feafe668df2bd3f9fc218a24758836c183bb571fae23cb"
  },
  {
    "elevationRange": {
      "ceiling": {
        "origin": "FL",
        "units": "FEETS",
        "value": 9500.0
      },
      "floor": {
        "origin": "AGL",
        "units": "FEETS",
        "value": 1000.0
      }
    },
    "geometry": {
      "coordinates": [
        {
          "index": 0,
          "latitude": 49.1779,
          "longitude": 14.4248
        },
        {
          "index": 1,
          "latitude": 49.1225,
          "longitude": 14.4991
        },
        {
          "index": 2,
          "latitude": 49.0498,
          "longitude": 14.3527
        },
        {
          "index": 3,
          "latitude": 48.8091,
          "longitude": 14.2714
        },
        {
          "index": 4,
          "latitude": 48.9166,
          "longitude": 14.1324
        },
        {
          "index": 5,
          "latitude": 48.9116,
          "longitude": 13.8927
        },
        {
          "index": 6,
          "latitude": 49.0963,
          "longitude": 14.2605
        },
        {
          "index": 7,
          "latitude": 49.1779,
          "longitude": 14.4248
        }
      ],
      "radius": 0.0,
      "shape": "POLYGON"
    },
    "handle": 1269322675,
    "identification": "LKTRA74",
    "name": "VOLARY",
    "sun": {
      "astronomicalDawn": "2021-01-09T05:20:00Z",
      "astronomicalDusk": "2021-01-09T14:59:00Z",
      "civilDawn": "2021-01-09T05:57:00Z",
      "civilDusk": "2021-01-09T14:22:00Z",
      "date": "2021-01-08T23:00:00Z"
    },
    "thumbprint": "4ec80c3f885f6f8896cb51f0d915b904b7c81f22bca6864b6817c9c5b6e90a95"
  },
  {
    "elevationRange": {
      "ceiling": {
        "origin": "FL",
        "units": "FEETS",
        "value": 24500.0
      },
      "floor": {
        "origin": "FL",
        "units": "FEETS",
        "value": 9500.0
      }
    },
    "geometry": {
      "coordinates": [
        {
          "index": 0,
          "latitude": 49.2276,
          "longitude": 14.358
        },
        {
          "index": 1,
          "latitude": 48.985,
          "longitude": 14.6825
        },
        {
          "index": 2,
          "latitude": 49.0519,
          "longitude": 14.8402
        },
        {
          "index": 3,
          "latitude": 48.8512,
          "longitude": 14.7426
        },
        {
          "index": 4,
          "latitude": 49.1255,
          "longitude": 14.2025
        },
        {
          "index": 5,
          "latitude": 49.2276,
          "longitude": 14.358
        }
      ],
      "radius": 0.0,
      "shape": "POLYGON"
    },
    "handle": 4083344280,
    "identification": "LKTRA79",
    "name": "HOSIN",
    "sun": {
      "astronomicalDawn": "2021-01-09T05:20:00Z",
      "astronomicalDusk": "2021-01-09T14:58:00Z",
      "civilDawn": "2021-01-09T05:57:00Z",
      "civilDusk": "2021-01-09T14:21:00Z",
      "date": "2021-01-08T23:00:00Z"
    },
    "thumbprint": "b8d70f67e4f467e5aa8123608414ec694e6edf5be981534335be4b93a6a42a41"
  },
  {
    "elevationRange": {
      "ceiling": {
        "origin": "FL",
        "units": "FEETS",
        "value": 66000.0
      },
      "floor": {
        "origin": "FL",
        "units": "FEETS",
        "value": 24500.0
      }
    },
    "geometry": {
      "coordinates": [
        {
          "index": 0,
          "latitude": 49.9663,
          "longitude": 15.0481
        },
        {
          "index": 1,
          "latitude": 49.9762,
          "longitude": 15.2954
        },
        {
          "index": 2,
          "latitude": 49.6808,
          "longitude": 15.7431
        },
        {
          "index": 3,
          "latitude": 49.6091,
          "longitude": 15.6571
        },
        {
          "index": 4,
          "latitude": 49.8349,
          "longitude": 15.1319
        },
        {
          "index": 5,
          "latitude": 49.9663,
          "longitude": 15.0481
        }
      ],
      "radius": 0.0,
      "shape": "POLYGON"
    },
    "handle": 2447361685,
    "identification": "LKTRA38",
    "name": "HABRY",
    "sun": {
      "astronomicalDawn": "2021-01-09T05:19:00Z",
      "astronomicalDusk": "2021-01-09T14:52:00Z",
      "civilDawn": "2021-01-09T05:57:00Z",
      "civilDusk": "2021-01-09T14:15:00Z",
      "date": "2021-01-08T23:00:00Z"
    },
    "thumbprint": "9984032f624ddaf9c5ab5bf8c42624e5d84d362220c40de8bb957cae9fb4a91c"
  },
  {
    "elevationRange": {
      "ceiling": {
        "origin": "FL",
        "units": "FEETS",
        "value": 12500.0
      },
      "floor": {
        "origin": "FL",
        "units": "FEETS",
        "value": 9500.0
      }
    },
    "geometry": {
      "coordinates": [
        {
          "index": 0,
          "latitude": 49.3855,
          "longitude": 15.8771
        },
        {
          "index": 1,
          "latitude": 49.37,
          "longitude": 15.9818
        },
        {
          "index": 2,
          "latitude": 49.2935,
          "longitude": 16.1295
        },
        {
          "index": 3,
          "latitude": 49.2853,
          "longitude": 16.1456
        },
        {
          "index": 4,
          "latitude": 49.23,
          "longitude": 16.2519
        },
        {
          "index": 5,
          "latitude": 49.2012,
          "longitude": 16.3067
        },
        {
          "index": 6,
          "latitude": 49.0358,
          "longitude": 16.6213
        },
        {
          "index": 7,
          "latitude": 48.8854,
          "longitude": 16.4
        },
        {
          "index": 8,
          "latitude": 48.9649,
          "longitude": 16.2367
        },
        {
          "index": 9,
          "latitude": 49.0287,
          "longitude": 16.1055
        },
        {
          "index": 10,
          "latitude": 49.1186,
          "longitude": 15.9202
        },
        {
          "index": 11,
          "latitude": 49.1858,
          "longitude": 15.7816
        },
        {
          "index": 12,
          "latitude": 49.273,
          "longitude": 15.7071
        },
        {
          "index": 13,
          "latitude": 49.3229,
          "longitude": 15.7776
        },
        {
          "index": 14,
          "latitude": 49.3855,
          "longitude": 15.8771
        }
      ],
      "radius": 0.0,
      "shape": "POLYGON"
    },
    "handle": 1977051194,
    "identification": "LKTRA18",
    "name": "NAMEST",
    "sun": {
      "astronomicalDawn": "2021-01-09T05:14:00Z",
      "astronomicalDusk": "2021-01-09T14:51:00Z",
      "civilDawn": "2021-01-09T05:51:00Z",
      "civilDusk": "2021-01-09T14:14:00Z",
      "date": "2021-01-08T23:00:00Z"
    },
    "thumbprint": "283f9f9c82f181b2df35eb1af0f3ff4c68aee134116433233dcdd30c658ae87b"
  },
  {
    "elevationRange": {
      "ceiling": {
        "origin": "FL",
        "units": "FEETS",
        "value": 24500.0
      },
      "floor": {
        "origin": "AMSL",
        "units": "FEETS",
        "value": 5000.0
      }
    },
    "geometry": {
      "coordinates": [
        {
          "index": 0,
          "latitude": 49.8932,
          "longitude": 16.498
        },
        {
          "index": 1,
          "latitude": 49.9833,
          "longitude": 17.2667
        },
        {
          "index": 2,
          "latitude": 49.7766,
          "longitude": 17.541
        },
        {
          "index": 3,
          "latitude": 49.7422,
          "longitude": 17.4433
        },
        {
          "index": 4,
          "latitude": 49.6251,
          "longitude": 17.4058
        },
        {
          "index": 5,
          "latitude": 49.5997,
          "longitude": 17.3974
        },
        {
          "index": 6,
          "latitude": 49.4931,
          "longitude": 16.8764
        },
        {
          "index": 7,
          "latitude": 49.4592,
          "longitude": 16.7136
        },
        {
          "index": 8,
          "latitude": 49.7153,
          "longitude": 16.5868
        },
        {
          "index": 9,
          "latitude": 49.8932,
          "longitude": 16.498
        }
      ],
      "radius": 0.0,
      "shape": "POLYGON"
    },
    "handle": 594702092,
    "identification": "LKTRA34",
    "name": "MOHELNICE",
    "sun": {
      "astronomicalDawn": "2021-01-09T05:13:00Z",
      "astronomicalDusk": "2021-01-09T14:45:00Z",
      "civilDawn": "2021-01-09T05:51:00Z",
      "civilDusk": "2021-01-09T14:07:00Z",
      "date": "2021-01-08T23:00:00Z"
    },
    "thumbprint": "f2d5a06b9a0f129a98a801dca036867727c7284955a347d39b353b0594be1b33"
  },
  {
    "elevationRange": {
      "ceiling": {
        "origin": "FL",
        "units": "FEETS",
        "value": 24500.0
      },
      "floor": {
        "origin": "FL",
        "units": "FEETS",
        "value": 12500.0
      }
    },
    "geometry": {
      "coordinates": [
        {
          "index": 0,
          "latitude": 49.3888,
          "longitude": 15.5405
        },
        {
          "index": 1,
          "latitude": 49.3451,
          "longitude": 15.6975
        },
        {
          "index": 2,
          "latitude": 49.3229,
          "longitude": 15.7776
        },
        {
          "index": 3,
          "latitude": 49.2841,
          "longitude": 15.9165
        },
        {
          "index": 4,
          "latitude": 49.2277,
          "longitude": 16.1474
        },
        {
          "index": 5,
          "latitude": 49.0177,
          "longitude": 16.2936
        },
        {
          "index": 6,
          "latitude": 48.8854,
          "longitude": 16.4
        },
        {
          "index": 7,
          "latitude": 48.863,
          "longitude": 16.3638
        },
        {
          "index": 8,
          "latitude": 48.7934,
          "longitude": 16.2574
        },
        {
          "index": 9,
          "latitude": 48.8157,
          "longitude": 16.1811
        },
        {
          "index": 10,
          "latitude": 48.9114,
          "longitude": 15.9746
        },
        {
          "index": 11,
          "latitude": 49.0124,
          "longitude": 15.7563
        },
        {
          "index": 12,
          "latitude": 49.1149,
          "longitude": 15.5344
        },
        {
          "index": 13,
          "latitude": 49.185,
          "longitude": 15.4514
        },
        {
          "index": 14,
          "latitude": 49.2742,
          "longitude": 15.4456
        },
        {
          "index": 15,
          "latitude": 49.3035,
          "longitude": 15.4437
        },
        {
          "index": 16,
          "latitude": 49.3888,
          "longitude": 15.5405
        }
      ],
      "radius": 0.0,
      "shape": "POLYGON"
    },
    "handle": 591771315,
    "identification": "LKTRA19",
    "name": "TREBIC",
    "sun": {
      "astronomicalDawn": "2021-01-09T05:15:00Z",
      "astronomicalDusk": "2021-01-09T14:52:00Z",
      "civilDawn": "2021-01-09T05:52:00Z",
      "civilDusk": "2021-01-09T14:15:00Z",
      "date": "2021-01-08T23:00:00Z"
    },
    "thumbprint": "a0f741313c67e5328ff6abd058175f6e17e91077cccdc9e2525af9beeb0101ce"
  },
  {
    "elevationRange": {
      "ceiling": {
        "origin": "FL",
        "units": "FEETS",
        "value": 66000.0
      },
      "floor": {
        "origin": "FL",
        "units": "FEETS",
        "value": 9500.0
      }
    },
    "geometry": {
      "coordinates": [
        {
          "index": 0,
          "latitude": 50.7264,
          "longitude": 15.5049
        },
        {
          "index": 1,
          "latitude": 50.5393,
          "longitude": 16.041
        },
        {
          "index": 2,
          "latitude": 50.5316,
          "longitude": 16.1488
        },
        {
          "index": 3,
          "latitude": 50.442,
          "longitude": 16.0961
        },
        {
          "index": 4,
          "latitude": 50.3589,
          "longitude": 16.1717
        },
        {
          "index": 5,
          "latitude": 50.1649,
          "longitude": 16.4533
        },
        {
          "index": 6,
          "latitude": 50.1088,
          "longitude": 16.3664
        },
        {
          "index": 7,
          "latitude": 50.1375,
          "longitude": 15.9682
        },
        {
          "index": 8,
          "latitude": 50.385,
          "longitude": 15.3878
        },
        {
          "index": 9,
          "latitude": 50.4765,
          "longitude": 15.1698
        },
        {
          "index": 10,
          "latitude": 50.5666,
          "longitude": 15.0492
        },
        {
          "index": 11,
          "latitude": 50.6089,
          "longitude": 15.0953
        },
        {
          "index": 12,
          "latitude": 50.7264,
          "longitude": 15.5049
        }
      ],
      "radius": 0.0,
      "shape": "POLYGON"
    },
    "handle": 1120664865,
    "identification": "LKTRA37",
    "name": "NOVÁ PAKA",
    "sun": {
      "astronomicalDawn": "2021-01-09T05:21:00Z",
      "astronomicalDusk": "2021-01-09T14:48:00Z",
      "civilDawn": "2021-01-09T05:59:00Z",
      "civilDusk": "2021-01-09T14:10:00Z",
      "date": "2021-01-08T23:00:00Z"
    },
    "thumbprint": "921ffb453d6029881a4ca7ed934eb94f809c6148c29864df873be811476b4137"
  }
]