[
  {
    "elevationRange": {
      "ceiling": {
        "origin": "FL",
        "units": "FEETS",
        "value": 9500.0
      },
      "floor": {
        "origin": "GND",
        "units": "NONE",
        "value": 0.0
      }
    },
    "geometry": {
      "coordinates": [
        {
          "index": 0,
          "latitude": 49.4478,
          "longitude": 17.1339
        }
      ],
      "radius": 5556.0,
      "shape": "POINT"
    },
    "handle": 3997768837,
    "identification": "LKTRA6",
    "name": "PROSTEJOV",
    "sun": {
      "astronomicalDawn": "2021-02-16T04:29:00Z",
      "astronomicalDusk": "2021-02-16T15:43:00Z",
      "civilDawn": "2021-02-16T05:02:00Z",
      "civilDusk": "2021-02-16T15:10:00Z",
      "date": "2021-02-15T23:00:00Z"
    },
    "thumbprint": "077ec3b04b4ef45467a7b719ac766da6be1c812c4a13cae08e4d660b9d2041ee"
  },
  {
    "elevationRange": {
      "ceiling": {
        "origin": "FL",
        "units": "FEETS",
        "value": 12500.0
      },
      "floor": {
        "origin": "AMSL",
        "units": "FEETS",
        "value": 3000.0
      }
    },
    "geometry": {
      "coordinates": [
        {
          "index": 0,
          "latitude": 48.9649,
          "longitude": 16.2367
        },
        {
          "index": 1,
          "latitude": 48.8854,
          "longitude": 16.4
        },
        {
          "index": 2,
          "latitude": 48.863,
          "longitude": 16.3638
        },
        {
          "index": 3,
          "latitude": 48.9121,
          "longitude": 16.2564
        },
        {
          "index": 4,
          "latitude": 48.9649,
          "longitude": 16.2367
        }
      ],
      "radius": 0.0,
      "shape": "POLYGON"
    },
    "handle": 3195906739,
    "identification": "LKTRA11",
    "name": "MIROSLAV",
    "sun": {
      "astronomicalDawn": "2021-02-16T04:32:00Z",
      "astronomicalDusk": "2021-02-16T15:47:00Z",
      "civilDawn": "2021-02-16T05:04:00Z",
      "civilDusk": "2021-02-16T15:15:00Z",
      "date": "2021-02-15T23:00:00Z"
    },
    "thumbprint": "2503d0b84472f602517073b76ab018e0e28655f8d75b6f0cebf33bcad9a55bee"
  },
  {
    "elevationRange": {
      "ceiling": {
        "origin": "AGL",
        "units": "FEETS",
        "value": 1000.0
      },
      "floor": {
        "origin": "GND",
        "units": "NONE",
        "value": 0.0
      }
    },
    "geometry": {
      "coordinates": [
        {
          "index": 0,
          "latitude": 50.1194,
          "longitude": 16.0681
        },
        {
          "index": 1,
          "latitude": 50.0975,
          "longitude": 16.2964
        },
        {
          "index": 2,
          "latitude": 50.0033,
          "longitude": 16.2817
        },
        {
          "index": 3,
          "latitude": 50.0194,
          "longitude": 16.0808
        },
        {
          "index": 4,
          "latitude": 50.1194,
          "longitude": 16.0681
        }
      ],
      "radius": 0.0,
      "shape": "POLYGON"
    },
    "handle": 575850685,
    "identification": "LKTRA73",
    "name": "BOROHRADEK",
    "sun": {
      "astronomicalDawn": "2021-02-16T04:34:00Z",
      "astronomicalDusk": "2021-02-16T15:46:00Z",
      "civilDawn": "2021-02-16T05:08:00Z",
      "civilDusk": "2021-02-16T15:12:00Z",
      "date": "2021-02-15T23:00:00Z"
    },
    "thumbprint": "940c03fb4a712fc10c18bdcc4e9e6291ca1dd08125eb3833fdcfaf3f01e3b12c"
  },
  {
    "elevationRange": {
      "ceiling": {
        "origin": "AGL",
        "units": "FEETS",
        "value": 1000.0
      },
      "floor": {
        "origin": "GND",
        "units": "NONE",
        "value": 0.0
      }
    },
    "geometry": {
      "coordinates": [
        {
          "index": 0,
          "latitude": 49.3229,
          "longitude": 15.7776
        },
        {
          "index": 1,
          "latitude": 49.2841,
          "longitude": 15.9165
        },
        {
          "index": 2,
          "latitude": 49.2469,
          "longitude": 15.8683
        },
        {
          "index": 3,
          "latitude": 49.1858,
          "longitude": 15.7816
        },
        {
          "index": 4,
          "latitude": 49.273,
          "longitude": 15.7071
        },
        {
          "index": 5,
          "latitude": 49.3229,
          "longitude": 15.7776
        }
      ],
      "radius": 0.0,
      "shape": "POLYGON"
    },
    "handle": 2374546529,
    "identification": "LKTRA17",
    "name": "OKRISKY",
    "sun": {
      "astronomicalDawn": "2021-02-16T04:34:00Z",
      "astronomicalDusk": "2021-02-16T15:49:00Z",
      "civilDawn": "2021-02-16T05:07:00Z",
      "civilDusk": "2021-02-16T15:16:00Z",
      "date": "2021-02-15T23:00:00Z"
    },
    "thumbprint": "6c5f0ae4c840fec8fe44981ea51351b382b2370b9a994af4c3e1a9d7883b27a9"
  },
  {
    "elevationRange": {
      "ceiling": {
        "origin": "AMSL",
        "units": "FEETS",
        "value": 3000.0
      },
      "floor": {
        "origin": "GND",
        "units": "NONE",
        "value": 0.0
      }
    },
    "geometry": {
      "coordinates": [
        {
          "index": 0,
          "latitude": 50.2758,
          "longitude": 16.0167
        },
        {
          "index": 1,
          "latitude": 50.2744,
          "longitude": 16.1667
        },
        {
          "index": 2,
          "latitude": 50.1583,
          "longitude": 16.2667
        },
        {
          "index": 3,
          "latitude": 50.1583,
          "longitude": 16.0667
        },
        {
          "index": 4,
          "latitude": 50.2758,
          "longitude": 16.0167
        }
      ],
      "radius": 0.0,
      "shape": "POLYGON"
    },
    "handle": 4158779061,
    "identification": "LKTRA72",
    "name": "OPOCNO",
    "sun": {
      "astronomicalDawn": "2021-02-16T04:34:00Z",
      "astronomicalDusk": "2021-02-16T15:46:00Z",
      "civilDawn": "2021-02-16T05:08:00Z",
      "civilDusk": "2021-02-16T15:12:00Z",
      "date": "2021-02-15T23:00:00Z"
    },
    "thumbprint": "4ac33c65cd535b42a927b640dddf5dd6aa909a1d92e88eb9a93c9a557e8230cf"
  },
  {
    "elevationRange": {
      "ceiling": {
        "origin": "FL",
        "units": "FEETS",
        "value": 12500.0
      },
      "floor": {
        "origin": "AMSL",
        "units": "FEETS",
        "value": 5000.0
      }
    },
    "geometry": {
      "coordinates": [
        {
          "index": 0,
          "latitude": 49.3888,
          "longitude": 15.5405
        },
        {
          "index": 1,
          "latitude": 49.3451,
          "longitude": 15.6975
        },
        {
          "index": 2,
          "latitude": 49.2742,
          "longitude": 15.4456
        },
        {
          "index": 3,
          "latitude": 49.3035,
          "longitude": 15.4437
        },
        {
          "index": 4,
          "latitude": 49.3888,
          "longitude": 15.5405
        }
      ],
      "radius": 0.0,
      "shape": "POLYGON"
    },
    "handle": 2281159872,
    "identification": "LKTRA16",
    "name": "TREST",
    "sun": {
      "astronomicalDawn": "2021-02-16T04:35:00Z",
      "astronomicalDusk": "2021-02-16T15:49:00Z",
      "civilDawn": "2021-02-16T05:08:00Z",
      "civilDusk": "2021-02-16T15:16:00Z",
      "date": "2021-02-15T23:00:00Z"
    },
    "thumbprint": "da27a60b7e4a775f95c605f843bc3a10041caea76c9e32eec28428dd9ec967c6"
  },
  {
    "elevationRange": {
      "ceiling": {
        "origin": "AGL",
        "units": "FEETS",
        "value": 1000.0
      },
      "floor": {
        "origin": "GND",
        "units": "NONE",
        "value": 0.0
      }
    },
    "geometry": {
      "coordinates": [
        {
          "index": 0,
          "latitude": 50.2919,
          "longitude": 15.4769
        },
        {
          "index": 1,
          "latitude": 50.26,
          "longitude": 15.7144
        },
        {
          "index": 2,
          "latitude": 50.2236,
          "longitude": 15.7319
        },
        {
          "index": 3,
          "latitude": 50.1483,
          "longitude": 15.6419
        },
        {
          "index": 4,
          "latitude": 50.1509,
          "longitude": 15.4592
        },
        {
          "index": 5,
          "latitude": 50.2919,
          "longitude": 15.4769
        }
      ],
      "radius": 0.0,
      "shape": "POLYGON"
    },
    "handle": 1177090822,
    "identification": "LKTRA71",
    "name": "SMIDARY",
    "sun": {
      "astronomicalDawn": "2021-02-16T04:37:00Z",
      "astronomicalDusk": "2021-02-16T15:48:00Z",
      "civilDawn": "2021-02-16T05:10:00Z",
      "civilDusk": "2021-02-16T15:14:00Z",
      "date": "2021-02-15T23:00:00Z"
    },
    "thumbprint": "fa3eb428b3753dc45797a1d19e85f6991675909e7a8a334a058d3de2e79901c1"
  },
  {
    "elevationRange": {
      "ceiling": {
        "origin": "AMSL",
        "units": "FEETS",
        "value": 3000.0
      },
      "floor": {
        "origin": "GND",
        "units": "NONE",
        "value": 0.0
      }
    },
    "geometry": {
      "coordinates": [
        {
          "index": 0,
          "latitude": 50.3142,
          "longitude": 15.1594
        }
      ],
      "radius": 10186.0,
      "shape": "POINT"
    },
    "handle": 1735808675,
    "identification": "LKTRA61",
    "name": "KOPIDLNO",
    "sun": {
      "astronomicalDawn": "2021-02-16T04:38:00Z",
      "astronomicalDusk": "2021-02-16T15:50:00Z",
      "civilDawn": "2021-02-16T05:12:00Z",
      "civilDusk": "2021-02-16T15:16:00Z",
      "date": "2021-02-15T23:00:00Z"
    },
    "thumbprint": "1069e1bcc0a0d0299a68597ddcd347c5cd0e7b4bd94ee44b03722575736e0d94"
  },
  {
    "elevationRange": {
      "ceiling": {
        "origin": "FL",
        "units": "FEETS",
        "value": 12500.0
      },
      "floor": {
        "origin": "AGL",
        "units": "FEETS",
        "value": 1000.0
      }
    },
    "geometry": {
      "coordinates": [
        {
          "index": 0,
          "latitude": 50.3069,
          "longitude": 15.7423
        },
        {
          "index": 1,
          "latitude": 50.1468,
          "longitude": 15.7402
        },
        {
          "index": 2,
          "latitude": 50.1519,
          "longitude": 15.3811
        },
        {
          "index": 3,
          "latitude": 50.1858,
          "longitude": 15.3821
        },
        {
          "index": 4,
          "latitude": 50.3111,
          "longitude": 15.3857
        },
        {
          "index": 5,
          "latitude": 50.3069,
          "longitude": 15.7423
        }
      ],
      "radius": 0.0,
      "shape": "POLYGON"
    },
    "handle": 2657635996,
    "identification": "LKTRA56",
    "name": "NOVÝ BYDZOV",
    "sun": {
      "astronomicalDawn": "2021-02-16T04:37:00Z",
      "astronomicalDusk": "2021-02-16T15:48:00Z",
      "civilDawn": "2021-02-16T05:11:00Z",
      "civilDusk": "2021-02-16T15:14:00Z",
      "date": "2021-02-15T23:00:00Z"
    },
    "thumbprint": "0b28e82c9807c9da649a7f781666ce22c3b4cdf731cdb436730890e8aa7de69e"
  },
  {
    "elevationRange": {
      "ceiling": {
        "origin": "AGL",
        "units": "FEETS",
        "value": 1000.0
      },
      "floor": {
        "origin": "GND",
        "units": "NONE",
        "value": 0.0
      }
    },
    "geometry": {
      "coordinates": [
        {
          "index": 0,
          "latitude": 49.0972,
          "longitude": 16.3797
        },
        {
          "index": 1,
          "latitude": 49.0045,
          "longitude": 16.5753
        },
        {
          "index": 2,
          "latitude": 48.8854,
          "longitude": 16.4
        },
        {
          "index": 3,
          "latitude": 49.0177,
          "longitude": 16.2936
        },
        {
          "index": 4,
          "latitude": 49.0972,
          "longitude": 16.3797
        }
      ],
      "radius": 0.0,
      "shape": "POLYGON"
    },
    "handle": 732670267,
    "identification": "LKTRA10",
    "name": "POHORELICE",
    "sun": {
      "astronomicalDawn": "2021-02-16T04:32:00Z",
      "astronomicalDusk": "2021-02-16T15:46:00Z",
      "civilDawn": "2021-02-16T05:04:00Z",
      "civilDusk": "2021-02-16T15:14:00Z",
      "date": "2021-02-15T23:00:00Z"
    },
    "thumbprint": "cf0ec7a070e263f1117ed53d1ce16240187429a666137a06c658e9888a68025f"
  },
  {
    "elevationRange": {
      "ceiling": {
        "origin": "FL",
        "units": "FEETS",
        "value": 12500.0
      },
      "floor": {
        "origin": "GND",
        "units": "NONE",
        "value": 0.0
      }
    },
    "geometry": {
      "coordinates": [
        {
          "index": 0,
          "latitude": 49.1858,
          "longitude": 15.7816
        },
        {
          "index": 1,
          "latitude": 49.1186,
          "longitude": 15.9202
        },
        {
          "index": 2,
          "latitude": 49.0124,
          "longitude": 15.7563
        },
        {
          "index": 3,
          "latitude": 49.1149,
          "longitude": 15.5344
        },
        {
          "index": 4,
          "latitude": 49.14,
          "longitude": 15.696
        },
        {
          "index": 5,
          "latitude": 49.1858,
          "longitude": 15.7816
        }
      ],
      "radius": 0.0,
      "shape": "POLYGON"
    },
    "handle": 4202337655,
    "identification": "LKTRA14",
    "name": "CASLAVICE",
    "sun": {
      "astronomicalDawn": "2021-02-16T04:35:00Z",
      "astronomicalDusk": "2021-02-16T15:49:00Z",
      "civilDawn": "2021-02-16T05:08:00Z",
      "civilDusk": "2021-02-16T15:16:00Z",
      "date": "2021-02-15T23:00:00Z"
    },
    "thumbprint": "8ca7a73cee51dca74fb093aee06ad206e83aeb764e4e2cccad08e62c426fd406"
  },
  {
    "elevationRange": {
      "ceiling": {
        "origin": "FL",
        "units": "FEETS",
        "value": 12500.0
      },
      "floor": {
        "origin": "AMSL",
        "units": "FEETS",
        "value": 3000.0
      }
    },
    "geometry": {
      "coordinates": [
        {
          "index": 0,
          "latitude": 50.277,
          "longitude": 15.929
        },
        {
          "index": 1,
          "latitude": 50.274,
          "longitude": 16.2078
        },
        {
          "index": 2,
          "latitude": 50.1088,
          "longitude": 16.3664
        },
        {
          "index": 3,
          "latitude": 50.1375,
          "longitude": 15.9682
        },
        {
          "index": 4,
          "latitude": 50.277,
          "longitude": 15.929
        }
      ],
      "radius": 0.0,
      "shape": "POLYGON"
    },
    "handle": 559343347,
    "identification": "LKTRA57",
    "name": "VAMBERK",
    "sun": {
      "astronomicalDawn": "2021-02-16T04:35:00Z",
      "astronomicalDusk": "2021-02-16T15:46:00Z",
      "civilDawn": "2021-02-16T05:08:00Z",
      "civilDusk": "2021-02-16T15:12:00Z",
      "date": "2021-02-15T23:00:00Z"
    },
    "thumbprint": "6905fc9bc30510dae6b321e03a19bab630c5bfbc1dac82be3d1797f75be02dcd"
  },
  {
    "elevationRange": {
      "ceiling": {
        "origin": "FL",
        "units": "FEETS",
        "value": 12500.0
      },
      "floor": {
        "origin": "GND",
        "units": "NONE",
        "value": 0.0
      }
    },
    "geometry": {
      "coordinates": [
        {
          "index": 0,
          "latitude": 49.1186,
          "longitude": 15.9202
        },
        {
          "index": 1,
          "latitude": 49.0287,
          "longitude": 16.1055
        },
        {
          "index": 2,
          "latitude": 48.9114,
          "longitude": 15.9746
        },
        {
          "index": 3,
          "latitude": 49.0124,
          "longitude": 15.7563
        },
        {
          "index": 4,
          "latitude": 49.1186,
          "longitude": 15.9202
        }
      ],
      "radius": 0.0,
      "shape": "POLYGON"
    },
    "handle": 2450832010,
    "identification": "LKTRA13",
    "name": "JEVISOVICE",
    "sun": {
      "astronomicalDawn": "2021-02-16T04:34:00Z",
      "astronomicalDusk": "2021-02-16T15:48:00Z",
      "civilDawn": "2021-02-16T05:06:00Z",
      "civilDusk": "2021-02-16T15:15:00Z",
      "date": "2021-02-15T23:00:00Z"
    },
    "thumbprint": "b05ef888c40df382e7c752fcc4ed30831d226cc92b7473039f830df727f1979e"
  },
  {
    "elevationRange": {
      "ceiling": {
        "origin": "FL",
        "units": "FEETS",
        "value": 12500.0
      },
      "floor": {
        "origin": "AGL",
        "units": "FEETS",
        "value": 300.0
      }
    },
    "geometry": {
      "coordinates": [
        {
          "index": 0,
          "latitude": 49.3451,
          "longitude": 15.6975
        },
        {
          "index": 1,
          "latitude": 49.3229,
          "longitude": 15.7776
        },
        {
          "index": 2,
          "latitude": 49.273,
          "longitude": 15.7071
        },
        {
          "index": 3,
          "latitude": 49.1858,
          "longitude": 15.7816
        },
        {
          "index": 4,
          "latitude": 49.14,
          "longitude": 15.696
        },
        {
          "index": 5,
          "latitude": 49.1149,
          "longitude": 15.5344
        },
        {
          "index": 6,
          "latitude": 49.185,
          "longitude": 15.4514
        },
        {
          "index": 7,
          "latitude": 49.2742,
          "longitude": 15.4456
        },
        {
          "index": 8,
          "latitude": 49.3451,
          "longitude": 15.6975
        }
      ],
      "radius": 0.0,
      "shape": "POLYGON"
    },
    "handle": 2885922420,
    "identification": "LKTRA15",
    "name": "BRTNICE",
    "sun": {
      "astronomicalDawn": "2021-02-16T04:35:00Z",
      "astronomicalDusk": "2021-02-16T15:49:00Z",
      "civilDawn": "2021-02-16T05:08:00Z",
      "civilDusk": "2021-02-16T15:16:00Z",
      "date": "2021-02-15T23:00:00Z"
    },
    "thumbprint": "60cf7ca6e141f49a242c5494faf6e86196b0c467d26a309d6ddd21eaeebd34fd"
  },
  {
    "elevationRange": {
      "ceiling": {
        "origin": "FL",
        "units": "FEETS",
        "value": 12500.0
      },
      "floor": {
        "origin": "GND",
        "units": "NONE",
        "value": 0.0
      }
    },
    "geometry": {
      "coordinates": [
        {
          "index": 0,
          "latitude": 49.0287,
          "longitude": 16.1055
        },
        {
          "index": 1,
          "latitude": 48.9649,
          "longitude": 16.2367
        },
        {
          "index": 2,
          "latitude": 48.9121,
          "longitude": 16.2564
        },
        {
          "index": 3,
          "latitude": 48.863,
          "longitude": 16.3638
        },
        {
          "index": 4,
          "latitude": 48.7934,
          "longitude": 16.2574
        },
        {
          "index": 5,
          "latitude": 48.8157,
          "longitude": 16.1811
        },
        {
          "index": 6,
          "latitude": 48.9114,
          "longitude": 15.9746
        },
        {
          "index": 7,
          "latitude": 49.0287,
          "longitude": 16.1055
        }
      ],
      "radius": 0.0,
      "shape": "POLYGON"
    },
    "handle": 1682363874,
    "identification": "LKTRA12",
    "name": "UNANOV",
    "sun": {
      "astronomicalDawn": "2021-02-16T04:33:00Z",
      "astronomicalDusk": "2021-02-16T15:47:00Z",
      "civilDawn": "2021-02-16T05:05:00Z",
      "civilDusk": "2021-02-16T15:15:00Z",
      "date": "2021-02-15T23:00:00Z"
    },
    "thumbprint": "600aa623aa68c646aba5e85521a02e8fef6d63978f917c36ed7f8a281012aa4e"
  },
  {
    "elevationRange": {
      "ceiling": {
        "origin": "FL",
        "units": "FEETS",
        "value": 24500.0
      },
      "floor": {
        "origin": "AMSL",
        "units": "FEETS",
        "value": 3000.0
      }
    },
    "geometry": {
      "coordinates": [
        {
          "index": 0,
          "latitude": 50.4765,
          "longitude": 15.1698
        },
        {
          "index": 1,
          "latitude": 50.385,
          "longitude": 15.3878
        },
        {
          "index": 2,
          "latitude": 50.1858,
          "longitude": 15.3821
        },
        {
          "index": 3,
          "latitude": 50.1857,
          "longitude": 15.0567
        },
        {
          "index": 4,
          "latitude": 50.1856,
          "longitude": 14.9776
        },
        {
          "index": 5,
          "latitude": 50.1989,
          "longitude": 14.9733
        },
        {
          "index": 6,
          "latitude": 50.2076,
          "longitude": 14.9702
        },
        {
          "index": 7,
          "latitude": 50.2163,
          "longitude": 14.9667
        },
        {
          "index": 8,
          "latitude": 50.225,
          "longitude": 14.9631
        },
        {
          "index": 9,
          "latitude": 50.2359,
          "longitude": 14.958
        },
        {
          "index": 10,
          "latitude": 50.476,
          "longitude": 15.0011
        },
        {
          "index": 11,
          "latitude": 50.4765,
          "longitude": 15.1698
        }
      ],
      "radius": 0.0,
      "shape": "POLYGON"
    },
    "handle": 1862437641,
    "identification": "LKTRA62",
    "name": "NYMBURK",
    "sun": {
      "astronomicalDawn": "2021-02-16T04:39:00Z",
      "astronomicalDusk": "2021-02-16T15:49:00Z",
      "civilDawn": "2021-02-16T05:13:00Z",
      "civilDusk": "2021-02-16T15:15:00Z",
      "date": "2021-02-15T23:00:00Z"
    },
    "thumbprint": "b94d2bd6535b3b623cf9343a5e6ddce9f3ba387f023a3c7b8b34274087be2f18"
  },
  {
    "elevationRange": {
      "ceiling": {
        "origin": "FL",
        "units": "FEETS",
        "value": 24500.0
      },
      "floor": {
        "origin": "AMSL",
        "units": "FEETS",
        "value": 5000.0
      }
    },
    "geometry": {
      "coordinates": [
        {
          "index": 0,
          "latitude": 49.7153,
          "longitude": 16.5868
        },
        {
          "index": 1,
          "latitude": 49.4592,
          "longitude": 16.7136
        },
        {
          "index": 2,
          "latitude": 49.425,
          "longitude": 16.551
        },
        {
          "index": 3,
          "latitude": 49.5124,
          "longitude": 16.1112
        },
        {
          "index": 4,
          "latitude": 49.5599,
          "longitude": 16.2219
        },
        {
          "index": 5,
          "latitude": 49.6271,
          "longitude": 16.3789
        },
        {
          "index": 6,
          "latitude": 49.7153,
          "longitude": 16.5868
        }
      ],
      "radius": 0.0,
      "shape": "POLYGON"
    },
    "handle": 1662439271,
    "identification": "LKTRA33",
    "name": "LETOVICE",
    "sun": {
      "astronomicalDawn": "2021-02-16T04:33:00Z",
      "astronomicalDusk": "2021-02-16T15:45:00Z",
      "civilDawn": "2021-02-16T05:06:00Z",
      "civilDusk": "2021-02-16T15:12:00Z",
      "date": "2021-02-15T23:00:00Z"
    },
    "thumbprint": "69a2eac9bf6f194f0bc14c74544ead256f4140133b39cd9d9de7b56fa18186b5"
  },
  {
    "elevationRange": {
      "ceiling": {
        "origin": "FL",
        "units": "FEETS",
        "value": 24500.0
      },
      "floor": {
        "origin": "AGL",
        "units": "FEETS",
        "value": 1000.0
      }
    },
    "geometry": {
      "coordinates": [
        {
          "index": 0,
          "latitude": 49.7693,
          "longitude": 15.8496
        },
        {
          "index": 1,
          "latitude": 49.6271,
          "longitude": 16.3789
        },
        {
          "index": 2,
          "latitude": 49.5599,
          "longitude": 16.2219
        },
        {
          "index": 3,
          "latitude": 49.5124,
          "longitude": 16.1112
        },
        {
          "index": 4,
          "latitude": 49.6091,
          "longitude": 15.6571
        },
        {
          "index": 5,
          "latitude": 49.6808,
          "longitude": 15.7431
        },
        {
          "index": 6,
          "latitude": 49.7693,
          "longitude": 15.8496
        }
      ],
      "radius": 0.0,
      "shape": "POLYGON"
    },
    "handle": 3958638158,
    "identification": "LKTRA31",
    "name": "ŽĎÁR NAD SÁZAVOU",
    "sun": {
      "astronomicalDawn": "2021-02-16T04:35:00Z",
      "astronomicalDusk": "2021-02-16T15:46:00Z",
      "civilDawn": "2021-02-16T05:08:00Z",
      "civilDusk": "2021-02-16T15:13:00Z",
      "date": "2021-02-15T23:00:00Z"
    },
    "thumbprint": "c281314bfc2013c75e44086813782feacb854b78b2e875d543aec4d24d6f29ce"
  },
  {
    "elevationRange": {
      "ceiling": {
        "origin": "FL",
        "units": "FEETS",
        "value": 24500.0
      },
      "floor": {
        "origin": "AGL",
        "units": "FEETS",
        "value": 1000.0
      }
    },
    "geometry": {
      "coordinates": [
        {
          "index": 0,
          "latitude": 49.3947,
          "longitude": 14.6118
        },
        {
          "index": 1,
          "latitude": 49.166,
          "longitude": 14.8963
        },
        {
          "index": 2,
          "latitude": 49.0519,
          "longitude": 14.8402
        },
        {
          "index": 3,
          "latitude": 48.985,
          "longitude": 14.6825
        },
        {
          "index": 4,
          "latitude": 49.2276,
          "longitude": 14.358
        },
        {
          "index": 5,
          "latitude": 49.3947,
          "longitude": 14.6118
        }
      ],
      "radius": 0.0,
      "shape": "POLYGON"
    },
    "handle": 2127224299,
    "identification": "LKTRA78",
    "name": "SOBĚSLAV",
    "sun": {
      "astronomicalDawn": "2021-02-16T04:40:00Z",
      "astronomicalDusk": "2021-02-16T15:53:00Z",
      "civilDawn": "2021-02-16T05:12:00Z",
      "civilDusk": "2021-02-16T15:20:00Z",
      "date": "2021-02-15T23:00:00Z"
    },
    "thumbprint": "1e4d3ae8a9809a06f81df1c8f197f9d376e7015d1337e3f53714751e0f3943a4"
  },
  {
    "elevationRange": {
      "ceiling": {
        "origin": "FL",
        "units": "FEETS",
        "value": 7500.0
      },
      "floor": {
        "origin": "AGL",
        "units": "FEETS",
        "value": 1000.0
      }
    },
    "geometry": {
      "coordinates": [
        {
          "index": 0,
          "latitude": 49.6991,
          "longitude": 14.2277
        },
        {
          "index": 1,
          "latitude": 49.6411,
          "longitude": 14.301
        },
        {
          "index": 2,
          "latitude": 49.3325,
          "longitude": 13.8991
        },
        {
          "index": 3,
          "latitude": 49.4646,
          "longitude": 13.6831
        },
        {
          "index": 4,
          "latitude": 49.6991,
          "longitude": 14.2277
        }
      ],
      "radius": 0.0,
      "shape": "POLYGON"
    },
    "handle": 954008173,
    "identification": "LKTRA76",
    "name": "BLATNA",
    "sun": {
      "astronomicalDawn": "2021-02-16T04:43:00Z",
      "astronomicalDusk": "2021-02-16T15:55:00Z",
      "civilDawn": "2021-02-16T05:16:00Z",
      "civilDusk": "2021-02-16T15:21:00Z",
      "date": "2021-02-15T23:00:00Z"
    },
    "thumbprint": "bdaf70ac1e4bd2f63090db6c60163b1009cf35004a107546500904a6edef41d6"
  },
  {
    "elevationRange": {
      "ceiling": {
        "origin": "FL",
        "units": "FEETS",
        "value": 9500.0
      },
      "floor": {
        "origin": "AGL",
        "units": "FEETS",
        "value": 1000.0
      }
    },
    "geometry": {
      "coordinates": [
        {
          "index": 0,
          "latitude": 49.1779,
          "longitude": 14.4248
        },
        {
          "index": 1,
          "latitude": 49.1225,
          "longitude": 14.4991
        },
        {
          "index": 2,
          "latitude": 49.0498,
          "longitude": 14.3527
        },
        {
          "index": 3,
          "latitude": 48.8091,
          "longitude": 14.2714
        },
        {
          "index": 4,
          "latitude": 48.9166,
          "longitude": 14.1324
        },
        {
          "index": 5,
          "latitude": 48.9116,
          "longitude": 13.8927
        },
        {
          "index": 6,
          "latitude": 49.0963,
          "longitude": 14.2605
        },
        {
          "index": 7,
          "latitude": 49.1779,
          "longitude": 14.4248
        }
      ],
      "radius": 0.0,
      "shape": "POLYGON"
    },
    "handle": 3488422355,
    "identification": "LKTRA74",
    "name": "VOLARY",
    "sun": {
      "astronomicalDawn": "2021-02-16T04:41:00Z",
      "astronomicalDusk": "2021-02-16T15:54:00Z",
      "civilDawn": "2021-02-16T05:14:00Z",
      "civilDusk": "2021-02-16T15:22:00Z",
      "date": "2021-02-15T23:00:00Z"
    },
    "thumbprint": "62fec383f19480e4bc61cb540405ba7c95bd5cbd0a626b0b93120b9c7f1ff15e"
  },
  {
    "elevationRange": {
      "ceiling": {
        "origin": "FL",
        "units": "FEETS",
        "value": 24500.0
      },
      "floor": {
        "origin": "AMSL",
        "units": "FEETS",
        "value": 5000.0
      }
    },
    "geometry": {
      "coordinates": [
        {
          "index": 0,
          "latitude": 49.8708,
          "longitude": 16.3133
        },
        {
          "index": 1,
          "latitude": 49.8932,
          "longitude": 16.498
        },
        {
          "index": 2,
          "latitude": 49.7153,
          "longitude": 16.5868
        },
        {
          "index": 3,
          "latitude": 49.6271,
          "longitude": 16.3789
        },
        {
          "index": 4,
          "latitude": 49.7693,
          "longitude": 15.8496
        },
        {
          "index": 5,
          "latitude": 49.8441,
          "longitude": 15.7083
        },
        {
          "index": 6,
          "latitude": 49.8708,
          "longitude": 16.3133
        }
      ],
      "radius": 0.0,
      "shape": "POLYGON"
    },
    "handle": 1759030512,
    "identification": "LKTRA32",
    "name": "PROSEČ",
    "sun": {
      "astronomicalDawn": "2021-02-16T04:35:00Z",
      "astronomicalDusk": "2021-02-16T15:45:00Z",
      "civilDawn": "2021-02-16T05:08:00Z",
      "civilDusk": "2021-02-16T15:12:00Z",
      "date": "2021-02-15T23:00:00Z"
    },
    "thumbprint": "de691f39c56f7bd503c5ffa04baa7a01d9b76ef7d234ff8a76812a3ba8809814"
  },
  {
    "elevationRange": {
      "ceiling": {
        "origin": "FL",
        "units": "FEETS",
        "value": 24500.0
      },
      "floor": {
        "origin": "FL",
        "units": "FEETS",
        "value": 9500.0
      }
    },
    "geometry": {
      "coordinates": [
        {
          "index": 0,
          "latitude": 49.2276,
          "longitude": 14.358
        },
        {
          "index": 1,
          "latitude": 48.985,
          "longitude": 14.6825
        },
        {
          "index": 2,
          "latitude": 49.0519,
          "longitude": 14.8402
        },
        {
          "index": 3,
          "latitude": 48.8512,
          "longitude": 14.7426
        },
        {
          "index": 4,
          "latitude": 49.1255,
          "longitude": 14.2025
        },
        {
          "index": 5,
          "latitude": 49.2276,
          "longitude": 14.358
        }
      ],
      "radius": 0.0,
      "shape": "POLYGON"
    },
    "handle": 3585092751,
    "identification": "LKTRA79",
    "name": "HOSIN",
    "sun": {
      "astronomicalDawn": "2021-02-16T04:40:00Z",
      "astronomicalDusk": "2021-02-16T15:53:00Z",
      "civilDawn": "2021-02-16T05:13:00Z",
      "civilDusk": "2021-02-16T15:20:00Z",
      "date": "2021-02-15T23:00:00Z"
    },
    "thumbprint": "4df7195ecfda01b1217568560473568104b82bada0c4249fd1f7e7ca94671540"
  },
  {
    "elevationRange": {
      "ceiling": {
        "origin": "FL",
        "units": "FEETS",
        "value": 66000.0
      },
      "floor": {
        "origin": "FL",
        "units": "FEETS",
        "value": 24500.0
      }
    },
    "geometry": {
      "coordinates": [
        {
          "index": 0,
          "latitude": 49.9663,
          "longitude": 15.0481
        },
        {
          "index": 1,
          "latitude": 49.9762,
          "longitude": 15.2954
        },
        {
          "index": 2,
          "latitude": 49.6808,
          "longitude": 15.7431
        },
        {
          "index": 3,
          "latitude": 49.6091,
          "longitude": 15.6571
        },
        {
          "index": 4,
          "latitude": 49.8349,
          "longitude": 15.1319
        },
        {
          "index": 5,
          "latitude": 49.9663,
          "longitude": 15.0481
        }
      ],
      "radius": 0.0,
      "shape": "POLYGON"
    },
    "handle": 3232358154,
    "identification": "LKTRA38",
    "name": "HABRY",
    "sun": {
      "astronomicalDawn": "2021-02-16T04:38:00Z",
      "astronomicalDusk": "2021-02-16T15:49:00Z",
      "civilDawn": "2021-02-16T05:11:00Z",
      "civilDusk": "2021-02-16T15:16:00Z",
      "date": "2021-02-15T23:00:00Z"
    },
    "thumbprint": "2f12efc83b1db420bc6c19943d2945a603973849eedf8e686f8cf86508318692"
  },
  {
    "elevationRange": {
      "ceiling": {
        "origin": "FL",
        "units": "FEETS",
        "value": 12500.0
      },
      "floor": {
        "origin": "FL",
        "units": "FEETS",
        "value": 9500.0
      }
    },
    "geometry": {
      "coordinates": [
        {
          "index": 0,
          "latitude": 50.1519,
          "longitude": 15.3811
        },
        {
          "index": 1,
          "latitude": 50.1468,
          "longitude": 15.7402
        },
        {
          "index": 2,
          "latitude": 50.1375,
          "longitude": 15.9682
        },
        {
          "index": 3,
          "latitude": 50.1088,
          "longitude": 16.3664
        },
        {
          "index": 4,
          "latitude": 49.8708,
          "longitude": 16.3133
        },
        {
          "index": 5,
          "latitude": 49.8441,
          "longitude": 15.7083
        },
        {
          "index": 6,
          "latitude": 49.9299,
          "longitude": 15.5866
        },
        {
          "index": 7,
          "latitude": 50.0563,
          "longitude": 15.4071
        },
        {
          "index": 8,
          "latitude": 50.1519,
          "longitude": 15.3811
        }
      ],
      "radius": 0.0,
      "shape": "POLYGON"
    },
    "handle": 518073679,
    "identification": "LKTRA63",
    "name": "PARDUBICE",
    "sun": {
      "astronomicalDawn": "2021-02-16T04:37:00Z",
      "astronomicalDusk": "2021-02-16T15:46:00Z",
      "civilDawn": "2021-02-16T05:10:00Z",
      "civilDusk": "2021-02-16T15:12:00Z",
      "date": "2021-02-15T23:00:00Z"
    },
    "thumbprint": "9989e8e0a33edd980b91a50c031fe040d53e33ad078fab8e858c177b268c8ca1"
  },
  {
    "elevationRange": {
      "ceiling": {
        "origin": "FL",
        "units": "FEETS",
        "value": 24500.0
      },
      "floor": {
        "origin": "FL",
        "units": "FEETS",
        "value": 9500.0
      }
    },
    "geometry": {
      "coordinates": [
        {
          "index": 0,
          "latitude": 50.1649,
          "longitude": 16.4533
        },
        {
          "index": 1,
          "latitude": 50.0382,
          "longitude": 16.6975
        },
        {
          "index": 2,
          "latitude": 50.183,
          "longitude": 17.0482
        },
        {
          "index": 3,
          "latitude": 49.9833,
          "longitude": 17.2667
        },
        {
          "index": 4,
          "latitude": 49.8932,
          "longitude": 16.498
        },
        {
          "index": 5,
          "latitude": 49.8708,
          "longitude": 16.3133
        },
        {
          "index": 6,
          "latitude": 50.1088,
          "longitude": 16.3664
        },
        {
          "index": 7,
          "latitude": 50.1649,
          "longitude": 16.4533
        }
      ],
      "radius": 0.0,
      "shape": "POLYGON"
    },
    "handle": 976241829,
    "identification": "LKTRA35",
    "name": "ŠUMPERK",
    "sun": {
      "astronomicalDawn": "2021-02-16T04:33:00Z",
      "astronomicalDusk": "2021-02-16T15:42:00Z",
      "civilDawn": "2021-02-16T05:06:00Z",
      "civilDusk": "2021-02-16T15:09:00Z",
      "date": "2021-02-15T23:00:00Z"
    },
    "thumbprint": "2b101d08abd8c0a340273809feaee37501062ffb2c8b4a570d45365d0c3d5212"
  },
  {
    "elevationRange": {
      "ceiling": {
        "origin": "FL",
        "units": "FEETS",
        "value": 24500.0
      },
      "floor": {
        "origin": "AGL",
        "units": "FEETS",
        "value": 1000.0
      }
    },
    "geometry": {
      "coordinates": [
        {
          "index": 0,
          "latitude": 49.6411,
          "longitude": 14.301
        },
        {
          "index": 1,
          "latitude": 49.3947,
          "longitude": 14.6118
        },
        {
          "index": 2,
          "latitude": 49.2276,
          "longitude": 14.358
        },
        {
          "index": 3,
          "latitude": 49.1255,
          "longitude": 14.2025
        },
        {
          "index": 4,
          "latitude": 49.3325,
          "longitude": 13.8991
        },
        {
          "index": 5,
          "latitude": 49.6411,
          "longitude": 14.301
        }
      ],
      "radius": 0.0,
      "shape": "POLYGON"
    },
    "handle": 2437064218,
    "identification": "LKTRA77",
    "name": "MILEVSKO",
    "sun": {
      "astronomicalDawn": "2021-02-16T04:42:00Z",
      "astronomicalDusk": "2021-02-16T15:54:00Z",
      "civilDawn": "2021-02-16T05:14:00Z",
      "civilDusk": "2021-02-16T15:21:00Z",
      "date": "2021-02-15T23:00:00Z"
    },
    "thumbprint": "bd5e62d532d83ca7657c871e18f8a973c83dc84c37197249b9598dde421a831d"
  },
  {
    "elevationRange": {
      "ceiling": {
        "origin": "FL",
        "units": "FEETS",
        "value": 12500.0
      },
      "floor": {
        "origin": "FL",
        "units": "FEETS",
        "value": 9500.0
      }
    },
    "geometry": {
      "coordinates": [
        {
          "index": 0,
          "latitude": 49.3855,
          "longitude": 15.8771
        },
        {
          "index": 1,
          "latitude": 49.37,
          "longitude": 15.9818
        },
        {
          "index": 2,
          "latitude": 49.2935,
          "longitude": 16.1295
        },
        {
          "index": 3,
          "latitude": 49.2853,
          "longitude": 16.1456
        },
        {
          "index": 4,
          "latitude": 49.23,
          "longitude": 16.2519
        },
        {
          "index": 5,
          "latitude": 49.2012,
          "longitude": 16.3067
        },
        {
          "index": 6,
          "latitude": 49.0358,
          "longitude": 16.6213
        },
        {
          "index": 7,
          "latitude": 48.8854,
          "longitude": 16.4
        },
        {
          "index": 8,
          "latitude": 48.9649,
          "longitude": 16.2367
        },
        {
          "index": 9,
          "latitude": 49.0287,
          "longitude": 16.1055
        },
        {
          "index": 10,
          "latitude": 49.1186,
          "longitude": 15.9202
        },
        {
          "index": 11,
          "latitude": 49.1858,
          "longitude": 15.7816
        },
        {
          "index": 12,
          "latitude": 49.273,
          "longitude": 15.7071
        },
        {
          "index": 13,
          "latitude": 49.3229,
          "longitude": 15.7776
        },
        {
          "index": 14,
          "latitude": 49.3855,
          "longitude": 15.8771
        }
      ],
      "radius": 0.0,
      "shape": "POLYGON"
    },
    "handle": 1467574760,
    "identification": "LKTRA18",
    "name": "NAMEST",
    "sun": {
      "astronomicalDawn": "2021-02-16T04:34:00Z",
      "astronomicalDusk": "2021-02-16T15:46:00Z",
      "civilDawn": "2021-02-16T05:07:00Z",
      "civilDusk": "2021-02-16T15:13:00Z",
      "date": "2021-02-15T23:00:00Z"
    },
    "thumbprint": "b486443249790bc055ee99b20f757c8aeaefda16ba1c778c54a14c012bfac8b0"
  },
  {
    "elevationRange": {
      "ceiling": {
        "origin": "FL",
        "units": "FEETS",
        "value": 24500.0
      },
      "floor": {
        "origin": "FL",
        "units": "FEETS",
        "value": 9500.0
      }
    },
    "geometry": {
      "coordinates": [
        {
          "index": 0,
          "latitude": 50.1858,
          "longitude": 15.3821
        },
        {
          "index": 1,
          "latitude": 50.1519,
          "longitude": 15.3811
        },
        {
          "index": 2,
          "latitude": 50.0563,
          "longitude": 15.4071
        },
        {
          "index": 3,
          "latitude": 49.9299,
          "longitude": 15.5866
        },
        {
          "index": 4,
          "latitude": 49.8441,
          "longitude": 15.7083
        },
        {
          "index": 5,
          "latitude": 49.7693,
          "longitude": 15.8496
        },
        {
          "index": 6,
          "latitude": 49.6808,
          "longitude": 15.7431
        },
        {
          "index": 7,
          "latitude": 49.6091,
          "longitude": 15.6571
        },
        {
          "index": 8,
          "latitude": 49.8349,
          "longitude": 15.1319
        },
        {
          "index": 9,
          "latitude": 49.9663,
          "longitude": 15.0481
        },
        {
          "index": 10,
          "latitude": 50.1857,
          "longitude": 15.0567
        },
        {
          "index": 11,
          "latitude": 50.1858,
          "longitude": 15.3821
        }
      ],
      "radius": 0.0,
      "shape": "POLYGON"
    },
    "handle": 1386282982,
    "identification": "LKTRA30",
    "name": "ČÁSLAV",
    "sun": {
      "astronomicalDawn": "2021-02-16T04:38:00Z",
      "astronomicalDusk": "2021-02-16T15:48:00Z",
      "civilDawn": "2021-02-16T05:12:00Z",
      "civilDusk": "2021-02-16T15:15:00Z",
      "date": "2021-02-15T23:00:00Z"
    },
    "thumbprint": "0515f83745aed5c7ddbf106003e182cf44588a2bacb69dee1172971550552ff2"
  },
  {
    "elevationRange": {
      "ceiling": {
        "origin": "FL",
        "units": "FEETS",
        "value": 24500.0
      },
      "floor": {
        "origin": "FL",
        "units": "FEETS",
        "value": 12500.0
      }
    },
    "geometry": {
      "coordinates": [
        {
          "index": 0,
          "latitude": 50.385,
          "longitude": 15.3878
        },
        {
          "index": 1,
          "latitude": 50.1375,
          "longitude": 15.9682
        },
        {
          "index": 2,
          "latitude": 50.1088,
          "longitude": 16.3664
        },
        {
          "index": 3,
          "latitude": 49.8708,
          "longitude": 16.3133
        },
        {
          "index": 4,
          "latitude": 49.8441,
          "longitude": 15.7083
        },
        {
          "index": 5,
          "latitude": 49.9299,
          "longitude": 15.5866
        },
        {
          "index": 6,
          "latitude": 50.0563,
          "longitude": 15.4071
        },
        {
          "index": 7,
          "latitude": 50.1519,
          "longitude": 15.3811
        },
        {
          "index": 8,
          "latitude": 50.1858,
          "longitude": 15.3821
        },
        {
          "index": 9,
          "latitude": 50.385,
          "longitude": 15.3878
        }
      ],
      "radius": 0.0,
      "shape": "POLYGON"
    },
    "handle": 2358880726,
    "identification": "LKTRA36",
    "name": "HOLICE",
    "sun": {
      "astronomicalDawn": "2021-02-16T04:37:00Z",
      "astronomicalDusk": "2021-02-16T15:46:00Z",
      "civilDawn": "2021-02-16T05:11:00Z",
      "civilDusk": "2021-02-16T15:12:00Z",
      "date": "2021-02-15T23:00:00Z"
    },
    "thumbprint": "c80b25f45a2b81a9bbcbb395131c68a0bf4739ce095fe51c837274c09497fe53"
  },
  {
    "elevationRange": {
      "ceiling": {
        "origin": "FL",
        "units": "FEETS",
        "value": 24500.0
      },
      "floor": {
        "origin": "AMSL",
        "units": "FEETS",
        "value": 5000.0
      }
    },
    "geometry": {
      "coordinates": [
        {
          "index": 0,
          "latitude": 49.8932,
          "longitude": 16.498
        },
        {
          "index": 1,
          "latitude": 49.9833,
          "longitude": 17.2667
        },
        {
          "index": 2,
          "latitude": 49.7766,
          "longitude": 17.541
        },
        {
          "index": 3,
          "latitude": 49.7422,
          "longitude": 17.4433
        },
        {
          "index": 4,
          "latitude": 49.6251,
          "longitude": 17.4058
        },
        {
          "index": 5,
          "latitude": 49.5997,
          "longitude": 17.3974
        },
        {
          "index": 6,
          "latitude": 49.4931,
          "longitude": 16.8764
        },
        {
          "index": 7,
          "latitude": 49.4592,
          "longitude": 16.7136
        },
        {
          "index": 8,
          "latitude": 49.7153,
          "longitude": 16.5868
        },
        {
          "index": 9,
          "latitude": 49.8932,
          "longitude": 16.498
        }
      ],
      "radius": 0.0,
      "shape": "POLYGON"
    },
    "handle": 245616437,
    "identification": "LKTRA34",
    "name": "MOHELNICE",
    "sun": {
      "astronomicalDawn": "2021-02-16T04:32:00Z",
      "astronomicalDusk": "2021-02-16T15:41:00Z",
      "civilDawn": "2021-02-16T05:05:00Z",
      "civilDusk": "2021-02-16T15:08:00Z",
      "date": "2021-02-15T23:00:00Z"
    },
    "thumbprint": "aa70a5921811cca4b19931a393159eb6724a53be1a779fef59ba8c546942b845"
  },
  {
    "elevationRange": {
      "ceiling": {
        "origin": "FL",
        "units": "FEETS",
        "value": 24500.0
      },
      "floor": {
        "origin": "FL",
        "units": "FEETS",
        "value": 12500.0
      }
    },
    "geometry": {
      "coordinates": [
        {
          "index": 0,
          "latitude": 49.3888,
          "longitude": 15.5405
        },
        {
          "index": 1,
          "latitude": 49.3451,
          "longitude": 15.6975
        },
        {
          "index": 2,
          "latitude": 49.3229,
          "longitude": 15.7776
        },
        {
          "index": 3,
          "latitude": 49.2841,
          "longitude": 15.9165
        },
        {
          "index": 4,
          "latitude": 49.2277,
          "longitude": 16.1474
        },
        {
          "index": 5,
          "latitude": 49.0177,
          "longitude": 16.2936
        },
        {
          "index": 6,
          "latitude": 48.8854,
          "longitude": 16.4
        },
        {
          "index": 7,
          "latitude": 48.863,
          "longitude": 16.3638
        },
        {
          "index": 8,
          "latitude": 48.7934,
          "longitude": 16.2574
        },
        {
          "index": 9,
          "latitude": 48.8157,
          "longitude": 16.1811
        },
        {
          "index": 10,
          "latitude": 48.9114,
          "longitude": 15.9746
        },
        {
          "index": 11,
          "latitude": 49.0124,
          "longitude": 15.7563
        },
        {
          "index": 12,
          "latitude": 49.1149,
          "longitude": 15.5344
        },
        {
          "index": 13,
          "latitude": 49.185,
          "longitude": 15.4514
        },
        {
          "index": 14,
          "latitude": 49.2742,
          "longitude": 15.4456
        },
        {
          "index": 15,
          "latitude": 49.3035,
          "longitude": 15.4437
        },
        {
          "index": 16,
          "latitude": 49.3888,
          "longitude": 15.5405
        }
      ],
      "radius": 0.0,
      "shape": "POLYGON"
    },
    "handle": 4124754036,
    "identification": "LKTRA19",
    "name": "TREBIC",
    "sun": {
      "astronomicalDawn": "2021-02-16T04:35:00Z",
      "astronomicalDusk": "2021-02-16T15:47:00Z",
      "civilDawn": "2021-02-16T05:08:00Z",
      "civilDusk": "2021-02-16T15:15:00Z",
      "date": "2021-02-15T23:00:00Z"
    },
    "thumbprint": "0c89e14088212edf88e337e0f86fdc7701778ba422db8da4d5e428d1b2469e0e"
  },
  {
    "elevationRange": {
      "ceiling": {
        "origin": "FL",
        "units": "FEETS",
        "value": 24500.0
      },
      "floor": {
        "origin": "FL",
        "units": "FEETS",
        "value": 9500.0
      }
    },
    "geometry": {
      "coordinates": [
        {
          "index": 0,
          "latitude": 49.3325,
          "longitude": 13.8991
        },
        {
          "index": 1,
          "latitude": 49.1255,
          "longitude": 14.2025
        },
        {
          "index": 2,
          "latitude": 48.8512,
          "longitude": 14.7426
        },
        {
          "index": 3,
          "latitude": 48.8091,
          "longitude": 14.2714
        },
        {
          "index": 4,
          "latitude": 48.9166,
          "longitude": 14.1324
        },
        {
          "index": 5,
          "latitude": 48.9116,
          "longitude": 13.8927
        },
        {
          "index": 6,
          "latitude": 49.0535,
          "longitude": 13.5612
        },
        {
          "index": 7,
          "latitude": 49.3325,
          "longitude": 13.8991
        }
      ],
      "radius": 0.0,
      "shape": "POLYGON"
    },
    "handle": 867245073,
    "identification": "LKTRA75",
    "name": "PRACHATICE",
    "sun": {
      "astronomicalDawn": "2021-02-16T04:43:00Z",
      "astronomicalDusk": "2021-02-16T15:54:00Z",
      "civilDawn": "2021-02-16T05:15:00Z",
      "civilDusk": "2021-02-16T15:21:00Z",
      "date": "2021-02-15T23:00:00Z"
    },
    "thumbprint": "d5bff1823a4605a3799b4642ed87eea0dbed605bb827ba3ffad149dc0122d46a"
  },
  {
    "elevationRange": {
      "ceiling": {
        "origin": "FL",
        "units": "FEETS",
        "value": 66000.0
      },
      "floor": {
        "origin": "FL",
        "units": "FEETS",
        "value": 9500.0
      }
    },
    "geometry": {
      "coordinates": [
        {
          "index": 0,
          "latitude": 50.7264,
          "longitude": 15.5049
        },
        {
          "index": 1,
          "latitude": 50.5393,
          "longitude": 16.041
        },
        {
          "index": 2,
          "latitude": 50.5316,
          "longitude": 16.1488
        },
        {
          "index": 3,
          "latitude": 50.442,
          "longitude": 16.0961
        },
        {
          "index": 4,
          "latitude": 50.3589,
          "longitude": 16.1717
        },
        {
          "index": 5,
          "latitude": 50.1649,
          "longitude": 16.4533
        },
        {
          "index": 6,
          "latitude": 50.1088,
          "longitude": 16.3664
        },
        {
          "index": 7,
          "latitude": 50.1375,
          "longitude": 15.9682
        },
        {
          "index": 8,
          "latitude": 50.385,
          "longitude": 15.3878
        },
        {
          "index": 9,
          "latitude": 50.4765,
          "longitude": 15.1698
        },
        {
          "index": 10,
          "latitude": 50.5666,
          "longitude": 15.0492
        },
        {
          "index": 11,
          "latitude": 50.6089,
          "longitude": 15.0953
        },
        {
          "index": 12,
          "latitude": 50.7264,
          "longitude": 15.5049
        }
      ],
      "radius": 0.0,
      "shape": "POLYGON"
    },
    "handle": 2635283896,
    "identification": "LKTRA37",
    "name": "NOVÁ PAKA",
    "sun": {
      "astronomicalDawn": "2021-02-16T04:39:00Z",
      "astronomicalDusk": "2021-02-16T15:45:00Z",
      "civilDawn": "2021-02-16T05:13:00Z",
      "civilDusk": "2021-02-16T15:12:00Z",
      "date": "2021-02-15T23:00:00Z"
    },
    "thumbprint": "0a10b915711a82956bf3538508b8a6abd366571f27d7b5bfd8c670646671ed5b"
  }
]