[
  {
    "elevationRange": {
      "ceiling": {
        "origin": "FL",
        "units": "FEETS",
        "value": 9500.0
      },
      "floor": {
        "origin": "AMSL",
        "units": "FEETS",
        "value": 5000.0
      }
    },
    "geometry": {
      "coordinates": [
        {
          "index": 0,
          "latitude": 49.4367,
          "longitude": 17.0592
        },
        {
          "index": 1,
          "latitude": 49.4297,
          "longitude": 17.0624
        },
        {
          "index": 2,
          "latitude": 49.4219,
          "longitude": 17.0683
        },
        {
          "index": 3,
          "latitude": 49.4131,
          "longitude": 17.0788
        },
        {
          "index": 4,
          "latitude": 49.3869,
          "longitude": 17.0244
        },
        {
          "index": 5,
          "latitude": 49.4031,
          "longitude": 17.0141
        },
        {
          "index": 6,
          "latitude": 49.4367,
          "longitude": 17.0592
        }
      ],
      "radius": 0.0,
      "shape": "POLYGON"
    },
    "handle": 2043639393,
    "identification": "LKTRA90",
    "name": "ALOJZOV",
    "sun": {
      "astronomicalDawn": "2021-03-15T03:37:00Z",
      "astronomicalDusk": "2021-03-15T16:26:00Z",
      "civilDawn": "2021-03-15T04:09:00Z",
      "civilDusk": "2021-03-15T15:55:00Z",
      "date": "2021-03-14T23:00:00Z"
    },
    "thumbprint": "4bba04422cadf8e7ab67d656a65b0652775f4d8635031f00eeef80a512e69bda"
  },
  {
    "elevationRange": {
      "ceiling": {
        "origin": "FL",
        "units": "FEETS",
        "value": 9500.0
      },
      "floor": {
        "origin": "GND",
        "units": "NONE",
        "value": 0.0
      }
    },
    "geometry": {
      "coordinates": [
        {
          "index": 0,
          "latitude": 49.4478,
          "longitude": 17.1339
        }
      ],
      "radius": 5556.0,
      "shape": "POINT"
    },
    "handle": 3827923853,
    "identification": "LKTRA6",
    "name": "PROSTEJOV",
    "sun": {
      "astronomicalDawn": "2021-03-15T03:37:00Z",
      "astronomicalDusk": "2021-03-15T16:26:00Z",
      "civilDawn": "2021-03-15T04:09:00Z",
      "civilDusk": "2021-03-15T15:54:00Z",
      "date": "2021-03-14T23:00:00Z"
    },
    "thumbprint": "b09e17a8818c3d66d552b202fa0015b683d3c6d8779890d1c86f2ea676af31bb"
  },
  {
    "elevationRange": {
      "ceiling": {
        "origin": "FL",
        "units": "FEETS",
        "value": 12500.0
      },
      "floor": {
        "origin": "AMSL",
        "units": "FEETS",
        "value": 3000.0
      }
    },
    "geometry": {
      "coordinates": [
        {
          "index": 0,
          "latitude": 48.9649,
          "longitude": 16.2367
        },
        {
          "index": 1,
          "latitude": 48.8854,
          "longitude": 16.4
        },
        {
          "index": 2,
          "latitude": 48.863,
          "longitude": 16.3638
        },
        {
          "index": 3,
          "latitude": 48.9121,
          "longitude": 16.2564
        },
        {
          "index": 4,
          "latitude": 48.9649,
          "longitude": 16.2367
        }
      ],
      "radius": 0.0,
      "shape": "POLYGON"
    },
    "handle": 18028266,
    "identification": "LKTRA11",
    "name": "MIROSLAV",
    "sun": {
      "astronomicalDawn": "2021-03-15T03:40:00Z",
      "astronomicalDusk": "2021-03-15T16:29:00Z",
      "civilDawn": "2021-03-15T04:12:00Z",
      "civilDusk": "2021-03-15T15:57:00Z",
      "date": "2021-03-14T23:00:00Z"
    },
    "thumbprint": "20b6502ab815a069b26ab5934a634fb115ba3b0ea5f331cb573660415de98546"
  },
  {
    "elevationRange": {
      "ceiling": {
        "origin": "FL",
        "units": "FEETS",
        "value": 9500.0
      },
      "floor": {
        "origin": "AMSL",
        "units": "FEETS",
        "value": 5000.0
      }
    },
    "geometry": {
      "coordinates": [
        {
          "index": 0,
          "latitude": 49.4461,
          "longitude": 17.2105
        },
        {
          "index": 1,
          "latitude": 49.4282,
          "longitude": 17.3282
        },
        {
          "index": 2,
          "latitude": 49.3564,
          "longitude": 17.2183
        },
        {
          "index": 3,
          "latitude": 49.3456,
          "longitude": 17.1672
        },
        {
          "index": 4,
          "latitude": 49.35,
          "longitude": 17.0714
        },
        {
          "index": 5,
          "latitude": 49.4131,
          "longitude": 17.0788
        },
        {
          "index": 6,
          "latitude": 49.4082,
          "longitude": 17.0871
        },
        {
          "index": 7,
          "latitude": 49.4035,
          "longitude": 17.0983
        },
        {
          "index": 8,
          "latitude": 49.4002,
          "longitude": 17.1107
        },
        {
          "index": 9,
          "latitude": 49.3982,
          "longitude": 17.1237
        },
        {
          "index": 10,
          "latitude": 49.3978,
          "longitude": 17.137
        },
        {
          "index": 11,
          "latitude": 49.399,
          "longitude": 17.1502
        },
        {
          "index": 12,
          "latitude": 49.4015,
          "longitude": 17.163
        },
        {
          "index": 13,
          "latitude": 49.4055,
          "longitude": 17.1748
        },
        {
          "index": 14,
          "latitude": 49.4108,
          "longitude": 17.1855
        },
        {
          "index": 15,
          "latitude": 49.4172,
          "longitude": 17.1945
        },
        {
          "index": 16,
          "latitude": 49.4245,
          "longitude": 17.2017
        },
        {
          "index": 17,
          "latitude": 49.4326,
          "longitude": 17.2069
        },
        {
          "index": 18,
          "latitude": 49.4461,
          "longitude": 17.2105
        }
      ],
      "radius": 0.0,
      "shape": "POLYGON"
    },
    "handle": 740124363,
    "identification": "LKTRA92",
    "name": "DOBROCHOV",
    "sun": {
      "astronomicalDawn": "2021-03-15T03:37:00Z",
      "astronomicalDusk": "2021-03-15T16:25:00Z",
      "civilDawn": "2021-03-15T04:08:00Z",
      "civilDusk": "2021-03-15T15:54:00Z",
      "date": "2021-03-14T23:00:00Z"
    },
    "thumbprint": "18840d4454af5d9192a4c291a601d685d1818b5f8c0cdfdb4107bd9de859a075"
  },
  {
    "elevationRange": {
      "ceiling": {
        "origin": "AMSL",
        "units": "FEETS",
        "value": 2500.0
      },
      "floor": {
        "origin": "GND",
        "units": "NONE",
        "value": 0.0
      }
    },
    "geometry": {
      "coordinates": [
        {
          "index": 0,
          "latitude": 50.1194,
          "longitude": 16.0681
        },
        {
          "index": 1,
          "latitude": 50.0975,
          "longitude": 16.2964
        },
        {
          "index": 2,
          "latitude": 50.0033,
          "longitude": 16.2817
        },
        {
          "index": 3,
          "latitude": 50.0194,
          "longitude": 16.0808
        },
        {
          "index": 4,
          "latitude": 50.1194,
          "longitude": 16.0681
        }
      ],
      "radius": 0.0,
      "shape": "POLYGON"
    },
    "handle": 249352410,
    "identification": "LKTRA73",
    "name": "BOROHRADEK",
    "sun": {
      "astronomicalDawn": "2021-03-15T03:40:00Z",
      "astronomicalDusk": "2021-03-15T16:30:00Z",
      "civilDawn": "2021-03-15T04:13:00Z",
      "civilDusk": "2021-03-15T15:58:00Z",
      "date": "2021-03-14T23:00:00Z"
    },
    "thumbprint": "14b0cf4400bbf35835c294cdc9d6d197041965c7826c271de3dbb776ea003ff2"
  },
  {
    "elevationRange": {
      "ceiling": {
        "origin": "AMSL",
        "units": "FEETS",
        "value": 3500.0
      },
      "floor": {
        "origin": "GND",
        "units": "NONE",
        "value": 0.0
      }
    },
    "geometry": {
      "coordinates": [
        {
          "index": 0,
          "latitude": 49.3229,
          "longitude": 15.7776
        },
        {
          "index": 1,
          "latitude": 49.2841,
          "longitude": 15.9165
        },
        {
          "index": 2,
          "latitude": 49.2469,
          "longitude": 15.8683
        },
        {
          "index": 3,
          "latitude": 49.1858,
          "longitude": 15.7816
        },
        {
          "index": 4,
          "latitude": 49.273,
          "longitude": 15.7071
        },
        {
          "index": 5,
          "latitude": 49.3229,
          "longitude": 15.7776
        }
      ],
      "radius": 0.0,
      "shape": "POLYGON"
    },
    "handle": 730583415,
    "identification": "LKTRA17",
    "name": "OKRISKY",
    "sun": {
      "astronomicalDawn": "2021-03-15T03:42:00Z",
      "astronomicalDusk": "2021-03-15T16:31:00Z",
      "civilDawn": "2021-03-15T04:14:00Z",
      "civilDusk": "2021-03-15T15:59:00Z",
      "date": "2021-03-14T23:00:00Z"
    },
    "thumbprint": "486301508319d7633010f41bfe6ba9855902c8d23805fd97408be9baa1405d3a"
  },
  {
    "elevationRange": {
      "ceiling": {
        "origin": "AMSL",
        "units": "FEETS",
        "value": 3000.0
      },
      "floor": {
        "origin": "GND",
        "units": "NONE",
        "value": 0.0
      }
    },
    "geometry": {
      "coordinates": [
        {
          "index": 0,
          "latitude": 50.2758,
          "longitude": 16.0167
        },
        {
          "index": 1,
          "latitude": 50.2744,
          "longitude": 16.1667
        },
        {
          "index": 2,
          "latitude": 50.1583,
          "longitude": 16.2667
        },
        {
          "index": 3,
          "latitude": 50.1583,
          "longitude": 16.0667
        },
        {
          "index": 4,
          "latitude": 50.2758,
          "longitude": 16.0167
        }
      ],
      "radius": 0.0,
      "shape": "POLYGON"
    },
    "handle": 2561164708,
    "identification": "LKTRA72",
    "name": "OPOCNO",
    "sun": {
      "astronomicalDawn": "2021-03-15T03:41:00Z",
      "astronomicalDusk": "2021-03-15T16:30:00Z",
      "civilDawn": "2021-03-15T04:13:00Z",
      "civilDusk": "2021-03-15T15:58:00Z",
      "date": "2021-03-14T23:00:00Z"
    },
    "thumbprint": "e9343a506a86e8591f17696d5bbacbf2049233e98d5bbcaf51e65340baa63743"
  },
  {
    "elevationRange": {
      "ceiling": {
        "origin": "FL",
        "units": "FEETS",
        "value": 12500.0
      },
      "floor": {
        "origin": "AMSL",
        "units": "FEETS",
        "value": 5000.0
      }
    },
    "geometry": {
      "coordinates": [
        {
          "index": 0,
          "latitude": 49.3888,
          "longitude": 15.5405
        },
        {
          "index": 1,
          "latitude": 49.3451,
          "longitude": 15.6975
        },
        {
          "index": 2,
          "latitude": 49.2742,
          "longitude": 15.4456
        },
        {
          "index": 3,
          "latitude": 49.3035,
          "longitude": 15.4437
        },
        {
          "index": 4,
          "latitude": 49.3888,
          "longitude": 15.5405
        }
      ],
      "radius": 0.0,
      "shape": "POLYGON"
    },
    "handle": 23579278,
    "identification": "LKTRA16",
    "name": "TREST",
    "sun": {
      "astronomicalDawn": "2021-03-15T03:43:00Z",
      "astronomicalDusk": "2021-03-15T16:32:00Z",
      "civilDawn": "2021-03-15T04:15:00Z",
      "civilDusk": "2021-03-15T16:00:00Z",
      "date": "2021-03-14T23:00:00Z"
    },
    "thumbprint": "f8a1a2f2d25b07ea4b2dc2c9fdec110cc700df23b8002f9056cf5e6dbb9251cc"
  },
  {
    "elevationRange": {
      "ceiling": {
        "origin": "AGL",
        "units": "FEETS",
        "value": 1000.0
      },
      "floor": {
        "origin": "GND",
        "units": "NONE",
        "value": 0.0
      }
    },
    "geometry": {
      "coordinates": [
        {
          "index": 0,
          "latitude": 50.2919,
          "longitude": 15.4769
        },
        {
          "index": 1,
          "latitude": 50.26,
          "longitude": 15.7144
        },
        {
          "index": 2,
          "latitude": 50.2236,
          "longitude": 15.7319
        },
        {
          "index": 3,
          "latitude": 50.1483,
          "longitude": 15.6419
        },
        {
          "index": 4,
          "latitude": 50.1509,
          "longitude": 15.4592
        },
        {
          "index": 5,
          "latitude": 50.2919,
          "longitude": 15.4769
        }
      ],
      "radius": 0.0,
      "shape": "POLYGON"
    },
    "handle": 3989181971,
    "identification": "LKTRA71",
    "name": "SMIDARY",
    "sun": {
      "astronomicalDawn": "2021-03-15T03:43:00Z",
      "astronomicalDusk": "2021-03-15T16:32:00Z",
      "civilDawn": "2021-03-15T04:15:00Z",
      "civilDusk": "2021-03-15T16:00:00Z",
      "date": "2021-03-14T23:00:00Z"
    },
    "thumbprint": "da74a182caa55d9ad6e70f32737bde93d0fd665167fa108daa78b921e8cc249f"
  },
  {
    "elevationRange": {
      "ceiling": {
        "origin": "FL",
        "units": "FEETS",
        "value": 9500.0
      },
      "floor": {
        "origin": "AMSL",
        "units": "FEETS",
        "value": 5000.0
      }
    },
    "geometry": {
      "coordinates": [
        {
          "index": 0,
          "latitude": 49.5997,
          "longitude": 17.3974
        },
        {
          "index": 1,
          "latitude": 49.578,
          "longitude": 17.4833
        },
        {
          "index": 2,
          "latitude": 49.5689,
          "longitude": 17.4139
        },
        {
          "index": 3,
          "latitude": 49.4621,
          "longitude": 17.2073
        },
        {
          "index": 4,
          "latitude": 49.4689,
          "longitude": 17.2033
        },
        {
          "index": 5,
          "latitude": 49.4765,
          "longitude": 17.1966
        },
        {
          "index": 6,
          "latitude": 49.4869,
          "longitude": 17.1816
        },
        {
          "index": 7,
          "latitude": 49.5997,
          "longitude": 17.3974
        }
      ],
      "radius": 0.0,
      "shape": "POLYGON"
    },
    "handle": 1300499180,
    "identification": "LKTRA91",
    "name": "GRYGOV",
    "sun": {
      "astronomicalDawn": "2021-03-15T03:36:00Z",
      "astronomicalDusk": "2021-03-15T16:25:00Z",
      "civilDawn": "2021-03-15T04:08:00Z",
      "civilDusk": "2021-03-15T15:53:00Z",
      "date": "2021-03-14T23:00:00Z"
    },
    "thumbprint": "aca70e6b764fc732efbbb719eb38d4448ac77587faffaf680f0a262bd39fe909"
  },
  {
    "elevationRange": {
      "ceiling": {
        "origin": "AMSL",
        "units": "FEETS",
        "value": 3000.0
      },
      "floor": {
        "origin": "GND",
        "units": "NONE",
        "value": 0.0
      }
    },
    "geometry": {
      "coordinates": [
        {
          "index": 0,
          "latitude": 50.3142,
          "longitude": 15.1594
        }
      ],
      "radius": 10186.0,
      "shape": "POINT"
    },
    "handle": 1113099441,
    "identification": "LKTRA61",
    "name": "KOPIDLNO",
    "sun": {
      "astronomicalDawn": "2021-03-15T03:45:00Z",
      "astronomicalDusk": "2021-03-15T16:34:00Z",
      "civilDawn": "2021-03-15T04:17:00Z",
      "civilDusk": "2021-03-15T16:01:00Z",
      "date": "2021-03-14T23:00:00Z"
    },
    "thumbprint": "096676d549d1f207b436ca48d9255f44b5a7eea540473db1575070de3269b9ce"
  },
  {
    "elevationRange": {
      "ceiling": {
        "origin": "FL",
        "units": "FEETS",
        "value": 12500.0
      },
      "floor": {
        "origin": "AGL",
        "units": "FEETS",
        "value": 1000.0
      }
    },
    "geometry": {
      "coordinates": [
        {
          "index": 0,
          "latitude": 50.3069,
          "longitude": 15.7423
        },
        {
          "index": 1,
          "latitude": 50.1468,
          "longitude": 15.7402
        },
        {
          "index": 2,
          "latitude": 50.1519,
          "longitude": 15.3811
        },
        {
          "index": 3,
          "latitude": 50.1858,
          "longitude": 15.3821
        },
        {
          "index": 4,
          "latitude": 50.3111,
          "longitude": 15.3857
        },
        {
          "index": 5,
          "latitude": 50.3069,
          "longitude": 15.7423
        }
      ],
      "radius": 0.0,
      "shape": "POLYGON"
    },
    "handle": 1940372096,
    "identification": "LKTRA56",
    "name": "NOVÝ BYDZOV",
    "sun": {
      "astronomicalDawn": "2021-03-15T03:43:00Z",
      "astronomicalDusk": "2021-03-15T16:32:00Z",
      "civilDawn": "2021-03-15T04:16:00Z",
      "civilDusk": "2021-03-15T16:00:00Z",
      "date": "2021-03-14T23:00:00Z"
    },
    "thumbprint": "c7d3d0d1219c203a51cb53aacdd7cbb5e4a6d20c4e82652ed627d934b32015bc"
  },
  {
    "elevationRange": {
      "ceiling": {
        "origin": "AMSL",
        "units": "FEETS",
        "value": 3000.0
      },
      "floor": {
        "origin": "GND",
        "units": "NONE",
        "value": 0.0
      }
    },
    "geometry": {
      "coordinates": [
        {
          "index": 0,
          "latitude": 49.0972,
          "longitude": 16.3797
        },
        {
          "index": 1,
          "latitude": 49.0045,
          "longitude": 16.5753
        },
        {
          "index": 2,
          "latitude": 48.8854,
          "longitude": 16.4
        },
        {
          "index": 3,
          "latitude": 49.0177,
          "longitude": 16.2936
        },
        {
          "index": 4,
          "latitude": 49.0972,
          "longitude": 16.3797
        }
      ],
      "radius": 0.0,
      "shape": "POLYGON"
    },
    "handle": 2121345567,
    "identification": "LKTRA10",
    "name": "POHORELICE",
    "sun": {
      "astronomicalDawn": "2021-03-15T03:40:00Z",
      "astronomicalDusk": "2021-03-15T16:28:00Z",
      "civilDawn": "2021-03-15T04:11:00Z",
      "civilDusk": "2021-03-15T15:57:00Z",
      "date": "2021-03-14T23:00:00Z"
    },
    "thumbprint": "bbd15d42fb4c09bac10b75c8b28d80fce1e890f5d61ab30a505749ca3cd77d61"
  },
  {
    "elevationRange": {
      "ceiling": {
        "origin": "FL",
        "units": "FEETS",
        "value": 12500.0
      },
      "floor": {
        "origin": "GND",
        "units": "NONE",
        "value": 0.0
      }
    },
    "geometry": {
      "coordinates": [
        {
          "index": 0,
          "latitude": 49.1858,
          "longitude": 15.7816
        },
        {
          "index": 1,
          "latitude": 49.1186,
          "longitude": 15.9202
        },
        {
          "index": 2,
          "latitude": 49.0124,
          "longitude": 15.7563
        },
        {
          "index": 3,
          "latitude": 49.1149,
          "longitude": 15.5344
        },
        {
          "index": 4,
          "latitude": 49.14,
          "longitude": 15.696
        },
        {
          "index": 5,
          "latitude": 49.1858,
          "longitude": 15.7816
        }
      ],
      "radius": 0.0,
      "shape": "POLYGON"
    },
    "handle": 3034752995,
    "identification": "LKTRA14",
    "name": "CASLAVICE",
    "sun": {
      "astronomicalDawn": "2021-03-15T03:43:00Z",
      "astronomicalDusk": "2021-03-15T16:31:00Z",
      "civilDawn": "2021-03-15T04:15:00Z",
      "civilDusk": "2021-03-15T15:59:00Z",
      "date": "2021-03-14T23:00:00Z"
    },
    "thumbprint": "21c0f3ef08937dd5419befa70c9c83787903f3e56c5b5396189c6f315532f36b"
  },
  {
    "elevationRange": {
      "ceiling": {
        "origin": "FL",
        "units": "FEETS",
        "value": 12500.0
      },
      "floor": {
        "origin": "AMSL",
        "units": "FEETS",
        "value": 3000.0
      }
    },
    "geometry": {
      "coordinates": [
        {
          "index": 0,
          "latitude": 50.277,
          "longitude": 15.929
        },
        {
          "index": 1,
          "latitude": 50.274,
          "longitude": 16.2078
        },
        {
          "index": 2,
          "latitude": 50.1088,
          "longitude": 16.3664
        },
        {
          "index": 3,
          "latitude": 50.1375,
          "longitude": 15.9682
        },
        {
          "index": 4,
          "latitude": 50.277,
          "longitude": 15.929
        }
      ],
      "radius": 0.0,
      "shape": "POLYGON"
    },
    "handle": 3200335393,
    "identification": "LKTRA57",
    "name": "VAMBERK",
    "sun": {
      "astronomicalDawn": "2021-03-15T03:41:00Z",
      "astronomicalDusk": "2021-03-15T16:29:00Z",
      "civilDawn": "2021-03-15T04:13:00Z",
      "civilDusk": "2021-03-15T15:57:00Z",
      "date": "2021-03-14T23:00:00Z"
    },
    "thumbprint": "26b4c020a4324e1e8892523d6d9129a81fb6cd9f73696b9a6fe1015728f6f7ea"
  },
  {
    "elevationRange": {
      "ceiling": {
        "origin": "FL",
        "units": "FEETS",
        "value": 12500.0
      },
      "floor": {
        "origin": "GND",
        "units": "NONE",
        "value": 0.0
      }
    },
    "geometry": {
      "coordinates": [
        {
          "index": 0,
          "latitude": 49.1186,
          "longitude": 15.9202
        },
        {
          "index": 1,
          "latitude": 49.0287,
          "longitude": 16.1055
        },
        {
          "index": 2,
          "latitude": 48.9114,
          "longitude": 15.9746
        },
        {
          "index": 3,
          "latitude": 49.0124,
          "longitude": 15.7563
        },
        {
          "index": 4,
          "latitude": 49.1186,
          "longitude": 15.9202
        }
      ],
      "radius": 0.0,
      "shape": "POLYGON"
    },
    "handle": 1599888918,
    "identification": "LKTRA13",
    "name": "JEVISOVICE",
    "sun": {
      "astronomicalDawn": "2021-03-15T03:42:00Z",
      "astronomicalDusk": "2021-03-15T16:30:00Z",
      "civilDawn": "2021-03-15T04:14:00Z",
      "civilDusk": "2021-03-15T15:59:00Z",
      "date": "2021-03-14T23:00:00Z"
    },
    "thumbprint": "6b932690383420dacdc97f5e1d1e5ae0157386fc8689acf0a3d63a2ba0d7bf29"
  },
  {
    "elevationRange": {
      "ceiling": {
        "origin": "FL",
        "units": "FEETS",
        "value": 12500.0
      },
      "floor": {
        "origin": "AGL",
        "units": "FEETS",
        "value": 300.0
      }
    },
    "geometry": {
      "coordinates": [
        {
          "index": 0,
          "latitude": 49.3451,
          "longitude": 15.6975
        },
        {
          "index": 1,
          "latitude": 49.3229,
          "longitude": 15.7776
        },
        {
          "index": 2,
          "latitude": 49.273,
          "longitude": 15.7071
        },
        {
          "index": 3,
          "latitude": 49.1858,
          "longitude": 15.7816
        },
        {
          "index": 4,
          "latitude": 49.14,
          "longitude": 15.696
        },
        {
          "index": 5,
          "latitude": 49.1149,
          "longitude": 15.5344
        },
        {
          "index": 6,
          "latitude": 49.185,
          "longitude": 15.4514
        },
        {
          "index": 7,
          "latitude": 49.2742,
          "longitude": 15.4456
        },
        {
          "index": 8,
          "latitude": 49.3451,
          "longitude": 15.6975
        }
      ],
      "radius": 0.0,
      "shape": "POLYGON"
    },
    "handle": 898598607,
    "identification": "LKTRA15",
    "name": "BRTNICE",
    "sun": {
      "astronomicalDawn": "2021-03-15T03:43:00Z",
      "astronomicalDusk": "2021-03-15T16:31:00Z",
      "civilDawn": "2021-03-15T04:15:00Z",
      "civilDusk": "2021-03-15T16:00:00Z",
      "date": "2021-03-14T23:00:00Z"
    },
    "thumbprint": "a9daad4565450e371ef337d9346d46230e9cf2853854a70c14eee509aba619fc"
  },
  {
    "elevationRange": {
      "ceiling": {
        "origin": "FL",
        "units": "FEETS",
        "value": 12500.0
      },
      "floor": {
        "origin": "GND",
        "units": "NONE",
        "value": 0.0
      }
    },
    "geometry": {
      "coordinates": [
        {
          "index": 0,
          "latitude": 49.0287,
          "longitude": 16.1055
        },
        {
          "index": 1,
          "latitude": 48.9649,
          "longitude": 16.2367
        },
        {
          "index": 2,
          "latitude": 48.9121,
          "longitude": 16.2564
        },
        {
          "index": 3,
          "latitude": 48.863,
          "longitude": 16.3638
        },
        {
          "index": 4,
          "latitude": 48.7934,
          "longitude": 16.2574
        },
        {
          "index": 5,
          "latitude": 48.8157,
          "longitude": 16.1811
        },
        {
          "index": 6,
          "latitude": 48.9114,
          "longitude": 15.9746
        },
        {
          "index": 7,
          "latitude": 49.0287,
          "longitude": 16.1055
        }
      ],
      "radius": 0.0,
      "shape": "POLYGON"
    },
    "handle": 2128584997,
    "identification": "LKTRA12",
    "name": "UNANOV",
    "sun": {
      "astronomicalDawn": "2021-03-15T03:41:00Z",
      "astronomicalDusk": "2021-03-15T16:29:00Z",
      "civilDawn": "2021-03-15T04:13:00Z",
      "civilDusk": "2021-03-15T15:58:00Z",
      "date": "2021-03-14T23:00:00Z"
    },
    "thumbprint": "4459b8dd391f278b1289ead2608dcaab88b8d8adad5e63e3dc2181f3d6dcc3cf"
  },
  {
    "elevationRange": {
      "ceiling": {
        "origin": "FL",
        "units": "FEETS",
        "value": 24500.0
      },
      "floor": {
        "origin": "AMSL",
        "units": "FEETS",
        "value": 3000.0
      }
    },
    "geometry": {
      "coordinates": [
        {
          "index": 0,
          "latitude": 50.4765,
          "longitude": 15.1698
        },
        {
          "index": 1,
          "latitude": 50.385,
          "longitude": 15.3878
        },
        {
          "index": 2,
          "latitude": 50.1858,
          "longitude": 15.3821
        },
        {
          "index": 3,
          "latitude": 50.1857,
          "longitude": 15.0567
        },
        {
          "index": 4,
          "latitude": 50.1856,
          "longitude": 14.9776
        },
        {
          "index": 5,
          "latitude": 50.1989,
          "longitude": 14.9733
        },
        {
          "index": 6,
          "latitude": 50.2076,
          "longitude": 14.9702
        },
        {
          "index": 7,
          "latitude": 50.2163,
          "longitude": 14.9667
        },
        {
          "index": 8,
          "latitude": 50.225,
          "longitude": 14.9631
        },
        {
          "index": 9,
          "latitude": 50.2359,
          "longitude": 14.958
        },
        {
          "index": 10,
          "latitude": 50.476,
          "longitude": 15.0011
        },
        {
          "index": 11,
          "latitude": 50.4765,
          "longitude": 15.1698
        }
      ],
      "radius": 0.0,
      "shape": "POLYGON"
    },
    "handle": 611149719,
    "identification": "LKTRA62",
    "name": "NYMBURK",
    "sun": {
      "astronomicalDawn": "2021-03-15T03:45:00Z",
      "astronomicalDusk": "2021-03-15T16:33:00Z",
      "civilDawn": "2021-03-15T04:17:00Z",
      "civilDusk": "2021-03-15T16:01:00Z",
      "date": "2021-03-14T23:00:00Z"
    },
    "thumbprint": "a2f5e99ba0c615f7efe868edc1008fce032c8928ca3bfb7a51e6cb29b87d2542"
  },
  {
    "elevationRange": {
      "ceiling": {
        "origin": "FL",
        "units": "FEETS",
        "value": 24500.0
      },
      "floor": {
        "origin": "AMSL",
        "units": "FEETS",
        "value": 5000.0
      }
    },
    "geometry": {
      "coordinates": [
        {
          "index": 0,
          "latitude": 49.7153,
          "longitude": 16.5868
        },
        {
          "index": 1,
          "latitude": 49.4592,
          "longitude": 16.7136
        },
        {
          "index": 2,
          "latitude": 49.425,
          "longitude": 16.551
        },
        {
          "index": 3,
          "latitude": 49.5124,
          "longitude": 16.1112
        },
        {
          "index": 4,
          "latitude": 49.5599,
          "longitude": 16.2219
        },
        {
          "index": 5,
          "latitude": 49.6271,
          "longitude": 16.3789
        },
        {
          "index": 6,
          "latitude": 49.7153,
          "longitude": 16.5868
        }
      ],
      "radius": 0.0,
      "shape": "POLYGON"
    },
    "handle": 4294889456,
    "identification": "LKTRA33",
    "name": "LETOVICE",
    "sun": {
      "astronomicalDawn": "2021-03-15T03:40:00Z",
      "astronomicalDusk": "2021-03-15T16:28:00Z",
      "civilDawn": "2021-03-15T04:12:00Z",
      "civilDusk": "2021-03-15T15:56:00Z",
      "date": "2021-03-14T23:00:00Z"
    },
    "thumbprint": "f09d2bf1a8afb74f9c10d27e5d64bf812d355920f19953f810f44f80becab77f"
  },
  {
    "elevationRange": {
      "ceiling": {
        "origin": "FL",
        "units": "FEETS",
        "value": 24500.0
      },
      "floor": {
        "origin": "FL",
        "units": "FEETS",
        "value": 9500.0
      }
    },
    "geometry": {
      "coordinates": [
        {
          "index": 0,
          "latitude": 49.1255,
          "longitude": 14.2025
        },
        {
          "index": 1,
          "latitude": 49.0966,
          "longitude": 14.4468
        },
        {
          "index": 2,
          "latitude": 49.0889,
          "longitude": 14.5104
        },
        {
          "index": 3,
          "latitude": 49.0518,
          "longitude": 14.754
        },
        {
          "index": 4,
          "latitude": 49.0519,
          "longitude": 14.8402
        },
        {
          "index": 5,
          "latitude": 48.8512,
          "longitude": 14.7426
        },
        {
          "index": 6,
          "latitude": 49.1255,
          "longitude": 14.2025
        }
      ],
      "radius": 0.0,
      "shape": "POLYGON"
    },
    "handle": 1142722228,
    "identification": "LKTRA79",
    "name": "HOSIN",
    "sun": {
      "astronomicalDawn": "2021-03-15T03:48:00Z",
      "astronomicalDusk": "2021-03-15T16:35:00Z",
      "civilDawn": "2021-03-15T04:20:00Z",
      "civilDusk": "2021-03-15T16:04:00Z",
      "date": "2021-03-14T23:00:00Z"
    },
    "thumbprint": "8bde197563ea368a9e30b1f63c57c231235ef3d71726ea7e5b3fd1a895dfeb91"
  },
  {
    "elevationRange": {
      "ceiling": {
        "origin": "FL",
        "units": "FEETS",
        "value": 9500.0
      },
      "floor": {
        "origin": "AGL",
        "units": "FEETS",
        "value": 1000.0
      }
    },
    "geometry": {
      "coordinates": [
        {
          "index": 0,
          "latitude": 49.1255,
          "longitude": 14.2025
        },
        {
          "index": 1,
          "latitude": 49.0966,
          "longitude": 14.4468
        },
        {
          "index": 2,
          "latitude": 49.0498,
          "longitude": 14.3527
        },
        {
          "index": 3,
          "latitude": 48.8091,
          "longitude": 14.2714
        },
        {
          "index": 4,
          "latitude": 48.9166,
          "longitude": 14.1324
        },
        {
          "index": 5,
          "latitude": 48.9116,
          "longitude": 13.8927
        },
        {
          "index": 6,
          "latitude": 49.0678,
          "longitude": 14.2035
        },
        {
          "index": 7,
          "latitude": 49.1255,
          "longitude": 14.2025
        }
      ],
      "radius": 0.0,
      "shape": "POLYGON"
    },
    "handle": 2953722366,
    "identification": "LKTRA74",
    "name": "VOLARY",
    "sun": {
      "astronomicalDawn": "2021-03-15T03:50:00Z",
      "astronomicalDusk": "2021-03-15T16:37:00Z",
      "civilDawn": "2021-03-15T04:21:00Z",
      "civilDusk": "2021-03-15T16:05:00Z",
      "date": "2021-03-14T23:00:00Z"
    },
    "thumbprint": "2ec5e4bcaa9ca05d50fea279e7a9d40049127987330d709dc5ada1c294c450f1"
  },
  {
    "elevationRange": {
      "ceiling": {
        "origin": "FL",
        "units": "FEETS",
        "value": 24500.0
      },
      "floor": {
        "origin": "AGL",
        "units": "FEETS",
        "value": 1000.0
      }
    },
    "geometry": {
      "coordinates": [
        {
          "index": 0,
          "latitude": 49.7693,
          "longitude": 15.8496
        },
        {
          "index": 1,
          "latitude": 49.6271,
          "longitude": 16.3789
        },
        {
          "index": 2,
          "latitude": 49.5599,
          "longitude": 16.2219
        },
        {
          "index": 3,
          "latitude": 49.5124,
          "longitude": 16.1112
        },
        {
          "index": 4,
          "latitude": 49.6091,
          "longitude": 15.6571
        },
        {
          "index": 5,
          "latitude": 49.6808,
          "longitude": 15.7431
        },
        {
          "index": 6,
          "latitude": 49.7693,
          "longitude": 15.8496
        }
      ],
      "radius": 0.0,
      "shape": "POLYGON"
    },
    "handle": 801387856,
    "identification": "LKTRA31",
    "name": "ŽĎÁR NAD SÁZAVOU",
    "sun": {
      "astronomicalDawn": "2021-03-15T03:42:00Z",
      "astronomicalDusk": "2021-03-15T16:29:00Z",
      "civilDawn": "2021-03-15T04:14:00Z",
      "civilDusk": "2021-03-15T15:57:00Z",
      "date": "2021-03-14T23:00:00Z"
    },
    "thumbprint": "d75e3e746e347750215988716dbf29f0a17cdf488ba806b330ce65934f2448a0"
  },
  {
    "elevationRange": {
      "ceiling": {
        "origin": "FL",
        "units": "FEETS",
        "value": 7500.0
      },
      "floor": {
        "origin": "AGL",
        "units": "FEETS",
        "value": 1000.0
      }
    },
    "geometry": {
      "coordinates": [
        {
          "index": 0,
          "latitude": 49.6991,
          "longitude": 14.2277
        },
        {
          "index": 1,
          "latitude": 49.6411,
          "longitude": 14.301
        },
        {
          "index": 2,
          "latitude": 49.3325,
          "longitude": 13.8991
        },
        {
          "index": 3,
          "latitude": 49.4646,
          "longitude": 13.6831
        },
        {
          "index": 4,
          "latitude": 49.6991,
          "longitude": 14.2277
        }
      ],
      "radius": 0.0,
      "shape": "POLYGON"
    },
    "handle": 3722399441,
    "identification": "LKTRA76",
    "name": "BLATNA",
    "sun": {
      "astronomicalDawn": "2021-03-15T03:50:00Z",
      "astronomicalDusk": "2021-03-15T16:38:00Z",
      "civilDawn": "2021-03-15T04:22:00Z",
      "civilDusk": "2021-03-15T16:06:00Z",
      "date": "2021-03-14T23:00:00Z"
    },
    "thumbprint": "e4131234698cad8e20c620d42e746fcd41e6b3d8a0222d1a4afed30ff8c944c7"
  },
  {
    "elevationRange": {
      "ceiling": {
        "origin": "FL",
        "units": "FEETS",
        "value": 24500.0
      },
      "floor": {
        "origin": "AMSL",
        "units": "FEETS",
        "value": 5000.0
      }
    },
    "geometry": {
      "coordinates": [
        {
          "index": 0,
          "latitude": 49.8708,
          "longitude": 16.3133
        },
        {
          "index": 1,
          "latitude": 49.8932,
          "longitude": 16.498
        },
        {
          "index": 2,
          "latitude": 49.7153,
          "longitude": 16.5868
        },
        {
          "index": 3,
          "latitude": 49.6271,
          "longitude": 16.3789
        },
        {
          "index": 4,
          "latitude": 49.7693,
          "longitude": 15.8496
        },
        {
          "index": 5,
          "latitude": 49.8441,
          "longitude": 15.7083
        },
        {
          "index": 6,
          "latitude": 49.8708,
          "longitude": 16.3133
        }
      ],
      "radius": 0.0,
      "shape": "POLYGON"
    },
    "handle": 2379654856,
    "identification": "LKTRA32",
    "name": "PROSEČ",
    "sun": {
      "astronomicalDawn": "2021-03-15T03:42:00Z",
      "astronomicalDusk": "2021-03-15T16:28:00Z",
      "civilDawn": "2021-03-15T04:14:00Z",
      "civilDusk": "2021-03-15T15:56:00Z",
      "date": "2021-03-14T23:00:00Z"
    },
    "thumbprint": "bb8c5d55a4f1cec840d62f04b38ffa64e7d3a4c716b643a2ef4fba27f10570e8"
  },
  {
    "elevationRange": {
      "ceiling": {
        "origin": "FL",
        "units": "FEETS",
        "value": 24500.0
      },
      "floor": {
        "origin": "AGL",
        "units": "FEETS",
        "value": 1000.0
      }
    },
    "geometry": {
      "coordinates": [
        {
          "index": 0,
          "latitude": 49.3947,
          "longitude": 14.6118
        },
        {
          "index": 1,
          "latitude": 49.166,
          "longitude": 14.8963
        },
        {
          "index": 2,
          "latitude": 49.0519,
          "longitude": 14.8402
        },
        {
          "index": 3,
          "latitude": 49.0518,
          "longitude": 14.754
        },
        {
          "index": 4,
          "latitude": 49.0889,
          "longitude": 14.5104
        },
        {
          "index": 5,
          "latitude": 49.0966,
          "longitude": 14.4468
        },
        {
          "index": 6,
          "latitude": 49.1255,
          "longitude": 14.2025
        },
        {
          "index": 7,
          "latitude": 49.3947,
          "longitude": 14.6118
        }
      ],
      "radius": 0.0,
      "shape": "POLYGON"
    },
    "handle": 4282478410,
    "identification": "LKTRA78",
    "name": "SOBĚSLAV",
    "sun": {
      "astronomicalDawn": "2021-03-15T03:48:00Z",
      "astronomicalDusk": "2021-03-15T16:35:00Z",
      "civilDawn": "2021-03-15T04:20:00Z",
      "civilDusk": "2021-03-15T16:03:00Z",
      "date": "2021-03-14T23:00:00Z"
    },
    "thumbprint": "b8da176e06ecc26d9b5e2bfd2d582d5836d39504313988ef15c64ff1b2c8f45c"
  },
  {
    "elevationRange": {
      "ceiling": {
        "origin": "FL",
        "units": "FEETS",
        "value": 66000.0
      },
      "floor": {
        "origin": "FL",
        "units": "FEETS",
        "value": 24500.0
      }
    },
    "geometry": {
      "coordinates": [
        {
          "index": 0,
          "latitude": 49.9663,
          "longitude": 15.0481
        },
        {
          "index": 1,
          "latitude": 49.9762,
          "longitude": 15.2954
        },
        {
          "index": 2,
          "latitude": 49.6808,
          "longitude": 15.7431
        },
        {
          "index": 3,
          "latitude": 49.6091,
          "longitude": 15.6571
        },
        {
          "index": 4,
          "latitude": 49.8349,
          "longitude": 15.1319
        },
        {
          "index": 5,
          "latitude": 49.9663,
          "longitude": 15.0481
        }
      ],
      "radius": 0.0,
      "shape": "POLYGON"
    },
    "handle": 3153098554,
    "identification": "LKTRA38",
    "name": "HABRY",
    "sun": {
      "astronomicalDawn": "2021-03-15T03:45:00Z",
      "astronomicalDusk": "2021-03-15T16:32:00Z",
      "civilDawn": "2021-03-15T04:17:00Z",
      "civilDusk": "2021-03-15T16:00:00Z",
      "date": "2021-03-14T23:00:00Z"
    },
    "thumbprint": "f6484c3d0122b02d3b3551d1e241182cf054896ae57fcc39a2937f91467f05cf"
  },
  {
    "elevationRange": {
      "ceiling": {
        "origin": "FL",
        "units": "FEETS",
        "value": 12500.0
      },
      "floor": {
        "origin": "FL",
        "units": "FEETS",
        "value": 9500.0
      }
    },
    "geometry": {
      "coordinates": [
        {
          "index": 0,
          "latitude": 50.1519,
          "longitude": 15.3811
        },
        {
          "index": 1,
          "latitude": 50.1468,
          "longitude": 15.7402
        },
        {
          "index": 2,
          "latitude": 50.1375,
          "longitude": 15.9682
        },
        {
          "index": 3,
          "latitude": 50.1088,
          "longitude": 16.3664
        },
        {
          "index": 4,
          "latitude": 49.8708,
          "longitude": 16.3133
        },
        {
          "index": 5,
          "latitude": 49.8441,
          "longitude": 15.7083
        },
        {
          "index": 6,
          "latitude": 49.9299,
          "longitude": 15.5866
        },
        {
          "index": 7,
          "latitude": 50.0563,
          "longitude": 15.4071
        },
        {
          "index": 8,
          "latitude": 50.1519,
          "longitude": 15.3811
        }
      ],
      "radius": 0.0,
      "shape": "POLYGON"
    },
    "handle": 1293383526,
    "identification": "LKTRA63",
    "name": "PARDUBICE",
    "sun": {
      "astronomicalDawn": "2021-03-15T03:43:00Z",
      "astronomicalDusk": "2021-03-15T16:29:00Z",
      "civilDawn": "2021-03-15T04:15:00Z",
      "civilDusk": "2021-03-15T15:57:00Z",
      "date": "2021-03-14T23:00:00Z"
    },
    "thumbprint": "510c89be11ae223c261a4e5ce233b3d361ef011ee70c1b400546e7beac6f0fb2"
  },
  {
    "elevationRange": {
      "ceiling": {
        "origin": "FL",
        "units": "FEETS",
        "value": 24500.0
      },
      "floor": {
        "origin": "FL",
        "units": "FEETS",
        "value": 9500.0
      }
    },
    "geometry": {
      "coordinates": [
        {
          "index": 0,
          "latitude": 50.1649,
          "longitude": 16.4533
        },
        {
          "index": 1,
          "latitude": 50.0382,
          "longitude": 16.6975
        },
        {
          "index": 2,
          "latitude": 50.183,
          "longitude": 17.0482
        },
        {
          "index": 3,
          "latitude": 49.9833,
          "longitude": 17.2667
        },
        {
          "index": 4,
          "latitude": 49.8932,
          "longitude": 16.498
        },
        {
          "index": 5,
          "latitude": 49.8708,
          "longitude": 16.3133
        },
        {
          "index": 6,
          "latitude": 50.1088,
          "longitude": 16.3664
        },
        {
          "index": 7,
          "latitude": 50.1649,
          "longitude": 16.4533
        }
      ],
      "radius": 0.0,
      "shape": "POLYGON"
    },
    "handle": 3254523524,
    "identification": "LKTRA35",
    "name": "ŠUMPERK",
    "sun": {
      "astronomicalDawn": "2021-03-15T03:40:00Z",
      "astronomicalDusk": "2021-03-15T16:26:00Z",
      "civilDawn": "2021-03-15T04:12:00Z",
      "civilDusk": "2021-03-15T15:54:00Z",
      "date": "2021-03-14T23:00:00Z"
    },
    "thumbprint": "678576e69930276488245e4ac12ea0c801e7ef18f1e1cdd2101f41eede74935b"
  },
  {
    "elevationRange": {
      "ceiling": {
        "origin": "FL",
        "units": "FEETS",
        "value": 24500.0
      },
      "floor": {
        "origin": "AGL",
        "units": "FEETS",
        "value": 1000.0
      }
    },
    "geometry": {
      "coordinates": [
        {
          "index": 0,
          "latitude": 49.6411,
          "longitude": 14.301
        },
        {
          "index": 1,
          "latitude": 49.3947,
          "longitude": 14.6118
        },
        {
          "index": 2,
          "latitude": 49.2276,
          "longitude": 14.358
        },
        {
          "index": 3,
          "latitude": 49.1255,
          "longitude": 14.2025
        },
        {
          "index": 4,
          "latitude": 49.3325,
          "longitude": 13.8991
        },
        {
          "index": 5,
          "latitude": 49.6411,
          "longitude": 14.301
        }
      ],
      "radius": 0.0,
      "shape": "POLYGON"
    },
    "handle": 2224430976,
    "identification": "LKTRA77",
    "name": "MILEVSKO",
    "sun": {
      "astronomicalDawn": "2021-03-15T03:49:00Z",
      "astronomicalDusk": "2021-03-15T16:36:00Z",
      "civilDawn": "2021-03-15T04:21:00Z",
      "civilDusk": "2021-03-15T16:04:00Z",
      "date": "2021-03-14T23:00:00Z"
    },
    "thumbprint": "dd9c5c8d91e303ed2f7f4f7e2044f35812d1b3957669ddcfab790f65bd336797"
  },
  {
    "elevationRange": {
      "ceiling": {
        "origin": "FL",
        "units": "FEETS",
        "value": 12500.0
      },
      "floor": {
        "origin": "FL",
        "units": "FEETS",
        "value": 9500.0
      }
    },
    "geometry": {
      "coordinates": [
        {
          "index": 0,
          "latitude": 49.3229,
          "longitude": 15.7776
        },
        {
          "index": 1,
          "latitude": 49.2841,
          "longitude": 15.9165
        },
        {
          "index": 2,
          "latitude": 49.2277,
          "longitude": 16.1474
        },
        {
          "index": 3,
          "latitude": 49.1589,
          "longitude": 16.3872
        },
        {
          "index": 4,
          "latitude": 49.0358,
          "longitude": 16.6213
        },
        {
          "index": 5,
          "latitude": 49.0045,
          "longitude": 16.5753
        },
        {
          "index": 6,
          "latitude": 48.8854,
          "longitude": 16.4
        },
        {
          "index": 7,
          "latitude": 48.9649,
          "longitude": 16.2367
        },
        {
          "index": 8,
          "latitude": 49.0287,
          "longitude": 16.1055
        },
        {
          "index": 9,
          "latitude": 49.1186,
          "longitude": 15.9202
        },
        {
          "index": 10,
          "latitude": 49.1858,
          "longitude": 15.7816
        },
        {
          "index": 11,
          "latitude": 49.273,
          "longitude": 15.7071
        },
        {
          "index": 12,
          "latitude": 49.3229,
          "longitude": 15.7776
        }
      ],
      "radius": 0.0,
      "shape": "POLYGON"
    },
    "handle": 1764123730,
    "identification": "LKTRA18",
    "name": "NAMEST",
    "sun": {
      "astronomicalDawn": "2021-03-15T03:42:00Z",
      "astronomicalDusk": "2021-03-15T16:28:00Z",
      "civilDawn": "2021-03-15T04:14:00Z",
      "civilDusk": "2021-03-15T15:57:00Z",
      "date": "2021-03-14T23:00:00Z"
    },
    "thumbprint": "20265e7d17a43d75fa75be413e9aca654227bb579fb0fa30f273c37d4c0fda4e"
  },
  {
    "elevationRange": {
      "ceiling": {
        "origin": "FL",
        "units": "FEETS",
        "value": 24500.0
      },
      "floor": {
        "origin": "FL",
        "units": "FEETS",
        "value": 9500.0
      }
    },
    "geometry": {
      "coordinates": [
        {
          "index": 0,
          "latitude": 50.1858,
          "longitude": 15.3821
        },
        {
          "index": 1,
          "latitude": 50.1519,
          "longitude": 15.3811
        },
        {
          "index": 2,
          "latitude": 50.0563,
          "longitude": 15.4071
        },
        {
          "index": 3,
          "latitude": 49.9299,
          "longitude": 15.5866
        },
        {
          "index": 4,
          "latitude": 49.8441,
          "longitude": 15.7083
        },
        {
          "index": 5,
          "latitude": 49.7693,
          "longitude": 15.8496
        },
        {
          "index": 6,
          "latitude": 49.6808,
          "longitude": 15.7431
        },
        {
          "index": 7,
          "latitude": 49.6091,
          "longitude": 15.6571
        },
        {
          "index": 8,
          "latitude": 49.8349,
          "longitude": 15.1319
        },
        {
          "index": 9,
          "latitude": 49.9663,
          "longitude": 15.0481
        },
        {
          "index": 10,
          "latitude": 50.1857,
          "longitude": 15.0567
        },
        {
          "index": 11,
          "latitude": 50.1858,
          "longitude": 15.3821
        }
      ],
      "radius": 0.0,
      "shape": "POLYGON"
    },
    "handle": 3216478482,
    "identification": "LKTRA30",
    "name": "ČÁSLAV",
    "sun": {
      "astronomicalDawn": "2021-03-15T03:45:00Z",
      "astronomicalDusk": "2021-03-15T16:31:00Z",
      "civilDawn": "2021-03-15T04:17:00Z",
      "civilDusk": "2021-03-15T15:59:00Z",
      "date": "2021-03-14T23:00:00Z"
    },
    "thumbprint": "4ca0603daa4c93c729a58b718d4d337221ed78b311d3c237b24b47893cf619ac"
  },
  {
    "elevationRange": {
      "ceiling": {
        "origin": "FL",
        "units": "FEETS",
        "value": 24500.0
      },
      "floor": {
        "origin": "FL",
        "units": "FEETS",
        "value": 12500.0
      }
    },
    "geometry": {
      "coordinates": [
        {
          "index": 0,
          "latitude": 50.385,
          "longitude": 15.3878
        },
        {
          "index": 1,
          "latitude": 50.1375,
          "longitude": 15.9682
        },
        {
          "index": 2,
          "latitude": 50.1088,
          "longitude": 16.3664
        },
        {
          "index": 3,
          "latitude": 49.8708,
          "longitude": 16.3133
        },
        {
          "index": 4,
          "latitude": 49.8441,
          "longitude": 15.7083
        },
        {
          "index": 5,
          "latitude": 49.9299,
          "longitude": 15.5866
        },
        {
          "index": 6,
          "latitude": 50.0563,
          "longitude": 15.4071
        },
        {
          "index": 7,
          "latitude": 50.1519,
          "longitude": 15.3811
        },
        {
          "index": 8,
          "latitude": 50.1858,
          "longitude": 15.3821
        },
        {
          "index": 9,
          "latitude": 50.385,
          "longitude": 15.3878
        }
      ],
      "radius": 0.0,
      "shape": "POLYGON"
    },
    "handle": 769055331,
    "identification": "LKTRA36",
    "name": "HOLICE",
    "sun": {
      "astronomicalDawn": "2021-03-15T03:43:00Z",
      "astronomicalDusk": "2021-03-15T16:29:00Z",
      "civilDawn": "2021-03-15T04:16:00Z",
      "civilDusk": "2021-03-15T15:57:00Z",
      "date": "2021-03-14T23:00:00Z"
    },
    "thumbprint": "1c30254cbd31b26be5c01fda5196041243a739e71af5bef37ffe8ba92bbf4ce5"
  },
  {
    "elevationRange": {
      "ceiling": {
        "origin": "FL",
        "units": "FEETS",
        "value": 24500.0
      },
      "floor": {
        "origin": "AMSL",
        "units": "FEETS",
        "value": 5000.0
      }
    },
    "geometry": {
      "coordinates": [
        {
          "index": 0,
          "latitude": 49.8932,
          "longitude": 16.498
        },
        {
          "index": 1,
          "latitude": 49.9833,
          "longitude": 17.2667
        },
        {
          "index": 2,
          "latitude": 49.7766,
          "longitude": 17.541
        },
        {
          "index": 3,
          "latitude": 49.7422,
          "longitude": 17.4433
        },
        {
          "index": 4,
          "latitude": 49.6251,
          "longitude": 17.4058
        },
        {
          "index": 5,
          "latitude": 49.5997,
          "longitude": 17.3974
        },
        {
          "index": 6,
          "latitude": 49.4931,
          "longitude": 16.8764
        },
        {
          "index": 7,
          "latitude": 49.4592,
          "longitude": 16.7136
        },
        {
          "index": 8,
          "latitude": 49.7153,
          "longitude": 16.5868
        },
        {
          "index": 9,
          "latitude": 49.8932,
          "longitude": 16.498
        }
      ],
      "radius": 0.0,
      "shape": "POLYGON"
    },
    "handle": 3404384475,
    "identification": "LKTRA34",
    "name": "MOHELNICE",
    "sun": {
      "astronomicalDawn": "2021-03-15T03:39:00Z",
      "astronomicalDusk": "2021-03-15T16:25:00Z",
      "civilDawn": "2021-03-15T04:11:00Z",
      "civilDusk": "2021-03-15T15:53:00Z",
      "date": "2021-03-14T23:00:00Z"
    },
    "thumbprint": "ad7ebc248845e7d959f7553d0dc03d0e292434779d130e914aabd187f9de2a4c"
  },
  {
    "elevationRange": {
      "ceiling": {
        "origin": "FL",
        "units": "FEETS",
        "value": 24500.0
      },
      "floor": {
        "origin": "FL",
        "units": "FEETS",
        "value": 12500.0
      }
    },
    "geometry": {
      "coordinates": [
        {
          "index": 0,
          "latitude": 49.3888,
          "longitude": 15.5405
        },
        {
          "index": 1,
          "latitude": 49.3451,
          "longitude": 15.6975
        },
        {
          "index": 2,
          "latitude": 49.3229,
          "longitude": 15.7776
        },
        {
          "index": 3,
          "latitude": 49.2841,
          "longitude": 15.9165
        },
        {
          "index": 4,
          "latitude": 49.2277,
          "longitude": 16.1474
        },
        {
          "index": 5,
          "latitude": 49.0177,
          "longitude": 16.2936
        },
        {
          "index": 6,
          "latitude": 48.8854,
          "longitude": 16.4
        },
        {
          "index": 7,
          "latitude": 48.863,
          "longitude": 16.3638
        },
        {
          "index": 8,
          "latitude": 48.7934,
          "longitude": 16.2574
        },
        {
          "index": 9,
          "latitude": 48.8157,
          "longitude": 16.1811
        },
        {
          "index": 10,
          "latitude": 48.9114,
          "longitude": 15.9746
        },
        {
          "index": 11,
          "latitude": 49.0124,
          "longitude": 15.7563
        },
        {
          "index": 12,
          "latitude": 49.1149,
          "longitude": 15.5344
        },
        {
          "index": 13,
          "latitude": 49.185,
          "longitude": 15.4514
        },
        {
          "index": 14,
          "latitude": 49.2742,
          "longitude": 15.4456
        },
        {
          "index": 15,
          "latitude": 49.3035,
          "longitude": 15.4437
        },
        {
          "index": 16,
          "latitude": 49.3888,
          "longitude": 15.5405
        }
      ],
      "radius": 0.0,
      "shape": "POLYGON"
    },
    "handle": 1355807553,
    "identification": "LKTRA19",
    "name": "TREBIC",
    "sun": {
      "astronomicalDawn": "2021-03-15T03:43:00Z",
      "astronomicalDusk": "2021-03-15T16:29:00Z",
      "civilDawn": "2021-03-15T04:15:00Z",
      "civilDusk": "2021-03-15T15:57:00Z",
      "date": "2021-03-14T23:00:00Z"
    },
    "thumbprint": "b3a4863d6a7c8167ab86657691e47265bd27d76073b3fc2fb4002f182b3d4dcd"
  },
  {
    "elevationRange": {
      "ceiling": {
        "origin": "FL",
        "units": "FEETS",
        "value": 24500.0
      },
      "floor": {
        "origin": "FL",
        "units": "FEETS",
        "value": 9500.0
      }
    },
    "geometry": {
      "coordinates": [
        {
          "index": 0,
          "latitude": 49.3325,
          "longitude": 13.8991
        },
        {
          "index": 1,
          "latitude": 49.1255,
          "longitude": 14.2025
        },
        {
          "index": 2,
          "latitude": 48.8512,
          "longitude": 14.7426
        },
        {
          "index": 3,
          "latitude": 48.8091,
          "longitude": 14.2714
        },
        {
          "index": 4,
          "latitude": 48.9166,
          "longitude": 14.1324
        },
        {
          "index": 5,
          "latitude": 48.9116,
          "longitude": 13.8927
        },
        {
          "index": 6,
          "latitude": 49.0535,
          "longitude": 13.5612
        },
        {
          "index": 7,
          "latitude": 49.3325,
          "longitude": 13.8991
        }
      ],
      "radius": 0.0,
      "shape": "POLYGON"
    },
    "handle": 3653028924,
    "identification": "LKTRA75",
    "name": "PRACHATICE",
    "sun": {
      "astronomicalDawn": "2021-03-15T03:51:00Z",
      "astronomicalDusk": "2021-03-15T16:36:00Z",
      "civilDawn": "2021-03-15T04:22:00Z",
      "civilDusk": "2021-03-15T16:04:00Z",
      "date": "2021-03-14T23:00:00Z"
    },
    "thumbprint": "ac4b52a3b49508e2fd1ce47a42c419c6a7c612ef189dffc85541ff7110d61a07"
  },
  {
    "elevationRange": {
      "ceiling": {
        "origin": "FL",
        "units": "FEETS",
        "value": 66000.0
      },
      "floor": {
        "origin": "FL",
        "units": "FEETS",
        "value": 9500.0
      }
    },
    "geometry": {
      "coordinates": [
        {
          "index": 0,
          "latitude": 50.7264,
          "longitude": 15.5049
        },
        {
          "index": 1,
          "latitude": 50.5393,
          "longitude": 16.041
        },
        {
          "index": 2,
          "latitude": 50.5316,
          "longitude": 16.1488
        },
        {
          "index": 3,
          "latitude": 50.442,
          "longitude": 16.0961
        },
        {
          "index": 4,
          "latitude": 50.3589,
          "longitude": 16.1717
        },
        {
          "index": 5,
          "latitude": 50.1649,
          "longitude": 16.4533
        },
        {
          "index": 6,
          "latitude": 50.1088,
          "longitude": 16.3664
        },
        {
          "index": 7,
          "latitude": 50.1375,
          "longitude": 15.9682
        },
        {
          "index": 8,
          "latitude": 50.385,
          "longitude": 15.3878
        },
        {
          "index": 9,
          "latitude": 50.4765,
          "longitude": 15.1698
        },
        {
          "index": 10,
          "latitude": 50.5666,
          "longitude": 15.0492
        },
        {
          "index": 11,
          "latitude": 50.6089,
          "longitude": 15.0953
        },
        {
          "index": 12,
          "latitude": 50.7264,
          "longitude": 15.5049
        }
      ],
      "radius": 0.0,
      "shape": "POLYGON"
    },
    "handle": 1968737650,
    "identification": "LKTRA37",
    "name": "NOVÁ PAKA",
    "sun": {
      "astronomicalDawn": "2021-03-15T03:44:00Z",
      "astronomicalDusk": "2021-03-15T16:29:00Z",
      "civilDawn": "2021-03-15T04:17:00Z",
      "civilDusk": "2021-03-15T15:57:00Z",
      "date": "2021-03-14T23:00:00Z"
    },
    "thumbprint": "a14106cf3bc36f1caae7ce7386ac0204bb00781a04b4ac0241cdbff914dde665"
  }
]