[
  {
    "coordinate": {
      "index": 0,
      "latitude": 49.93,
      "longitude": 15.2335
    },
    "handle": 3144120024,
    "identification": "LKCVA",
    "link": "LKCV",
    "name": "LKCV ALFA",
    "sun": {
      "astronomicalDawn": "2021-03-15T03:44:00Z",
      "astronomicalDusk": "2021-03-15T16:34:00Z",
      "civilDawn": "2021-03-15T04:16:00Z",
      "civilDusk": "2021-03-15T16:02:00Z",
      "date": "2021-03-14T23:00:00Z"
    },
    "thumbprint": "7ea9fb33d9d1e2314a1e0957a6dc0ce0193d3779b4b4a8a604e81160d72ae152"
  },
  {
    "coordinate": {
      "index": 0,
      "latitude": 49.9014,
      "longitude": 15.9358
    },
    "handle": 1762446061,
    "identification": "LKPDS",
    "link": "LKPD",
    "name": "LKPD SIERRA",
    "sun": {
      "astronomicalDawn": "2021-03-15T03:41:00Z",
      "astronomicalDusk": "2021-03-15T16:31:00Z",
      "civilDawn": "2021-03-15T04:13:00Z",
      "civilDusk": "2021-03-15T15:59:00Z",
      "date": "2021-03-14T23:00:00Z"
    },
    "thumbprint": "19623762d9297e0b12f63e71843306c166fd26315f269f05d2ce40e363f5cd0b"
  },
  {
    "coordinate": {
      "index": 0,
      "latitude": 49.1939,
      "longitude": 16.22
    },
    "handle": 3601950614,
    "identification": "LKNAB",
    "link": "LKNA",
    "name": "LKNA BRAVO",
    "sun": {
      "astronomicalDawn": "2021-03-15T03:40:00Z",
      "astronomicalDusk": "2021-03-15T16:30:00Z",
      "civilDawn": "2021-03-15T04:12:00Z",
      "civilDusk": "2021-03-15T15:58:00Z",
      "date": "2021-03-14T23:00:00Z"
    },
    "thumbprint": "f9d9473bd6724f52000b66b80a90dde5111bf83e157825cd8898fe5f63c57d36"
  },
  {
    "coordinate": {
      "index": 0,
      "latitude": 49.1397,
      "longitude": 16.0625
    },
    "handle": 1991119849,
    "identification": "LKNAA",
    "link": "LKNA",
    "name": "LKNA ALFA",
    "sun": {
      "astronomicalDawn": "2021-03-15T03:41:00Z",
      "astronomicalDusk": "2021-03-15T16:30:00Z",
      "civilDawn": "2021-03-15T04:12:00Z",
      "civilDusk": "2021-03-15T15:59:00Z",
      "date": "2021-03-14T23:00:00Z"
    },
    "thumbprint": "4dccf8a982c34848876353d5eeb78127f7757a243102a9d21953043ed16a1ece"
  },
  {
    "coordinate": {
      "index": 0,
      "latitude": 49.8627,
      "longitude": 15.0666
    },
    "handle": 1253798726,
    "identification": "LKCVJ",
    "link": "LKCV",
    "name": "LKCV JANO",
    "sun": {
      "astronomicalDawn": "2021-03-15T03:45:00Z",
      "astronomicalDusk": "2021-03-15T16:35:00Z",
      "civilDawn": "2021-03-15T04:17:00Z",
      "civilDusk": "2021-03-15T16:03:00Z",
      "date": "2021-03-14T23:00:00Z"
    },
    "thumbprint": "f1e1f255fc91b4eb0b049aad338e94c3a676e7992fbb0a814cd127e2b8de5088"
  },
  {
    "coordinate": {
      "index": 0,
      "latitude": 50.1653,
      "longitude": 15.795
    },
    "handle": 1821634349,
    "identification": "LKHKO",
    "link": "LKHK",
    "name": "LKHK OPAT",
    "sun": {
      "astronomicalDawn": "2021-03-15T03:42:00Z",
      "astronomicalDusk": "2021-03-15T16:32:00Z",
      "civilDawn": "2021-03-15T04:14:00Z",
      "civilDusk": "2021-03-15T16:00:00Z",
      "date": "2021-03-14T23:00:00Z"
    },
    "thumbprint": "083464fca6c7bae80b291efb352fd365e499d5c9704439a45bfa7af7d2f9b765"
  },
  {
    "coordinate": {
      "index": 0,
      "latitude": 50.3333,
      "longitude": 15.7242
    },
    "handle": 2736696575,
    "identification": "LKHKE",
    "link": "LKHK",
    "name": "LKHK CEPRO",
    "sun": {
      "astronomicalDawn": "2021-03-15T03:42:00Z",
      "astronomicalDusk": "2021-03-15T16:32:00Z",
      "civilDawn": "2021-03-15T04:14:00Z",
      "civilDusk": "2021-03-15T16:00:00Z",
      "date": "2021-03-14T23:00:00Z"
    },
    "thumbprint": "f045c17066c88830f5219cab3470b33fca4209db9a21a291360b32de5a4bc1cf"
  },
  {
    "coordinate": {
      "index": 0,
      "latitude": 50.2631,
      "longitude": 15.9322
    },
    "handle": 2549014224,
    "identification": "LKHKC",
    "link": "LKHK",
    "name": "LKHK CELOV",
    "sun": {
      "astronomicalDawn": "2021-03-15T03:41:00Z",
      "astronomicalDusk": "2021-03-15T16:31:00Z",
      "civilDawn": "2021-03-15T04:13:00Z",
      "civilDusk": "2021-03-15T15:59:00Z",
      "date": "2021-03-14T23:00:00Z"
    },
    "thumbprint": "20739b3a86f61df1ab69a7516c3480cd688b50471b561275b8ec07abbce8d9d5"
  },
  {
    "coordinate": {
      "index": 0,
      "latitude": 49.2222,
      "longitude": 16.2931
    },
    "handle": 2123525945,
    "identification": "LKNAZ",
    "link": "LKNA",
    "name": "LKNA ZULU",
    "sun": {
      "astronomicalDawn": "2021-03-15T03:40:00Z",
      "astronomicalDusk": "2021-03-15T16:29:00Z",
      "civilDawn": "2021-03-15T04:12:00Z",
      "civilDusk": "2021-03-15T15:58:00Z",
      "date": "2021-03-14T23:00:00Z"
    },
    "thumbprint": "7daf6afa130854e309b99ed898b4167f66bf7dba5b5cc36b77f093653b175630"
  },
  {
    "coordinate": {
      "index": 0,
      "latitude": 49.17,
      "longitude": 15.925
    },
    "handle": 2347739699,
    "identification": "LKNAW",
    "link": "LKNA",
    "name": "LKNA WHISKY",
    "sun": {
      "astronomicalDawn": "2021-03-15T03:41:00Z",
      "astronomicalDusk": "2021-03-15T16:31:00Z",
      "civilDawn": "2021-03-15T04:13:00Z",
      "civilDusk": "2021-03-15T15:59:00Z",
      "date": "2021-03-14T23:00:00Z"
    },
    "thumbprint": "2554df869e9be355878064f21803c5f17a0fa0f4c3d47dd4435942247b531ece"
  },
  {
    "coordinate": {
      "index": 0,
      "latitude": 49.0331,
      "longitude": 16.1075
    },
    "handle": 1816773025,
    "identification": "LKNAS",
    "link": "LKNA",
    "name": "LKNA SIERRA",
    "sun": {
      "astronomicalDawn": "2021-03-15T03:41:00Z",
      "astronomicalDusk": "2021-03-15T16:30:00Z",
      "civilDawn": "2021-03-15T04:12:00Z",
      "civilDusk": "2021-03-15T15:59:00Z",
      "date": "2021-03-14T23:00:00Z"
    },
    "thumbprint": "010bd7b8ea4d68f0f4c1cd0ebac9ca0e288b2f7016e8bcae5f7c88efe46e8946"
  },
  {
    "coordinate": {
      "index": 0,
      "latitude": 49.0831,
      "longitude": 16.4356
    },
    "handle": 2517060492,
    "identification": "LKNAE",
    "link": "LKNA",
    "name": "LKNA ECHO",
    "sun": {
      "astronomicalDawn": "2021-03-15T03:39:00Z",
      "astronomicalDusk": "2021-03-15T16:29:00Z",
      "civilDawn": "2021-03-15T04:11:00Z",
      "civilDusk": "2021-03-15T15:57:00Z",
      "date": "2021-03-14T23:00:00Z"
    },
    "thumbprint": "6394ef7526420398748970239eca143f2cd2865e03e024648483b558d3f3f37e"
  },
  {
    "coordinate": {
      "index": 0,
      "latitude": 49.3031,
      "longitude": 16.0619
    },
    "handle": 942620228,
    "identification": "LKNAN",
    "link": "LKNA",
    "name": "LKNA NOVEMBER",
    "sun": {
      "astronomicalDawn": "2021-03-15T03:41:00Z",
      "astronomicalDusk": "2021-03-15T16:30:00Z",
      "civilDawn": "2021-03-15T04:12:00Z",
      "civilDusk": "2021-03-15T15:59:00Z",
      "date": "2021-03-14T23:00:00Z"
    },
    "thumbprint": "93295c77f3d9e6437da47018170bc270313a2891252d0a6007373a0546ca19e3"
  },
  {
    "coordinate": {
      "index": 0,
      "latitude": 50.1392,
      "longitude": 15.2919
    },
    "handle": 1409379892,
    "identification": "LKCVZ",
    "link": "LKCV",
    "name": "LKCV ZEHU",
    "sun": {
      "astronomicalDawn": "2021-03-15T03:44:00Z",
      "astronomicalDusk": "2021-03-15T16:34:00Z",
      "civilDawn": "2021-03-15T04:16:00Z",
      "civilDusk": "2021-03-15T16:02:00Z",
      "date": "2021-03-14T23:00:00Z"
    },
    "thumbprint": "e7b23874d9bdef6180eea4b11a9b47c6928fa821b38255e3abf984d543c70c00"
  },
  {
    "coordinate": {
      "index": 0,
      "latitude": 49.8972,
      "longitude": 15.6406
    },
    "handle": 2603166867,
    "identification": "LKCVX",
    "link": "LKCV",
    "name": "LKCV XRAY",
    "sun": {
      "astronomicalDawn": "2021-03-15T03:42:00Z",
      "astronomicalDusk": "2021-03-15T16:32:00Z",
      "civilDawn": "2021-03-15T04:14:00Z",
      "civilDusk": "2021-03-15T16:00:00Z",
      "date": "2021-03-14T23:00:00Z"
    },
    "thumbprint": "210f08fcfb8a3424c1deba0921b019819d568a236f0d8aa94e780be19bd59cab"
  },
  {
    "coordinate": {
      "index": 0,
      "latitude": 49.7867,
      "longitude": 15.8186
    },
    "handle": 18699398,
    "identification": "LKCVT",
    "link": "LKCV",
    "name": "LKCV TRHO",
    "sun": {
      "astronomicalDawn": "2021-03-15T03:42:00Z",
      "astronomicalDusk": "2021-03-15T16:32:00Z",
      "civilDawn": "2021-03-15T04:14:00Z",
      "civilDusk": "2021-03-15T16:00:00Z",
      "date": "2021-03-14T23:00:00Z"
    },
    "thumbprint": "c0701e0a507989e723ad837a069ef0551edabf004f6f3cc3a30ab2b5ab1036ec"
  },
  {
    "coordinate": {
      "index": 0,
      "latitude": 49.6793,
      "longitude": 15.5696
    },
    "handle": 1010167161,
    "identification": "LKCVS",
    "link": "LKCV",
    "name": "LKCV SUKAV",
    "sun": {
      "astronomicalDawn": "2021-03-15T03:43:00Z",
      "astronomicalDusk": "2021-03-15T16:33:00Z",
      "civilDawn": "2021-03-15T04:15:00Z",
      "civilDusk": "2021-03-15T16:01:00Z",
      "date": "2021-03-14T23:00:00Z"
    },
    "thumbprint": "076ea4ec8d70d2becb50155d5b268925c584f8758012d8436b93680009e149af"
  },
  {
    "coordinate": {
      "index": 0,
      "latitude": 50.0514,
      "longitude": 15.0331
    },
    "handle": 652301265,
    "identification": "LKCVP",
    "link": "LKCV",
    "name": "LKCV PLAN",
    "sun": {
      "astronomicalDawn": "2021-03-15T03:45:00Z",
      "astronomicalDusk": "2021-03-15T16:35:00Z",
      "civilDawn": "2021-03-15T04:17:00Z",
      "civilDusk": "2021-03-15T16:03:00Z",
      "date": "2021-03-14T23:00:00Z"
    },
    "thumbprint": "3476dee42f31f848134aaf628d481d966b82189f19323cca7441eb90ffc3e81a"
  },
  {
    "coordinate": {
      "index": 0,
      "latitude": 50.0335,
      "longitude": 15.4069
    },
    "handle": 3823413842,
    "identification": "LKCVC",
    "link": "LKCV",
    "name": "LKCV CHARLIE",
    "sun": {
      "astronomicalDawn": "2021-03-15T03:43:00Z",
      "astronomicalDusk": "2021-03-15T16:33:00Z",
      "civilDawn": "2021-03-15T04:15:00Z",
      "civilDusk": "2021-03-15T16:01:00Z",
      "date": "2021-03-14T23:00:00Z"
    },
    "thumbprint": "1a06d9be425fc496ae7f518012d49a464752cbbf9ef3d81d16d7d4b8cbdb4ab0"
  },
  {
    "coordinate": {
      "index": 0,
      "latitude": 49.7613,
      "longitude": 15.3044
    },
    "handle": 2828026235,
    "identification": "LKCVE",
    "link": "LKCV",
    "name": "LKCV EKNEV",
    "sun": {
      "astronomicalDawn": "2021-03-15T03:44:00Z",
      "astronomicalDusk": "2021-03-15T16:34:00Z",
      "civilDawn": "2021-03-15T04:16:00Z",
      "civilDusk": "2021-03-15T16:02:00Z",
      "date": "2021-03-14T23:00:00Z"
    },
    "thumbprint": "c852db234a36c2d5a86d319f040cfc4bee2c941d40b955d69f2dd186fabd965f"
  },
  {
    "coordinate": {
      "index": 0,
      "latitude": 49.9553,
      "longitude": 15.5188
    },
    "handle": 3222879440,
    "identification": "LKCVD",
    "link": "LKCV",
    "name": "LKCV DELTA",
    "sun": {
      "astronomicalDawn": "2021-03-15T03:43:00Z",
      "astronomicalDusk": "2021-03-15T16:33:00Z",
      "civilDawn": "2021-03-15T04:15:00Z",
      "civilDusk": "2021-03-15T16:01:00Z",
      "date": "2021-03-14T23:00:00Z"
    },
    "thumbprint": "bc0ab0831137839c6db07c7ca7de65029a192444f17e21316787385106972d04"
  },
  {
    "coordinate": {
      "index": 0,
      "latitude": 49.8519,
      "longitude": 15.3456
    },
    "handle": 3555021942,
    "identification": "LKCVB",
    "link": "LKCV",
    "name": "LKCV BRAVO",
    "sun": {
      "astronomicalDawn": "2021-03-15T03:43:00Z",
      "astronomicalDusk": "2021-03-15T16:33:00Z",
      "civilDawn": "2021-03-15T04:16:00Z",
      "civilDusk": "2021-03-15T16:01:00Z",
      "date": "2021-03-14T23:00:00Z"
    },
    "thumbprint": "80ab7b700a09ef84890c756a946ea2b9b4c8df0aa81327af0d1eb48096b148f5"
  },
  {
    "coordinate": {
      "index": 0,
      "latitude": 49.8972,
      "longitude": 15.6406
    },
    "handle": 2060607616,
    "identification": "LKPDX",
    "link": "LKPD",
    "name": "LKPD XRAY",
    "sun": {
      "astronomicalDawn": "2021-03-15T03:42:00Z",
      "astronomicalDusk": "2021-03-15T16:32:00Z",
      "civilDawn": "2021-03-15T04:14:00Z",
      "civilDusk": "2021-03-15T16:00:00Z",
      "date": "2021-03-14T23:00:00Z"
    },
    "thumbprint": "4b873e778a7c2c76e104303544edbe505b58e86e08385fa10aa6493e02ad5464"
  },
  {
    "coordinate": {
      "index": 0,
      "latitude": 50.1278,
      "longitude": 15.5367
    },
    "handle": 1888456593,
    "identification": "LKPDW",
    "link": "LKPD",
    "name": "LKPD WHISKY",
    "sun": {
      "astronomicalDawn": "2021-03-15T03:43:00Z",
      "astronomicalDusk": "2021-03-15T16:33:00Z",
      "civilDawn": "2021-03-15T04:15:00Z",
      "civilDusk": "2021-03-15T16:01:00Z",
      "date": "2021-03-14T23:00:00Z"
    },
    "thumbprint": "8c8df7993e15016ff9ba6082c161c0cbd2840900a1f127a342fabcfafed87967"
  },
  {
    "coordinate": {
      "index": 0,
      "latitude": 50.1392,
      "longitude": 15.7886
    },
    "handle": 3406940610,
    "identification": "LKPDN",
    "link": "LKPD",
    "name": "LKPD NOVEMBER",
    "sun": {
      "astronomicalDawn": "2021-03-15T03:42:00Z",
      "astronomicalDusk": "2021-03-15T16:32:00Z",
      "civilDawn": "2021-03-15T04:14:00Z",
      "civilDusk": "2021-03-15T16:00:00Z",
      "date": "2021-03-14T23:00:00Z"
    },
    "thumbprint": "0253c9d540217e0557c85ff8a84e0683cf143e93edcef7732aeb941454c569a0"
  },
  {
    "coordinate": {
      "index": 0,
      "latitude": 49.995,
      "longitude": 16.1092
    },
    "handle": 788596378,
    "identification": "LKPDE",
    "link": "LKPD",
    "name": "LKPD ECHO",
    "sun": {
      "astronomicalDawn": "2021-03-15T03:40:00Z",
      "astronomicalDusk": "2021-03-15T16:30:00Z",
      "civilDawn": "2021-03-15T04:13:00Z",
      "civilDusk": "2021-03-15T15:58:00Z",
      "date": "2021-03-14T23:00:00Z"
    },
    "thumbprint": "ed82d6ad38e3f5a6dc2161a170c9400d57c829a7cace621b54abe027751c0c39"
  },
  {
    "coordinate": {
      "index": 0,
      "latitude": 50.1025,
      "longitude": 15.8569
    },
    "handle": 4268885266,
    "identification": "LKPDD",
    "link": "LKPD",
    "name": "LKPD DELTA",
    "sun": {
      "astronomicalDawn": "2021-03-15T03:41:00Z",
      "astronomicalDusk": "2021-03-15T16:32:00Z",
      "civilDawn": "2021-03-15T04:14:00Z",
      "civilDusk": "2021-03-15T15:59:00Z",
      "date": "2021-03-14T23:00:00Z"
    },
    "thumbprint": "c3cdc9406e8478f4cd3a4f60aca9d1450fd4d5c64d4caffa2836ad711cc243c8"
  },
  {
    "coordinate": {
      "index": 0,
      "latitude": 50.1156,
      "longitude": 15.6528
    },
    "handle": 3469308518,
    "identification": "LKPDC",
    "link": "LKPD",
    "name": "LKPD CHARLIE",
    "sun": {
      "astronomicalDawn": "2021-03-15T03:42:00Z",
      "astronomicalDusk": "2021-03-15T16:32:00Z",
      "civilDawn": "2021-03-15T04:14:00Z",
      "civilDusk": "2021-03-15T16:00:00Z",
      "date": "2021-03-14T23:00:00Z"
    },
    "thumbprint": "9c75871789860863a33108e3488a16f22ed9b9ec74e7975f23bb9372c5a0d3c1"
  },
  {
    "coordinate": {
      "index": 0,
      "latitude": 49.9742,
      "longitude": 15.8703
    },
    "handle": 3476987193,
    "identification": "LKPDB",
    "link": "LKPD",
    "name": "LKPD BRAVO",
    "sun": {
      "astronomicalDawn": "2021-03-15T03:41:00Z",
      "astronomicalDusk": "2021-03-15T16:31:00Z",
      "civilDawn": "2021-03-15T04:13:00Z",
      "civilDusk": "2021-03-15T15:59:00Z",
      "date": "2021-03-14T23:00:00Z"
    },
    "thumbprint": "84d0698882497d1bcf399bb48f7f2449489960376a99c731580d31635ad6f16d"
  },
  {
    "coordinate": {
      "index": 0,
      "latitude": 49.9753,
      "longitude": 15.6431
    },
    "handle": 2691956114,
    "identification": "LKPDA",
    "link": "LKPD",
    "name": "LKPD ALFA",
    "sun": {
      "astronomicalDawn": "2021-03-15T03:42:00Z",
      "astronomicalDusk": "2021-03-15T16:32:00Z",
      "civilDawn": "2021-03-15T04:14:00Z",
      "civilDusk": "2021-03-15T16:00:00Z",
      "date": "2021-03-14T23:00:00Z"
    },
    "thumbprint": "239743827ad6d8c631ec83b2f3ec99ac88e27337a25606a91cec1184d8e082b7"
  },
  {
    "coordinate": {
      "index": 0,
      "latitude": 49.1064,
      "longitude": 17.3153
    },
    "handle": 239404023,
    "identification": "LKKUW",
    "link": "LKKU",
    "name": "LKKU WHISKY",
    "sun": {
      "astronomicalDawn": "2021-03-15T03:36:00Z",
      "astronomicalDusk": "2021-03-15T16:25:00Z",
      "civilDawn": "2021-03-15T04:07:00Z",
      "civilDusk": "2021-03-15T15:54:00Z",
      "date": "2021-03-14T23:00:00Z"
    },
    "thumbprint": "8eb9c95d88ad053f438aa75bd2a306c5b1d964c2dbd3b62201b4aa9f4bb34fbb"
  },
  {
    "coordinate": {
      "index": 0,
      "latitude": 48.9742,
      "longitude": 17.2681
    },
    "handle": 1739169895,
    "identification": "LKKUS",
    "link": "LKKU",
    "name": "LKKU SIERRA",
    "sun": {
      "astronomicalDawn": "2021-03-15T03:36:00Z",
      "astronomicalDusk": "2021-03-15T16:25:00Z",
      "civilDawn": "2021-03-15T04:08:00Z",
      "civilDusk": "2021-03-15T15:54:00Z",
      "date": "2021-03-14T23:00:00Z"
    },
    "thumbprint": "8db4d22a22964424108bbd44666501dec0c47f1ed7db064b1c0dc547a56984b5"
  },
  {
    "coordinate": {
      "index": 0,
      "latitude": 49.1703,
      "longitude": 17.4725
    },
    "handle": 2190543888,
    "identification": "LKKUN",
    "link": "LKKU",
    "name": "LKKU NOVEMBER",
    "sun": {
      "astronomicalDawn": "2021-03-15T03:35:00Z",
      "astronomicalDusk": "2021-03-15T16:25:00Z",
      "civilDawn": "2021-03-15T04:07:00Z",
      "civilDusk": "2021-03-15T15:53:00Z",
      "date": "2021-03-14T23:00:00Z"
    },
    "thumbprint": "9c4ccf2ab0b68476065c602f4fe97f44b10354071b11893282675c16c038f5f8"
  },
  {
    "coordinate": {
      "index": 0,
      "latitude": 49.0231,
      "longitude": 17.6408
    },
    "handle": 3393662996,
    "identification": "LKKUE",
    "link": "LKKU",
    "name": "LKKU ECHO",
    "sun": {
      "astronomicalDawn": "2021-03-15T03:35:00Z",
      "astronomicalDusk": "2021-03-15T16:24:00Z",
      "civilDawn": "2021-03-15T04:06:00Z",
      "civilDusk": "2021-03-15T15:52:00Z",
      "date": "2021-03-14T23:00:00Z"
    },
    "thumbprint": "733e9ac1a2b7cfc348888af07bb4c915a873c1a9f1938551939ab6da99d0e318"
  },
  {
    "coordinate": {
      "index": 0,
      "latitude": 49.9808,
      "longitude": 14.6061
    },
    "handle": 1202626425,
    "identification": "LKKBR",
    "link": "LKKB",
    "name": "LKKB ROMEO",
    "sun": {
      "astronomicalDawn": "2021-03-15T03:46:00Z",
      "astronomicalDusk": "2021-03-15T16:36:00Z",
      "civilDawn": "2021-03-15T04:19:00Z",
      "civilDusk": "2021-03-15T16:04:00Z",
      "date": "2021-03-14T23:00:00Z"
    },
    "thumbprint": "7bc89166f0424de2ccd0078901f72d878f4095d691f8ecd7bc7ac338435c7617"
  },
  {
    "coordinate": {
      "index": 0,
      "latitude": 50.0717,
      "longitude": 14.7733
    },
    "handle": 401613522,
    "identification": "LKKBU",
    "link": "LKKB",
    "name": "LKKB UNIFORM",
    "sun": {
      "astronomicalDawn": "2021-03-15T03:46:00Z",
      "astronomicalDusk": "2021-03-15T16:36:00Z",
      "civilDawn": "2021-03-15T04:18:00Z",
      "civilDusk": "2021-03-15T16:04:00Z",
      "date": "2021-03-14T23:00:00Z"
    },
    "thumbprint": "f1e14b5d765afdf32f85029d8b5f7f6a133d436e80141ec2af0f59aa9a9ceac7"
  },
  {
    "coordinate": {
      "index": 0,
      "latitude": 50.1772,
      "longitude": 14.8553
    },
    "handle": 394844363,
    "identification": "LKKBL",
    "link": "LKKB",
    "name": "LKKB LIMA",
    "sun": {
      "astronomicalDawn": "2021-03-15T03:45:00Z",
      "astronomicalDusk": "2021-03-15T16:36:00Z",
      "civilDawn": "2021-03-15T04:18:00Z",
      "civilDusk": "2021-03-15T16:03:00Z",
      "date": "2021-03-14T23:00:00Z"
    },
    "thumbprint": "b801253285c0f0acdc496e591747fdf50da980affdb81a422773af390ff3ba3c"
  },
  {
    "coordinate": {
      "index": 0,
      "latitude": 50.2075,
      "longitude": 14.6964
    },
    "handle": 2409229961,
    "identification": "LKKBM",
    "link": "LKKB",
    "name": "LKKB MIKE",
    "sun": {
      "astronomicalDawn": "2021-03-15T03:46:00Z",
      "astronomicalDusk": "2021-03-15T16:36:00Z",
      "civilDawn": "2021-03-15T04:18:00Z",
      "civilDusk": "2021-03-15T16:04:00Z",
      "date": "2021-03-14T23:00:00Z"
    },
    "thumbprint": "25cc653e8154382407f878aa9a68810fbd9ab5733b1fe7a0ed07d3a8fc8f0a07"
  },
  {
    "coordinate": {
      "index": 0,
      "latitude": 50.1528,
      "longitude": 13.9831
    },
    "handle": 3729613418,
    "identification": "LKPRW",
    "link": "LKPR",
    "name": "LKPR WHISKY",
    "sun": {
      "astronomicalDawn": "2021-03-15T03:49:00Z",
      "astronomicalDusk": "2021-03-15T16:39:00Z",
      "civilDawn": "2021-03-15T04:21:00Z",
      "civilDusk": "2021-03-15T16:07:00Z",
      "date": "2021-03-14T23:00:00Z"
    },
    "thumbprint": "808c7fbfae9e8ac466c7c59583e25543fad01b167ceb6e6a34bcb7616a0376e3"
  },
  {
    "coordinate": {
      "index": 0,
      "latitude": 50.0497,
      "longitude": 14.2728
    },
    "handle": 3255889206,
    "identification": "LKPRT",
    "link": "LKPR",
    "name": "LKPR TANGO",
    "sun": {
      "astronomicalDawn": "2021-03-15T03:48:00Z",
      "astronomicalDusk": "2021-03-15T16:38:00Z",
      "civilDawn": "2021-03-15T04:20:00Z",
      "civilDusk": "2021-03-15T16:06:00Z",
      "date": "2021-03-14T23:00:00Z"
    },
    "thumbprint": "b3bed73a0b516dfc83a02478bd8d182e70c1e05b192bf8a25cd15935274391dd"
  },
  {
    "coordinate": {
      "index": 0,
      "latitude": 49.9617,
      "longitude": 14.0828
    },
    "handle": 830128299,
    "identification": "LKPRS",
    "link": "LKPR",
    "name": "LKPR SIERRA",
    "sun": {
      "astronomicalDawn": "2021-03-15T03:48:00Z",
      "astronomicalDusk": "2021-03-15T16:39:00Z",
      "civilDawn": "2021-03-15T04:21:00Z",
      "civilDusk": "2021-03-15T16:06:00Z",
      "date": "2021-03-14T23:00:00Z"
    },
    "thumbprint": "725868fe5828b7c3a498b678d9478ea5273a431867d0ecad3b086e8e5976196b"
  },
  {
    "coordinate": {
      "index": 0,
      "latitude": 50.2683,
      "longitude": 14.2392
    },
    "handle": 3747216241,
    "identification": "LKPRN",
    "link": "LKPR",
    "name": "LKPR NOVEMBER",
    "sun": {
      "astronomicalDawn": "2021-03-15T03:48:00Z",
      "astronomicalDusk": "2021-03-15T16:38:00Z",
      "civilDawn": "2021-03-15T04:20:00Z",
      "civilDusk": "2021-03-15T16:06:00Z",
      "date": "2021-03-14T23:00:00Z"
    },
    "thumbprint": "fd92e12a700fc4147d68ecd500d381ba09fa2b663d35c37af2085dd7ca7e2e33"
  },
  {
    "coordinate": {
      "index": 0,
      "latitude": 50.1883,
      "longitude": 14.0411
    },
    "handle": 1117058887,
    "identification": "LKPRC",
    "link": "LKPR",
    "name": "LKPR CHARLIE",
    "sun": {
      "astronomicalDawn": "2021-03-15T03:49:00Z",
      "astronomicalDusk": "2021-03-15T16:39:00Z",
      "civilDawn": "2021-03-15T04:21:00Z",
      "civilDusk": "2021-03-15T16:07:00Z",
      "date": "2021-03-14T23:00:00Z"
    },
    "thumbprint": "1fb9d7e4f18c2614be1bc71facdf3de22cfe91abc11b877fc14886d1712387a1"
  },
  {
    "coordinate": {
      "index": 0,
      "latitude": 49.9861,
      "longitude": 14.3614
    },
    "handle": 3965570359,
    "identification": "LKPRE",
    "link": "LKPR",
    "name": "LKPR ECHO",
    "sun": {
      "astronomicalDawn": "2021-03-15T03:47:00Z",
      "astronomicalDusk": "2021-03-15T16:37:00Z",
      "civilDawn": "2021-03-15T04:19:00Z",
      "civilDusk": "2021-03-15T16:05:00Z",
      "date": "2021-03-14T23:00:00Z"
    },
    "thumbprint": "3ceb2fb2b83d434729817ff031db9e86952da990221f815cbd6610f82b480ece"
  },
  {
    "coordinate": {
      "index": 0,
      "latitude": 50.1878,
      "longitude": 14.1858
    },
    "handle": 2559692029,
    "identification": "LKPRB",
    "link": "LKPR",
    "name": "LKPR BRAVO",
    "sun": {
      "astronomicalDawn": "2021-03-15T03:48:00Z",
      "astronomicalDusk": "2021-03-15T16:38:00Z",
      "civilDawn": "2021-03-15T04:20:00Z",
      "civilDusk": "2021-03-15T16:06:00Z",
      "date": "2021-03-14T23:00:00Z"
    },
    "thumbprint": "e36852e9c747f3efbe0e029af31bed0b9e9b9bf2d1afa97bffdd47d68d151d39"
  },
  {
    "coordinate": {
      "index": 0,
      "latitude": 50.1381,
      "longitude": 14.2439
    },
    "handle": 1925254354,
    "identification": "LKPRA",
    "link": "LKPR",
    "name": "LKPR ALFA",
    "sun": {
      "astronomicalDawn": "2021-03-15T03:48:00Z",
      "astronomicalDusk": "2021-03-15T16:38:00Z",
      "civilDawn": "2021-03-15T04:20:00Z",
      "civilDusk": "2021-03-15T16:06:00Z",
      "date": "2021-03-14T23:00:00Z"
    },
    "thumbprint": "ae20474996eca8ad014d30e1fe94b065daaf26221732733e0d366f41d5c5c9cd"
  },
  {
    "coordinate": {
      "index": 0,
      "latitude": 49.7492,
      "longitude": 17.8719
    },
    "handle": 2413993273,
    "identification": "LKMTW",
    "link": "LKMT",
    "name": "LKMT WHISKY",
    "sun": {
      "astronomicalDawn": "2021-03-15T03:33:00Z",
      "astronomicalDusk": "2021-03-15T16:23:00Z",
      "civilDawn": "2021-03-15T04:05:00Z",
      "civilDusk": "2021-03-15T15:51:00Z",
      "date": "2021-03-14T23:00:00Z"
    },
    "thumbprint": "7151b8b1695df4165b5d3873d3605f1e4f6b58b697234f87342c2d1d35637ead"
  },
  {
    "coordinate": {
      "index": 0,
      "latitude": 49.585,
      "longitude": 17.7997
    },
    "handle": 1168810035,
    "identification": "LKMTT",
    "link": "LKMT",
    "name": "LKMT TANGO",
    "sun": {
      "astronomicalDawn": "2021-03-15T03:34:00Z",
      "astronomicalDusk": "2021-03-15T16:24:00Z",
      "civilDawn": "2021-03-15T04:06:00Z",
      "civilDusk": "2021-03-15T15:52:00Z",
      "date": "2021-03-14T23:00:00Z"
    },
    "thumbprint": "890a78c1d3ff303e338f3ad686c9084144169164c1bb82ac0e120aa0546b28be"
  },
  {
    "coordinate": {
      "index": 0,
      "latitude": 49.5389,
      "longitude": 18.0236
    },
    "handle": 3765681180,
    "identification": "LKMTS",
    "link": "LKMT",
    "name": "LKMT SIERRA",
    "sun": {
      "astronomicalDawn": "2021-03-15T03:33:00Z",
      "astronomicalDusk": "2021-03-15T16:23:00Z",
      "civilDawn": "2021-03-15T04:05:00Z",
      "civilDusk": "2021-03-15T15:51:00Z",
      "date": "2021-03-14T23:00:00Z"
    },
    "thumbprint": "38091e37e563f40fced8e93fa7d7a41fd9ab18b5b3a1dc435d9278713f520ab5"
  },
  {
    "coordinate": {
      "index": 0,
      "latitude": 49.8831,
      "longitude": 18.0547
    },
    "handle": 6560988,
    "identification": "LKMTN",
    "link": "LKMT",
    "name": "LKMT NOVEMBER",
    "sun": {
      "astronomicalDawn": "2021-03-15T03:33:00Z",
      "astronomicalDusk": "2021-03-15T16:23:00Z",
      "civilDawn": "2021-03-15T04:05:00Z",
      "civilDusk": "2021-03-15T15:51:00Z",
      "date": "2021-03-14T23:00:00Z"
    },
    "thumbprint": "46e67de401947edf16cbaf0585ea605f64b4da28651b4885f46d04f7ca0ef222"
  },
  {
    "coordinate": {
      "index": 0,
      "latitude": 49.7861,
      "longitude": 18.3747
    },
    "handle": 2138439830,
    "identification": "LKMTF",
    "link": "LKMT",
    "name": "LKMT FOXTROT",
    "sun": {
      "astronomicalDawn": "2021-03-15T03:31:00Z",
      "astronomicalDusk": "2021-03-15T16:21:00Z",
      "civilDawn": "2021-03-15T04:03:00Z",
      "civilDusk": "2021-03-15T15:49:00Z",
      "date": "2021-03-14T23:00:00Z"
    },
    "thumbprint": "89d97b9e01b4d5c122288a3a40291279955ec6eb91a4d48981a3982b0ae107ac"
  },
  {
    "coordinate": {
      "index": 0,
      "latitude": 49.6633,
      "longitude": 18.3203
    },
    "handle": 3513208754,
    "identification": "LKMTE",
    "link": "LKMT",
    "name": "LKMT ECHO",
    "sun": {
      "astronomicalDawn": "2021-03-15T03:32:00Z",
      "astronomicalDusk": "2021-03-15T16:21:00Z",
      "civilDawn": "2021-03-15T04:04:00Z",
      "civilDusk": "2021-03-15T15:50:00Z",
      "date": "2021-03-14T23:00:00Z"
    },
    "thumbprint": "c8d814a91f4838a36571c3c495984f03bab8128b8654513f3bb6d63a8dc1d45f"
  },
  {
    "coordinate": {
      "index": 0,
      "latitude": 49.7047,
      "longitude": 18.0511
    },
    "handle": 1520832974,
    "identification": "LKMTB",
    "link": "LKMT",
    "name": "LKMT BRAVO",
    "sun": {
      "astronomicalDawn": "2021-03-15T03:33:00Z",
      "astronomicalDusk": "2021-03-15T16:23:00Z",
      "civilDawn": "2021-03-15T04:05:00Z",
      "civilDusk": "2021-03-15T15:51:00Z",
      "date": "2021-03-14T23:00:00Z"
    },
    "thumbprint": "bc35a55af5e0ddd434b71cd265c83acd02c844f7a7aefdf6292be5d846ac8d98"
  },
  {
    "coordinate": {
      "index": 0,
      "latitude": 49.65,
      "longitude": 18.1411
    },
    "handle": 4081610707,
    "identification": "LKMTA",
    "link": "LKMT",
    "name": "LKMT ALFA",
    "sun": {
      "astronomicalDawn": "2021-03-15T03:32:00Z",
      "astronomicalDusk": "2021-03-15T16:22:00Z",
      "civilDawn": "2021-03-15T04:04:00Z",
      "civilDusk": "2021-03-15T15:50:00Z",
      "date": "2021-03-14T23:00:00Z"
    },
    "thumbprint": "fa58b712c1d3b9c80f732693f481f30b75c2e3c2f5c8573f27e683165b849955"
  },
  {
    "coordinate": {
      "index": 0,
      "latitude": 50.1894,
      "longitude": 12.7581
    },
    "handle": 2984078981,
    "identification": "LKKVW",
    "link": "LKKV",
    "name": "LKKV WHISKY",
    "sun": {
      "astronomicalDawn": "2021-03-15T03:54:00Z",
      "astronomicalDusk": "2021-03-15T16:44:00Z",
      "civilDawn": "2021-03-15T04:26:00Z",
      "civilDusk": "2021-03-15T16:12:00Z",
      "date": "2021-03-14T23:00:00Z"
    },
    "thumbprint": "b7a72c2d4367106bd0011b2f786f4c9becc0eb7fe34210a8d71af3ce8de0f379"
  },
  {
    "coordinate": {
      "index": 0,
      "latitude": 50.0839,
      "longitude": 12.84
    },
    "handle": 118844069,
    "identification": "LKKVS",
    "link": "LKKV",
    "name": "LKKV SIERRA",
    "sun": {
      "astronomicalDawn": "2021-03-15T03:53:00Z",
      "astronomicalDusk": "2021-03-15T16:44:00Z",
      "civilDawn": "2021-03-15T04:26:00Z",
      "civilDusk": "2021-03-15T16:11:00Z",
      "date": "2021-03-14T23:00:00Z"
    },
    "thumbprint": "e8a6ea832313a470cbb7d7d3b42d332fcb9b031b54529fcb6424b6119310a285"
  },
  {
    "coordinate": {
      "index": 0,
      "latitude": 50.2817,
      "longitude": 12.9386
    },
    "handle": 3435614331,
    "identification": "LKKVN",
    "link": "LKKV",
    "name": "LKKV NOVEMBER",
    "sun": {
      "astronomicalDawn": "2021-03-15T03:53:00Z",
      "astronomicalDusk": "2021-03-15T16:43:00Z",
      "civilDawn": "2021-03-15T04:25:00Z",
      "civilDusk": "2021-03-15T16:11:00Z",
      "date": "2021-03-14T23:00:00Z"
    },
    "thumbprint": "8431855035653ea24e783640feef09ec4ea06adc4a516e7eb8cc2c061b6334f7"
  },
  {
    "coordinate": {
      "index": 0,
      "latitude": 50.0842,
      "longitude": 13.1267
    },
    "handle": 2227717863,
    "identification": "LKKVE",
    "link": "LKKV",
    "name": "LKKV ECHO",
    "sun": {
      "astronomicalDawn": "2021-03-15T03:52:00Z",
      "astronomicalDusk": "2021-03-15T16:42:00Z",
      "civilDawn": "2021-03-15T04:24:00Z",
      "civilDusk": "2021-03-15T16:10:00Z",
      "date": "2021-03-14T23:00:00Z"
    },
    "thumbprint": "335dd533064dc5abccc8ea654826dce8b1423337faec39b3de4a33f801c72673"
  },
  {
    "coordinate": {
      "index": 0,
      "latitude": 50.1708,
      "longitude": 12.8917
    },
    "handle": 3966583831,
    "identification": "LKKVB",
    "link": "LKKV",
    "name": "LKKV BRAVO",
    "sun": {
      "astronomicalDawn": "2021-03-15T03:53:00Z",
      "astronomicalDusk": "2021-03-15T16:43:00Z",
      "civilDawn": "2021-03-15T04:25:00Z",
      "civilDusk": "2021-03-15T16:11:00Z",
      "date": "2021-03-14T23:00:00Z"
    },
    "thumbprint": "3b9c55dfef66d7382d778204201578a88a835950c7061122a37c345a3e1755aa"
  },
  {
    "coordinate": {
      "index": 0,
      "latitude": 50.2378,
      "longitude": 12.9278
    },
    "handle": 261857405,
    "identification": "LKKVA",
    "link": "LKKV",
    "name": "LKKV ALFA",
    "sun": {
      "astronomicalDawn": "2021-03-15T03:53:00Z",
      "astronomicalDusk": "2021-03-15T16:43:00Z",
      "civilDawn": "2021-03-15T04:25:00Z",
      "civilDusk": "2021-03-15T16:11:00Z",
      "date": "2021-03-14T23:00:00Z"
    },
    "thumbprint": "afd3609f35633984f68199a565650983eeef0716a33cc838e985f55d35b73085"
  },
  {
    "coordinate": {
      "index": 0,
      "latitude": 48.9964,
      "longitude": 16.6889
    },
    "handle": 2006222654,
    "identification": "LKTBZ",
    "link": "LKTB",
    "name": "LKTB ZULU",
    "sun": {
      "astronomicalDawn": "2021-03-15T03:38:00Z",
      "astronomicalDusk": "2021-03-15T16:28:00Z",
      "civilDawn": "2021-03-15T04:10:00Z",
      "civilDusk": "2021-03-15T15:56:00Z",
      "date": "2021-03-14T23:00:00Z"
    },
    "thumbprint": "2e3e5567680e3eee2776cbacca40f271c5e6c86ba1bcf29296a6564167d2774c"
  },
  {
    "coordinate": {
      "index": 0,
      "latitude": 49.1108,
      "longitude": 16.5208
    },
    "handle": 1288521659,
    "identification": "LKTBW",
    "link": "LKTB",
    "name": "LKTB WHISKY",
    "sun": {
      "astronomicalDawn": "2021-03-15T03:39:00Z",
      "astronomicalDusk": "2021-03-15T16:29:00Z",
      "civilDawn": "2021-03-15T04:11:00Z",
      "civilDusk": "2021-03-15T15:57:00Z",
      "date": "2021-03-14T23:00:00Z"
    },
    "thumbprint": "a525c3f2da8909d49c3fddc2e685717df5d15115fdf1d29a6322bbefcaef1202"
  },
  {
    "coordinate": {
      "index": 0,
      "latitude": 48.9978,
      "longitude": 16.8622
    },
    "handle": 3298111167,
    "identification": "LKTBS",
    "link": "LKTB",
    "name": "LKTB SIERRA",
    "sun": {
      "astronomicalDawn": "2021-03-15T03:38:00Z",
      "astronomicalDusk": "2021-03-15T16:27:00Z",
      "civilDawn": "2021-03-15T04:09:00Z",
      "civilDusk": "2021-03-15T15:56:00Z",
      "date": "2021-03-14T23:00:00Z"
    },
    "thumbprint": "06f52ee56ebdf94dbd2045f3cc7b1581e1401cadd37165edaaf2cfb6fb859806"
  },
  {
    "coordinate": {
      "index": 0,
      "latitude": 49.2922,
      "longitude": 16.5603
    },
    "handle": 2485327953,
    "identification": "LKTBN",
    "link": "LKTB",
    "name": "LKTB NOVEMBER",
    "sun": {
      "astronomicalDawn": "2021-03-15T03:39:00Z",
      "astronomicalDusk": "2021-03-15T16:28:00Z",
      "civilDawn": "2021-03-15T04:10:00Z",
      "civilDusk": "2021-03-15T15:57:00Z",
      "date": "2021-03-14T23:00:00Z"
    },
    "thumbprint": "f5762db3421e4f2aaae98647b79a5936919af5de50e967e986ac0a099683f1da"
  },
  {
    "coordinate": {
      "index": 0,
      "latitude": 49.2036,
      "longitude": 16.8861
    },
    "handle": 1775795482,
    "identification": "LKTBE",
    "link": "LKTB",
    "name": "LKTB ECHO",
    "sun": {
      "astronomicalDawn": "2021-03-15T03:37:00Z",
      "astronomicalDusk": "2021-03-15T16:27:00Z",
      "civilDawn": "2021-03-15T04:09:00Z",
      "civilDusk": "2021-03-15T15:55:00Z",
      "date": "2021-03-14T23:00:00Z"
    },
    "thumbprint": "773de3e4358ed3bb039053aefc63283b489555a5f40b1785a10f5212a07ce5f1"
  },
  {
    "coordinate": {
      "index": 0,
      "latitude": 49.1817,
      "longitude": 16.7125
    },
    "handle": 3255122165,
    "identification": "LKTBB",
    "link": "LKTB",
    "name": "LKTB BRAVO",
    "sun": {
      "astronomicalDawn": "2021-03-15T03:38:00Z",
      "astronomicalDusk": "2021-03-15T16:28:00Z",
      "civilDawn": "2021-03-15T04:10:00Z",
      "civilDusk": "2021-03-15T15:56:00Z",
      "date": "2021-03-14T23:00:00Z"
    },
    "thumbprint": "6ed941d1d5cc8ff500ef8b7d4b9feaa534a34cbe6fa11f32d7f5e535496935c7"
  },
  {
    "coordinate": {
      "index": 0,
      "latitude": 49.1175,
      "longitude": 16.7033
    },
    "handle": 739234967,
    "identification": "LKTBA",
    "link": "LKTB",
    "name": "LKTB ALFA",
    "sun": {
      "astronomicalDawn": "2021-03-15T03:38:00Z",
      "astronomicalDusk": "2021-03-15T16:28:00Z",
      "civilDawn": "2021-03-15T04:10:00Z",
      "civilDusk": "2021-03-15T15:56:00Z",
      "date": "2021-03-14T23:00:00Z"
    },
    "thumbprint": "97a1f48b1aaff732baeaa7cb49fdc7baf692b0e732c125a8cd0a92dafd178ffd"
  }
]