[
  {
    "coordinate": {
      "index": 0,
      "latitude": 49.93,
      "longitude": 15.2335
    },
    "handle": 1224933715,
    "identification": "LKCVA",
    "link": "LKCV",
    "name": "LKCV ALFA",
    "sun": {
      "astronomicalDawn": "2021-02-16T04:37:00Z",
      "astronomicalDusk": "2021-02-16T15:50:00Z",
      "civilDawn": "2021-02-16T05:10:00Z",
      "civilDusk": "2021-02-16T15:17:00Z",
      "date": "2021-02-15T23:00:00Z"
    },
    "thumbprint": "d5e121ec8cf84991ccd89c287b7ca4615ba8c7bee16eb7bd11154ff7200710a5"
  },
  {
    "coordinate": {
      "index": 0,
      "latitude": 49.9014,
      "longitude": 15.9358
    },
    "handle": 1865883752,
    "identification": "LKPDS",
    "link": "LKPD",
    "name": "LKPD SIERRA",
    "sun": {
      "astronomicalDawn": "2021-02-16T04:34:00Z",
      "astronomicalDusk": "2021-02-16T15:48:00Z",
      "civilDawn": "2021-02-16T05:08:00Z",
      "civilDusk": "2021-02-16T15:14:00Z",
      "date": "2021-02-15T23:00:00Z"
    },
    "thumbprint": "d1f8b1ecb57dc462af193995b2e3d5511ce312303260da8c1cb4e0ca1e25c2ef"
  },
  {
    "coordinate": {
      "index": 0,
      "latitude": 49.1939,
      "longitude": 16.22
    },
    "handle": 1505875440,
    "identification": "LKNAB",
    "link": "LKNA",
    "name": "LKNA BRAVO",
    "sun": {
      "astronomicalDawn": "2021-02-16T04:32:00Z",
      "astronomicalDusk": "2021-02-16T15:47:00Z",
      "civilDawn": "2021-02-16T05:05:00Z",
      "civilDusk": "2021-02-16T15:15:00Z",
      "date": "2021-02-15T23:00:00Z"
    },
    "thumbprint": "ced235cc9d3f455f6464e586035715a70eb5438ee7b027f3e582676a01300def"
  },
  {
    "coordinate": {
      "index": 0,
      "latitude": 49.1397,
      "longitude": 16.0625
    },
    "handle": 3233078637,
    "identification": "LKNAA",
    "link": "LKNA",
    "name": "LKNA ALFA",
    "sun": {
      "astronomicalDawn": "2021-02-16T04:33:00Z",
      "astronomicalDusk": "2021-02-16T15:48:00Z",
      "civilDawn": "2021-02-16T05:05:00Z",
      "civilDusk": "2021-02-16T15:15:00Z",
      "date": "2021-02-15T23:00:00Z"
    },
    "thumbprint": "e8135debe28fb9db8c7e7c75daf84fafb2c257eae42a60d2bbf697f09e5702a5"
  },
  {
    "coordinate": {
      "index": 0,
      "latitude": 49.8627,
      "longitude": 15.0666
    },
    "handle": 2477419935,
    "identification": "LKCVJ",
    "link": "LKCV",
    "name": "LKCV JANO",
    "sun": {
      "astronomicalDawn": "2021-02-16T04:38:00Z",
      "astronomicalDusk": "2021-02-16T15:51:00Z",
      "civilDawn": "2021-02-16T05:11:00Z",
      "civilDusk": "2021-02-16T15:18:00Z",
      "date": "2021-02-15T23:00:00Z"
    },
    "thumbprint": "713af06240e78668e4aa5f459c8267fe0bd429c19791892b72c70225dd197d3f"
  },
  {
    "coordinate": {
      "index": 0,
      "latitude": 50.1653,
      "longitude": 15.795
    },
    "handle": 3401633379,
    "identification": "LKHKO",
    "link": "LKHK",
    "name": "LKHK OPAT",
    "sun": {
      "astronomicalDawn": "2021-02-16T04:35:00Z",
      "astronomicalDusk": "2021-02-16T15:48:00Z",
      "civilDawn": "2021-02-16T05:09:00Z",
      "civilDusk": "2021-02-16T15:14:00Z",
      "date": "2021-02-15T23:00:00Z"
    },
    "thumbprint": "7f30b8eae88d6620e6bbb5834d0192b5da3b3d9829a9b56c43bbe37977360cc3"
  },
  {
    "coordinate": {
      "index": 0,
      "latitude": 50.3333,
      "longitude": 15.7242
    },
    "handle": 2741470324,
    "identification": "LKHKE",
    "link": "LKHK",
    "name": "LKHK CEPRO",
    "sun": {
      "astronomicalDawn": "2021-02-16T04:36:00Z",
      "astronomicalDusk": "2021-02-16T15:48:00Z",
      "civilDawn": "2021-02-16T05:09:00Z",
      "civilDusk": "2021-02-16T15:14:00Z",
      "date": "2021-02-15T23:00:00Z"
    },
    "thumbprint": "5da5140ecdf2673d5dcb65d2c0cce7d94855782055cfa4c62e1ed69f3693323b"
  },
  {
    "coordinate": {
      "index": 0,
      "latitude": 50.2631,
      "longitude": 15.9322
    },
    "handle": 488935050,
    "identification": "LKHKC",
    "link": "LKHK",
    "name": "LKHK CELOV",
    "sun": {
      "astronomicalDawn": "2021-02-16T04:35:00Z",
      "astronomicalDusk": "2021-02-16T15:47:00Z",
      "civilDawn": "2021-02-16T05:08:00Z",
      "civilDusk": "2021-02-16T15:14:00Z",
      "date": "2021-02-15T23:00:00Z"
    },
    "thumbprint": "aebc2c90aec04d955f771c85a260f5ea0f49714a12f9dfde30e8995bdb8bb59a"
  },
  {
    "coordinate": {
      "index": 0,
      "latitude": 49.2222,
      "longitude": 16.2931
    },
    "handle": 462646283,
    "identification": "LKNAZ",
    "link": "LKNA",
    "name": "LKNA ZULU",
    "sun": {
      "astronomicalDawn": "2021-02-16T04:32:00Z",
      "astronomicalDusk": "2021-02-16T15:47:00Z",
      "civilDawn": "2021-02-16T05:05:00Z",
      "civilDusk": "2021-02-16T15:14:00Z",
      "date": "2021-02-15T23:00:00Z"
    },
    "thumbprint": "3cfd975d50f3492560de872dcf196fdd0cea462fcadbf218e91099dc68bd6b24"
  },
  {
    "coordinate": {
      "index": 0,
      "latitude": 49.17,
      "longitude": 15.925
    },
    "handle": 3646596155,
    "identification": "LKNAW",
    "link": "LKNA",
    "name": "LKNA WHISKY",
    "sun": {
      "astronomicalDawn": "2021-02-16T04:33:00Z",
      "astronomicalDusk": "2021-02-16T15:49:00Z",
      "civilDawn": "2021-02-16T05:06:00Z",
      "civilDusk": "2021-02-16T15:16:00Z",
      "date": "2021-02-15T23:00:00Z"
    },
    "thumbprint": "1252d29fc52f8c28745d27905996ab194134952e2aefd0cf5eb32dfec38b9934"
  },
  {
    "coordinate": {
      "index": 0,
      "latitude": 49.0331,
      "longitude": 16.1075
    },
    "handle": 3620140894,
    "identification": "LKNAS",
    "link": "LKNA",
    "name": "LKNA SIERRA",
    "sun": {
      "astronomicalDawn": "2021-02-16T04:32:00Z",
      "astronomicalDusk": "2021-02-16T15:48:00Z",
      "civilDawn": "2021-02-16T05:05:00Z",
      "civilDusk": "2021-02-16T15:15:00Z",
      "date": "2021-02-15T23:00:00Z"
    },
    "thumbprint": "af8ecc7e546b8a1142604db6db14f1c9c20834070114cb83bc479937c901e9d6"
  },
  {
    "coordinate": {
      "index": 0,
      "latitude": 49.0831,
      "longitude": 16.4356
    },
    "handle": 3648067562,
    "identification": "LKNAE",
    "link": "LKNA",
    "name": "LKNA ECHO",
    "sun": {
      "astronomicalDawn": "2021-02-16T04:31:00Z",
      "astronomicalDusk": "2021-02-16T15:47:00Z",
      "civilDawn": "2021-02-16T05:04:00Z",
      "civilDusk": "2021-02-16T15:14:00Z",
      "date": "2021-02-15T23:00:00Z"
    },
    "thumbprint": "4d5f6fbcc2d23a2e55f9ebaf46e9c6f53d085418feab56303431bc786613af1a"
  },
  {
    "coordinate": {
      "index": 0,
      "latitude": 49.3031,
      "longitude": 16.0619
    },
    "handle": 824024425,
    "identification": "LKNAN",
    "link": "LKNA",
    "name": "LKNA NOVEMBER",
    "sun": {
      "astronomicalDawn": "2021-02-16T04:33:00Z",
      "astronomicalDusk": "2021-02-16T15:48:00Z",
      "civilDawn": "2021-02-16T05:06:00Z",
      "civilDusk": "2021-02-16T15:15:00Z",
      "date": "2021-02-15T23:00:00Z"
    },
    "thumbprint": "eac97077141ad0c3abcb91c197f8e0fb36fefa9ff3adcc03091d13ca6603dc37"
  },
  {
    "coordinate": {
      "index": 0,
      "latitude": 50.1392,
      "longitude": 15.2919
    },
    "handle": 2146763714,
    "identification": "LKCVZ",
    "link": "LKCV",
    "name": "LKCV ZEHU",
    "sun": {
      "astronomicalDawn": "2021-02-16T04:37:00Z",
      "astronomicalDusk": "2021-02-16T15:50:00Z",
      "civilDawn": "2021-02-16T05:11:00Z",
      "civilDusk": "2021-02-16T15:16:00Z",
      "date": "2021-02-15T23:00:00Z"
    },
    "thumbprint": "9f23c147e4885765fd2b37c981db5ae8fff1d1b4ad4b87768c5c9969de9b1dbd"
  },
  {
    "coordinate": {
      "index": 0,
      "latitude": 49.8972,
      "longitude": 15.6406
    },
    "handle": 3429134378,
    "identification": "LKCVX",
    "link": "LKCV",
    "name": "LKCV XRAY",
    "sun": {
      "astronomicalDawn": "2021-02-16T04:35:00Z",
      "astronomicalDusk": "2021-02-16T15:49:00Z",
      "civilDawn": "2021-02-16T05:09:00Z",
      "civilDusk": "2021-02-16T15:16:00Z",
      "date": "2021-02-15T23:00:00Z"
    },
    "thumbprint": "34d9e0bdb8e06f05918bf0f3a7ab40a0571e53e7e783d718417e188e97b9fa1b"
  },
  {
    "coordinate": {
      "index": 0,
      "latitude": 49.7867,
      "longitude": 15.8186
    },
    "handle": 4281523448,
    "identification": "LKCVT",
    "link": "LKCV",
    "name": "LKCV TRHO",
    "sun": {
      "astronomicalDawn": "2021-02-16T04:34:00Z",
      "astronomicalDusk": "2021-02-16T15:48:00Z",
      "civilDawn": "2021-02-16T05:08:00Z",
      "civilDusk": "2021-02-16T15:15:00Z",
      "date": "2021-02-15T23:00:00Z"
    },
    "thumbprint": "0a6bb30117bb5f543661a556af1c8e445d9cb52014930d4807891e37c038601e"
  },
  {
    "coordinate": {
      "index": 0,
      "latitude": 49.6793,
      "longitude": 15.5696
    },
    "handle": 1156364248,
    "identification": "LKCVS",
    "link": "LKCV",
    "name": "LKCV SUKAV",
    "sun": {
      "astronomicalDawn": "2021-02-16T04:35:00Z",
      "astronomicalDusk": "2021-02-16T15:49:00Z",
      "civilDawn": "2021-02-16T05:09:00Z",
      "civilDusk": "2021-02-16T15:16:00Z",
      "date": "2021-02-15T23:00:00Z"
    },
    "thumbprint": "6969ab864d5b17118c083c84b37d4aebe5975960117e9f90e12160d5d59498cf"
  },
  {
    "coordinate": {
      "index": 0,
      "latitude": 50.0514,
      "longitude": 15.0331
    },
    "handle": 55005838,
    "identification": "LKCVP",
    "link": "LKCV",
    "name": "LKCV PLAN",
    "sun": {
      "astronomicalDawn": "2021-02-16T04:38:00Z",
      "astronomicalDusk": "2021-02-16T15:51:00Z",
      "civilDawn": "2021-02-16T05:11:00Z",
      "civilDusk": "2021-02-16T15:18:00Z",
      "date": "2021-02-15T23:00:00Z"
    },
    "thumbprint": "6d799a43e7cdd9a14cad5f984a2b6bd7f47d184b039cc455f625b4a3ff28d0e8"
  },
  {
    "coordinate": {
      "index": 0,
      "latitude": 50.0335,
      "longitude": 15.4069
    },
    "handle": 2239036584,
    "identification": "LKCVC",
    "link": "LKCV",
    "name": "LKCV CHARLIE",
    "sun": {
      "astronomicalDawn": "2021-02-16T04:36:00Z",
      "astronomicalDusk": "2021-02-16T15:50:00Z",
      "civilDawn": "2021-02-16T05:10:00Z",
      "civilDusk": "2021-02-16T15:16:00Z",
      "date": "2021-02-15T23:00:00Z"
    },
    "thumbprint": "655ffb44d27a5402eeec4a66ce096bc48d8a6e52799f3ebe7a206975a99fecbb"
  },
  {
    "coordinate": {
      "index": 0,
      "latitude": 49.7613,
      "longitude": 15.3044
    },
    "handle": 214834881,
    "identification": "LKCVE",
    "link": "LKCV",
    "name": "LKCV EKNEV",
    "sun": {
      "astronomicalDawn": "2021-02-16T04:37:00Z",
      "astronomicalDusk": "2021-02-16T15:50:00Z",
      "civilDawn": "2021-02-16T05:10:00Z",
      "civilDusk": "2021-02-16T15:17:00Z",
      "date": "2021-02-15T23:00:00Z"
    },
    "thumbprint": "9a39087f1669b3e25429babd2b95a064834ebae05e43bfc36dacc6dd3ac90855"
  },
  {
    "coordinate": {
      "index": 0,
      "latitude": 49.9553,
      "longitude": 15.5188
    },
    "handle": 1663970985,
    "identification": "LKCVD",
    "link": "LKCV",
    "name": "LKCV DELTA",
    "sun": {
      "astronomicalDawn": "2021-02-16T04:36:00Z",
      "astronomicalDusk": "2021-02-16T15:49:00Z",
      "civilDawn": "2021-02-16T05:09:00Z",
      "civilDusk": "2021-02-16T15:16:00Z",
      "date": "2021-02-15T23:00:00Z"
    },
    "thumbprint": "8f2069060882c499fbe278dadc84cbac0fb286e2f819415ac203f2bc3725e387"
  },
  {
    "coordinate": {
      "index": 0,
      "latitude": 49.8519,
      "longitude": 15.3456
    },
    "handle": 2721108252,
    "identification": "LKCVB",
    "link": "LKCV",
    "name": "LKCV BRAVO",
    "sun": {
      "astronomicalDawn": "2021-02-16T04:36:00Z",
      "astronomicalDusk": "2021-02-16T15:50:00Z",
      "civilDawn": "2021-02-16T05:10:00Z",
      "civilDusk": "2021-02-16T15:17:00Z",
      "date": "2021-02-15T23:00:00Z"
    },
    "thumbprint": "dd199389a8e7873c759b4dcf4eae55fae86de78086132a4119ed99738c7b8f3f"
  },
  {
    "coordinate": {
      "index": 0,
      "latitude": 49.8972,
      "longitude": 15.6406
    },
    "handle": 2318873697,
    "identification": "LKPDX",
    "link": "LKPD",
    "name": "LKPD XRAY",
    "sun": {
      "astronomicalDawn": "2021-02-16T04:35:00Z",
      "astronomicalDusk": "2021-02-16T15:49:00Z",
      "civilDawn": "2021-02-16T05:09:00Z",
      "civilDusk": "2021-02-16T15:16:00Z",
      "date": "2021-02-15T23:00:00Z"
    },
    "thumbprint": "ba81c7c537f05e4c05c0eafa610d27044b79d8c1b8fb8a6001907bcf87eb99dd"
  },
  {
    "coordinate": {
      "index": 0,
      "latitude": 50.1278,
      "longitude": 15.5367
    },
    "handle": 934216208,
    "identification": "LKPDW",
    "link": "LKPD",
    "name": "LKPD WHISKY",
    "sun": {
      "astronomicalDawn": "2021-02-16T04:36:00Z",
      "astronomicalDusk": "2021-02-16T15:49:00Z",
      "civilDawn": "2021-02-16T05:10:00Z",
      "civilDusk": "2021-02-16T15:15:00Z",
      "date": "2021-02-15T23:00:00Z"
    },
    "thumbprint": "9b511f5966dec55771e8b9436f4fca31c080fe804acf292cc0019c6a68667668"
  },
  {
    "coordinate": {
      "index": 0,
      "latitude": 50.1392,
      "longitude": 15.7886
    },
    "handle": 1702981567,
    "identification": "LKPDN",
    "link": "LKPD",
    "name": "LKPD NOVEMBER",
    "sun": {
      "astronomicalDawn": "2021-02-16T04:35:00Z",
      "astronomicalDusk": "2021-02-16T15:48:00Z",
      "civilDawn": "2021-02-16T05:09:00Z",
      "civilDusk": "2021-02-16T15:14:00Z",
      "date": "2021-02-15T23:00:00Z"
    },
    "thumbprint": "ed5e649676ad4d3da0c45c8abdc5701190d548764f7027803f9a8a5751f101ce"
  },
  {
    "coordinate": {
      "index": 0,
      "latitude": 49.995,
      "longitude": 16.1092
    },
    "handle": 1513277262,
    "identification": "LKPDE",
    "link": "LKPD",
    "name": "LKPD ECHO",
    "sun": {
      "astronomicalDawn": "2021-02-16T04:34:00Z",
      "astronomicalDusk": "2021-02-16T15:47:00Z",
      "civilDawn": "2021-02-16T05:07:00Z",
      "civilDusk": "2021-02-16T15:13:00Z",
      "date": "2021-02-15T23:00:00Z"
    },
    "thumbprint": "2267d248b7dbd6faeea375e1d390b39828d01109d1702ca045cd2424f43afcd3"
  },
  {
    "coordinate": {
      "index": 0,
      "latitude": 50.1025,
      "longitude": 15.8569
    },
    "handle": 1149674279,
    "identification": "LKPDD",
    "link": "LKPD",
    "name": "LKPD DELTA",
    "sun": {
      "astronomicalDawn": "2021-02-16T04:35:00Z",
      "astronomicalDusk": "2021-02-16T15:48:00Z",
      "civilDawn": "2021-02-16T05:08:00Z",
      "civilDusk": "2021-02-16T15:14:00Z",
      "date": "2021-02-15T23:00:00Z"
    },
    "thumbprint": "86611518d10fa43bc26206bafff0776030ba9714f5410a8bf7eda6fd67d6f644"
  },
  {
    "coordinate": {
      "index": 0,
      "latitude": 50.1156,
      "longitude": 15.6528
    },
    "handle": 1751399455,
    "identification": "LKPDC",
    "link": "LKPD",
    "name": "LKPD CHARLIE",
    "sun": {
      "astronomicalDawn": "2021-02-16T04:36:00Z",
      "astronomicalDusk": "2021-02-16T15:48:00Z",
      "civilDawn": "2021-02-16T05:09:00Z",
      "civilDusk": "2021-02-16T15:15:00Z",
      "date": "2021-02-15T23:00:00Z"
    },
    "thumbprint": "4ee12d937e8143cb449c83fb80dd060c214a7d8f13125c5c7ffb33dcfc210b07"
  },
  {
    "coordinate": {
      "index": 0,
      "latitude": 49.9742,
      "longitude": 15.8703
    },
    "handle": 778701385,
    "identification": "LKPDB",
    "link": "LKPD",
    "name": "LKPD BRAVO",
    "sun": {
      "astronomicalDawn": "2021-02-16T04:35:00Z",
      "astronomicalDusk": "2021-02-16T15:48:00Z",
      "civilDawn": "2021-02-16T05:08:00Z",
      "civilDusk": "2021-02-16T15:14:00Z",
      "date": "2021-02-15T23:00:00Z"
    },
    "thumbprint": "e2da68a012a7d7754394da4d82ff866999574ee1057ad3a3b488ceb20f89d0d6"
  },
  {
    "coordinate": {
      "index": 0,
      "latitude": 49.9753,
      "longitude": 15.6431
    },
    "handle": 88401319,
    "identification": "LKPDA",
    "link": "LKPD",
    "name": "LKPD ALFA",
    "sun": {
      "astronomicalDawn": "2021-02-16T04:35:00Z",
      "astronomicalDusk": "2021-02-16T15:49:00Z",
      "civilDawn": "2021-02-16T05:09:00Z",
      "civilDusk": "2021-02-16T15:15:00Z",
      "date": "2021-02-15T23:00:00Z"
    },
    "thumbprint": "f50841b48cf80be461554769dc575c0282ed489e1784008fa4e6ed5f490a192d"
  },
  {
    "coordinate": {
      "index": 0,
      "latitude": 49.1064,
      "longitude": 17.3153
    },
    "handle": 1005048657,
    "identification": "LKKUW",
    "link": "LKKU",
    "name": "LKKU WHISKY",
    "sun": {
      "astronomicalDawn": "2021-02-16T04:28:00Z",
      "astronomicalDusk": "2021-02-16T15:43:00Z",
      "civilDawn": "2021-02-16T05:00:00Z",
      "civilDusk": "2021-02-16T15:10:00Z",
      "date": "2021-02-15T23:00:00Z"
    },
    "thumbprint": "6eda91aa790c0ce35d69fa21ad47acc5d9b397453da1d014d61e59e456399f3f"
  },
  {
    "coordinate": {
      "index": 0,
      "latitude": 48.9742,
      "longitude": 17.2681
    },
    "handle": 2685674658,
    "identification": "LKKUS",
    "link": "LKKU",
    "name": "LKKU SIERRA",
    "sun": {
      "astronomicalDawn": "2021-02-16T04:28:00Z",
      "astronomicalDusk": "2021-02-16T15:44:00Z",
      "civilDawn": "2021-02-16T05:00:00Z",
      "civilDusk": "2021-02-16T15:11:00Z",
      "date": "2021-02-15T23:00:00Z"
    },
    "thumbprint": "5a4c5b64898bf266e0e658593394a5b80a9e7287ce2366707b3c8f46aeaa6eeb"
  },
  {
    "coordinate": {
      "index": 0,
      "latitude": 49.1703,
      "longitude": 17.4725
    },
    "handle": 2819917107,
    "identification": "LKKUN",
    "link": "LKKU",
    "name": "LKKU NOVEMBER",
    "sun": {
      "astronomicalDawn": "2021-02-16T04:27:00Z",
      "astronomicalDusk": "2021-02-16T15:42:00Z",
      "civilDawn": "2021-02-16T05:00:00Z",
      "civilDusk": "2021-02-16T15:10:00Z",
      "date": "2021-02-15T23:00:00Z"
    },
    "thumbprint": "7ef776289332dd50cd62e65b5be4041156f5e0a97fe26cf892f570c5ac9dd6dd"
  },
  {
    "coordinate": {
      "index": 0,
      "latitude": 49.0231,
      "longitude": 17.6408
    },
    "handle": 4196491423,
    "identification": "LKKUE",
    "link": "LKKU",
    "name": "LKKU ECHO",
    "sun": {
      "astronomicalDawn": "2021-02-16T04:26:00Z",
      "astronomicalDusk": "2021-02-16T15:42:00Z",
      "civilDawn": "2021-02-16T04:59:00Z",
      "civilDusk": "2021-02-16T15:09:00Z",
      "date": "2021-02-15T23:00:00Z"
    },
    "thumbprint": "e95d64f1e5948190335f0974ca88e30b839d9b22ece668c95977ffd151b25e4a"
  },
  {
    "coordinate": {
      "index": 0,
      "latitude": 49.9808,
      "longitude": 14.6061
    },
    "handle": 1710058591,
    "identification": "LKKBR",
    "link": "LKKB",
    "name": "LKKB ROMEO",
    "sun": {
      "astronomicalDawn": "2021-02-16T04:40:00Z",
      "astronomicalDusk": "2021-02-16T15:53:00Z",
      "civilDawn": "2021-02-16T05:13:00Z",
      "civilDusk": "2021-02-16T15:19:00Z",
      "date": "2021-02-15T23:00:00Z"
    },
    "thumbprint": "2e811971899957aba2e55ebf9d737b6c1488da48965b7bfcf5624950332e390d"
  },
  {
    "coordinate": {
      "index": 0,
      "latitude": 50.0717,
      "longitude": 14.7733
    },
    "handle": 4071533562,
    "identification": "LKKBU",
    "link": "LKKB",
    "name": "LKKB UNIFORM",
    "sun": {
      "astronomicalDawn": "2021-02-16T04:39:00Z",
      "astronomicalDusk": "2021-02-16T15:52:00Z",
      "civilDawn": "2021-02-16T05:13:00Z",
      "civilDusk": "2021-02-16T15:19:00Z",
      "date": "2021-02-15T23:00:00Z"
    },
    "thumbprint": "734135725e1eeff8e0a13444ca167323096e0bf419af0f4ebdd899f30cdcd226"
  },
  {
    "coordinate": {
      "index": 0,
      "latitude": 50.1772,
      "longitude": 14.8553
    },
    "handle": 3246337592,
    "identification": "LKKBL",
    "link": "LKKB",
    "name": "LKKB LIMA",
    "sun": {
      "astronomicalDawn": "2021-02-16T04:39:00Z",
      "astronomicalDusk": "2021-02-16T15:52:00Z",
      "civilDawn": "2021-02-16T05:12:00Z",
      "civilDusk": "2021-02-16T15:18:00Z",
      "date": "2021-02-15T23:00:00Z"
    },
    "thumbprint": "32bd71ba2e7160d643cd18bcf8f25f7708a358ff9ac40d0f5ac2d546bac3b910"
  },
  {
    "coordinate": {
      "index": 0,
      "latitude": 50.2075,
      "longitude": 14.6964
    },
    "handle": 1623627761,
    "identification": "LKKBM",
    "link": "LKKB",
    "name": "LKKB MIKE",
    "sun": {
      "astronomicalDawn": "2021-02-16T04:40:00Z",
      "astronomicalDusk": "2021-02-16T15:52:00Z",
      "civilDawn": "2021-02-16T05:13:00Z",
      "civilDusk": "2021-02-16T15:19:00Z",
      "date": "2021-02-15T23:00:00Z"
    },
    "thumbprint": "67af6cacedc633be9ae59daa61ac95d4e25ccdceec714538d36a4c1aa4960e9d"
  },
  {
    "coordinate": {
      "index": 0,
      "latitude": 50.1528,
      "longitude": 13.9831
    },
    "handle": 2262769148,
    "identification": "LKPRW",
    "link": "LKPR",
    "name": "LKPR WHISKY",
    "sun": {
      "astronomicalDawn": "2021-02-16T04:42:00Z",
      "astronomicalDusk": "2021-02-16T15:55:00Z",
      "civilDawn": "2021-02-16T05:16:00Z",
      "civilDusk": "2021-02-16T15:22:00Z",
      "date": "2021-02-15T23:00:00Z"
    },
    "thumbprint": "8fadf3fac1a677fa309c00a1d48c6745a099c8f3fd8fa6125591f7282d115263"
  },
  {
    "coordinate": {
      "index": 0,
      "latitude": 50.0497,
      "longitude": 14.2728
    },
    "handle": 211418941,
    "identification": "LKPRT",
    "link": "LKPR",
    "name": "LKPR TANGO",
    "sun": {
      "astronomicalDawn": "2021-02-16T04:41:00Z",
      "astronomicalDusk": "2021-02-16T15:54:00Z",
      "civilDawn": "2021-02-16T05:15:00Z",
      "civilDusk": "2021-02-16T15:21:00Z",
      "date": "2021-02-15T23:00:00Z"
    },
    "thumbprint": "f7b92ae0979feece7eb1e77aaa5c4996810d6381f6c0b1bf3e4e9e474b63f28e"
  },
  {
    "coordinate": {
      "index": 0,
      "latitude": 49.9617,
      "longitude": 14.0828
    },
    "handle": 3699306935,
    "identification": "LKPRS",
    "link": "LKPR",
    "name": "LKPR SIERRA",
    "sun": {
      "astronomicalDawn": "2021-02-16T04:42:00Z",
      "astronomicalDusk": "2021-02-16T15:55:00Z",
      "civilDawn": "2021-02-16T05:15:00Z",
      "civilDusk": "2021-02-16T15:22:00Z",
      "date": "2021-02-15T23:00:00Z"
    },
    "thumbprint": "e0d762d1d8e9f9ce346af9c7e3f9ec412eb14ae95427219726a1dd1ec32986fe"
  },
  {
    "coordinate": {
      "index": 0,
      "latitude": 50.2683,
      "longitude": 14.2392
    },
    "handle": 188092355,
    "identification": "LKPRN",
    "link": "LKPR",
    "name": "LKPR NOVEMBER",
    "sun": {
      "astronomicalDawn": "2021-02-16T04:41:00Z",
      "astronomicalDusk": "2021-02-16T15:54:00Z",
      "civilDawn": "2021-02-16T05:15:00Z",
      "civilDusk": "2021-02-16T15:20:00Z",
      "date": "2021-02-15T23:00:00Z"
    },
    "thumbprint": "3f95c2e04c52e3dd75ec907925bf74785c55d01e3a8ffe2275a102608102e7da"
  },
  {
    "coordinate": {
      "index": 0,
      "latitude": 50.1883,
      "longitude": 14.0411
    },
    "handle": 3260265554,
    "identification": "LKPRC",
    "link": "LKPR",
    "name": "LKPR CHARLIE",
    "sun": {
      "astronomicalDawn": "2021-02-16T04:42:00Z",
      "astronomicalDusk": "2021-02-16T15:55:00Z",
      "civilDawn": "2021-02-16T05:16:00Z",
      "civilDusk": "2021-02-16T15:21:00Z",
      "date": "2021-02-15T23:00:00Z"
    },
    "thumbprint": "366fc7d23ab865b3c6a823e58c0d72a2a004724daaf9e29b2034b6b1c8b19cb7"
  },
  {
    "coordinate": {
      "index": 0,
      "latitude": 49.9861,
      "longitude": 14.3614
    },
    "handle": 1247350133,
    "identification": "LKPRE",
    "link": "LKPR",
    "name": "LKPR ECHO",
    "sun": {
      "astronomicalDawn": "2021-02-16T04:41:00Z",
      "astronomicalDusk": "2021-02-16T15:54:00Z",
      "civilDawn": "2021-02-16T05:14:00Z",
      "civilDusk": "2021-02-16T15:20:00Z",
      "date": "2021-02-15T23:00:00Z"
    },
    "thumbprint": "6f8cffe4d7d6dc7ce5545baa1243b0180b0bb41b92c4599cc938d8d6b9efb506"
  },
  {
    "coordinate": {
      "index": 0,
      "latitude": 50.1878,
      "longitude": 14.1858
    },
    "handle": 1563280228,
    "identification": "LKPRB",
    "link": "LKPR",
    "name": "LKPR BRAVO",
    "sun": {
      "astronomicalDawn": "2021-02-16T04:42:00Z",
      "astronomicalDusk": "2021-02-16T15:54:00Z",
      "civilDawn": "2021-02-16T05:15:00Z",
      "civilDusk": "2021-02-16T15:21:00Z",
      "date": "2021-02-15T23:00:00Z"
    },
    "thumbprint": "a764f6817dc74d1ab7fa63788ad85cb3f73b104e92997a849fc8a728679ab8e1"
  },
  {
    "coordinate": {
      "index": 0,
      "latitude": 50.1381,
      "longitude": 14.2439
    },
    "handle": 2518612332,
    "identification": "LKPRA",
    "link": "LKPR",
    "name": "LKPR ALFA",
    "sun": {
      "astronomicalDawn": "2021-02-16T04:41:00Z",
      "astronomicalDusk": "2021-02-16T15:54:00Z",
      "civilDawn": "2021-02-16T05:15:00Z",
      "civilDusk": "2021-02-16T15:21:00Z",
      "date": "2021-02-15T23:00:00Z"
    },
    "thumbprint": "74547c7d3d376db96560156dff7ce90b2ce31e8cc675c486d967db33ebd06e6c"
  },
  {
    "coordinate": {
      "index": 0,
      "latitude": 49.7492,
      "longitude": 17.8719
    },
    "handle": 3682011578,
    "identification": "LKMTW",
    "link": "LKMT",
    "name": "LKMT WHISKY",
    "sun": {
      "astronomicalDawn": "2021-02-16T04:26:00Z",
      "astronomicalDusk": "2021-02-16T15:40:00Z",
      "civilDawn": "2021-02-16T05:00:00Z",
      "civilDusk": "2021-02-16T15:07:00Z",
      "date": "2021-02-15T23:00:00Z"
    },
    "thumbprint": "69a4d43adc70129ed51f2f0b56ec2cf35ebf4f41098aa4dc62d71afe44343583"
  },
  {
    "coordinate": {
      "index": 0,
      "latitude": 49.585,
      "longitude": 17.7997
    },
    "handle": 54295969,
    "identification": "LKMTT",
    "link": "LKMT",
    "name": "LKMT TANGO",
    "sun": {
      "astronomicalDawn": "2021-02-16T04:26:00Z",
      "astronomicalDusk": "2021-02-16T15:41:00Z",
      "civilDawn": "2021-02-16T04:59:00Z",
      "civilDusk": "2021-02-16T15:08:00Z",
      "date": "2021-02-15T23:00:00Z"
    },
    "thumbprint": "2260dedf9a9f5fe35b58efa07db7d06b23445f9ea6a6833ac428b4628e910a2b"
  },
  {
    "coordinate": {
      "index": 0,
      "latitude": 49.5389,
      "longitude": 18.0236
    },
    "handle": 2138237328,
    "identification": "LKMTS",
    "link": "LKMT",
    "name": "LKMT SIERRA",
    "sun": {
      "astronomicalDawn": "2021-02-16T04:25:00Z",
      "astronomicalDusk": "2021-02-16T15:40:00Z",
      "civilDawn": "2021-02-16T04:58:00Z",
      "civilDusk": "2021-02-16T15:07:00Z",
      "date": "2021-02-15T23:00:00Z"
    },
    "thumbprint": "cfb87ecec25dd65bab2e5312a61a0d3226af5c4dddae5c39dc0a8a7b8b56c0c7"
  },
  {
    "coordinate": {
      "index": 0,
      "latitude": 49.8831,
      "longitude": 18.0547
    },
    "handle": 1007309074,
    "identification": "LKMTN",
    "link": "LKMT",
    "name": "LKMT NOVEMBER",
    "sun": {
      "astronomicalDawn": "2021-02-16T04:26:00Z",
      "astronomicalDusk": "2021-02-16T15:39:00Z",
      "civilDawn": "2021-02-16T04:59:00Z",
      "civilDusk": "2021-02-16T15:06:00Z",
      "date": "2021-02-15T23:00:00Z"
    },
    "thumbprint": "9c46c8a347ae2f45b1f7f66c90d1bf6703b7c1a88f739340818c862cfc551688"
  },
  {
    "coordinate": {
      "index": 0,
      "latitude": 49.7861,
      "longitude": 18.3747
    },
    "handle": 619143256,
    "identification": "LKMTF",
    "link": "LKMT",
    "name": "LKMT FOXTROT",
    "sun": {
      "astronomicalDawn": "2021-02-16T04:24:00Z",
      "astronomicalDusk": "2021-02-16T15:38:00Z",
      "civilDawn": "2021-02-16T04:58:00Z",
      "civilDusk": "2021-02-16T15:05:00Z",
      "date": "2021-02-15T23:00:00Z"
    },
    "thumbprint": "c1fa8a1d66aab8a803c1aa19e7ffa0a86993c729c114c53c6f7486eef1904ce0"
  },
  {
    "coordinate": {
      "index": 0,
      "latitude": 49.6633,
      "longitude": 18.3203
    },
    "handle": 3500166452,
    "identification": "LKMTE",
    "link": "LKMT",
    "name": "LKMT ECHO",
    "sun": {
      "astronomicalDawn": "2021-02-16T04:24:00Z",
      "astronomicalDusk": "2021-02-16T15:38:00Z",
      "civilDawn": "2021-02-16T04:58:00Z",
      "civilDusk": "2021-02-16T15:05:00Z",
      "date": "2021-02-15T23:00:00Z"
    },
    "thumbprint": "486eb17178c44126e3dc8b47279422be381b94296d6bf0771a42014745c8def0"
  },
  {
    "coordinate": {
      "index": 0,
      "latitude": 49.7047,
      "longitude": 18.0511
    },
    "handle": 2168689205,
    "identification": "LKMTB",
    "link": "LKMT",
    "name": "LKMT BRAVO",
    "sun": {
      "astronomicalDawn": "2021-02-16T04:25:00Z",
      "astronomicalDusk": "2021-02-16T15:39:00Z",
      "civilDawn": "2021-02-16T04:59:00Z",
      "civilDusk": "2021-02-16T15:06:00Z",
      "date": "2021-02-15T23:00:00Z"
    },
    "thumbprint": "a65d9e8cad04f71bcfa679a7a26eb31de2c9b1185dda02745c23c9941ef3b708"
  },
  {
    "coordinate": {
      "index": 0,
      "latitude": 49.65,
      "longitude": 18.1411
    },
    "handle": 1243687015,
    "identification": "LKMTA",
    "link": "LKMT",
    "name": "LKMT ALFA",
    "sun": {
      "astronomicalDawn": "2021-02-16T04:25:00Z",
      "astronomicalDusk": "2021-02-16T15:39:00Z",
      "civilDawn": "2021-02-16T04:58:00Z",
      "civilDusk": "2021-02-16T15:06:00Z",
      "date": "2021-02-15T23:00:00Z"
    },
    "thumbprint": "e1aaa4f107e911244f51d71f9c999d5736935b886766e3d55c302b22f4566e73"
  },
  {
    "coordinate": {
      "index": 0,
      "latitude": 50.1894,
      "longitude": 12.7581
    },
    "handle": 3616527745,
    "identification": "LKKVW",
    "link": "LKKV",
    "name": "LKKV WHISKY",
    "sun": {
      "astronomicalDawn": "2021-02-16T04:47:00Z",
      "astronomicalDusk": "2021-02-16T16:00:00Z",
      "civilDawn": "2021-02-16T05:21:00Z",
      "civilDusk": "2021-02-16T15:26:00Z",
      "date": "2021-02-15T23:00:00Z"
    },
    "thumbprint": "0280aed2dc6f916991ee2a95fc247b7c9ad75296f602894cd263c5e9f74e0b27"
  },
  {
    "coordinate": {
      "index": 0,
      "latitude": 50.0839,
      "longitude": 12.84
    },
    "handle": 536784351,
    "identification": "LKKVS",
    "link": "LKKV",
    "name": "LKKV SIERRA",
    "sun": {
      "astronomicalDawn": "2021-02-16T04:47:00Z",
      "astronomicalDusk": "2021-02-16T16:00:00Z",
      "civilDawn": "2021-02-16T05:20:00Z",
      "civilDusk": "2021-02-16T15:26:00Z",
      "date": "2021-02-15T23:00:00Z"
    },
    "thumbprint": "ec1303924a60c6c846dfdd0e35ac7e158f350f92b0123f726cd4c3387e01ed49"
  },
  {
    "coordinate": {
      "index": 0,
      "latitude": 50.2817,
      "longitude": 12.9386
    },
    "handle": 1524769458,
    "identification": "LKKVN",
    "link": "LKKV",
    "name": "LKKV NOVEMBER",
    "sun": {
      "astronomicalDawn": "2021-02-16T04:47:00Z",
      "astronomicalDusk": "2021-02-16T15:59:00Z",
      "civilDawn": "2021-02-16T05:20:00Z",
      "civilDusk": "2021-02-16T15:26:00Z",
      "date": "2021-02-15T23:00:00Z"
    },
    "thumbprint": "a2e8d538fb634db2d3621058a96cb66c2cec1eb754b6debeb25006ba8b8f55c9"
  },
  {
    "coordinate": {
      "index": 0,
      "latitude": 50.0842,
      "longitude": 13.1267
    },
    "handle": 2977760970,
    "identification": "LKKVE",
    "link": "LKKV",
    "name": "LKKV ECHO",
    "sun": {
      "astronomicalDawn": "2021-02-16T04:46:00Z",
      "astronomicalDusk": "2021-02-16T15:59:00Z",
      "civilDawn": "2021-02-16T05:19:00Z",
      "civilDusk": "2021-02-16T15:25:00Z",
      "date": "2021-02-15T23:00:00Z"
    },
    "thumbprint": "c88848ecb3618585b8150761fc1a01a21e66adab445a9956d00b78b371865546"
  },
  {
    "coordinate": {
      "index": 0,
      "latitude": 50.1708,
      "longitude": 12.8917
    },
    "handle": 3959971269,
    "identification": "LKKVB",
    "link": "LKKV",
    "name": "LKKV BRAVO",
    "sun": {
      "astronomicalDawn": "2021-02-16T04:47:00Z",
      "astronomicalDusk": "2021-02-16T15:59:00Z",
      "civilDawn": "2021-02-16T05:20:00Z",
      "civilDusk": "2021-02-16T15:26:00Z",
      "date": "2021-02-15T23:00:00Z"
    },
    "thumbprint": "3f8ac8c03ef8677adf707d063684b506decb47c4b01e1359ab98a1c034fa4b08"
  },
  {
    "coordinate": {
      "index": 0,
      "latitude": 50.2378,
      "longitude": 12.9278
    },
    "handle": 4224868016,
    "identification": "LKKVA",
    "link": "LKKV",
    "name": "LKKV ALFA",
    "sun": {
      "astronomicalDawn": "2021-02-16T04:47:00Z",
      "astronomicalDusk": "2021-02-16T15:59:00Z",
      "civilDawn": "2021-02-16T05:20:00Z",
      "civilDusk": "2021-02-16T15:26:00Z",
      "date": "2021-02-15T23:00:00Z"
    },
    "thumbprint": "2b533e711fcff9da31e3dff0113f9c05e0c0d0c86d7679ee5bab144dd33a419e"
  },
  {
    "coordinate": {
      "index": 0,
      "latitude": 48.9964,
      "longitude": 16.6889
    },
    "handle": 4177720785,
    "identification": "LKTBZ",
    "link": "LKTB",
    "name": "LKTB ZULU",
    "sun": {
      "astronomicalDawn": "2021-02-16T04:30:00Z",
      "astronomicalDusk": "2021-02-16T15:46:00Z",
      "civilDawn": "2021-02-16T05:03:00Z",
      "civilDusk": "2021-02-16T15:13:00Z",
      "date": "2021-02-15T23:00:00Z"
    },
    "thumbprint": "830313a5267cdc73052044e1f2c0301732d51e2b9e9657c8b7a7123124093033"
  },
  {
    "coordinate": {
      "index": 0,
      "latitude": 49.1108,
      "longitude": 16.5208
    },
    "handle": 2172106040,
    "identification": "LKTBW",
    "link": "LKTB",
    "name": "LKTB WHISKY",
    "sun": {
      "astronomicalDawn": "2021-02-16T04:31:00Z",
      "astronomicalDusk": "2021-02-16T15:46:00Z",
      "civilDawn": "2021-02-16T05:04:00Z",
      "civilDusk": "2021-02-16T15:14:00Z",
      "date": "2021-02-15T23:00:00Z"
    },
    "thumbprint": "488a9c82ffe8c6ca0e78cc75224882cca81ae8825cdabbfd02b600b5af40aae3"
  },
  {
    "coordinate": {
      "index": 0,
      "latitude": 48.9978,
      "longitude": 16.8622
    },
    "handle": 2000921812,
    "identification": "LKTBS",
    "link": "LKTB",
    "name": "LKTB SIERRA",
    "sun": {
      "astronomicalDawn": "2021-02-16T04:29:00Z",
      "astronomicalDusk": "2021-02-16T15:45:00Z",
      "civilDawn": "2021-02-16T05:02:00Z",
      "civilDusk": "2021-02-16T15:12:00Z",
      "date": "2021-02-15T23:00:00Z"
    },
    "thumbprint": "aa5352b106732850e68cb3d193a32964c4e63b0992ec2fcbdf09a346230370e4"
  },
  {
    "coordinate": {
      "index": 0,
      "latitude": 49.2922,
      "longitude": 16.5603
    },
    "handle": 3353105929,
    "identification": "LKTBN",
    "link": "LKTB",
    "name": "LKTB NOVEMBER",
    "sun": {
      "astronomicalDawn": "2021-02-16T04:31:00Z",
      "astronomicalDusk": "2021-02-16T15:46:00Z",
      "civilDawn": "2021-02-16T05:04:00Z",
      "civilDusk": "2021-02-16T15:13:00Z",
      "date": "2021-02-15T23:00:00Z"
    },
    "thumbprint": "076b5c0f94e3c63a692adbbfc1f4f8cfe561989b2b5cf5a8df9bea3163cd6a37"
  },
  {
    "coordinate": {
      "index": 0,
      "latitude": 49.2036,
      "longitude": 16.8861
    },
    "handle": 1531395599,
    "identification": "LKTBE",
    "link": "LKTB",
    "name": "LKTB ECHO",
    "sun": {
      "astronomicalDawn": "2021-02-16T04:29:00Z",
      "astronomicalDusk": "2021-02-16T15:45:00Z",
      "civilDawn": "2021-02-16T05:02:00Z",
      "civilDusk": "2021-02-16T15:12:00Z",
      "date": "2021-02-15T23:00:00Z"
    },
    "thumbprint": "f4d9712ebb3445415405003e4fbf219929c5da07d729939081260a14faccf4bb"
  },
  {
    "coordinate": {
      "index": 0,
      "latitude": 49.1817,
      "longitude": 16.7125
    },
    "handle": 1054110923,
    "identification": "LKTBB",
    "link": "LKTB",
    "name": "LKTB BRAVO",
    "sun": {
      "astronomicalDawn": "2021-02-16T04:30:00Z",
      "astronomicalDusk": "2021-02-16T15:46:00Z",
      "civilDawn": "2021-02-16T05:03:00Z",
      "civilDusk": "2021-02-16T15:13:00Z",
      "date": "2021-02-15T23:00:00Z"
    },
    "thumbprint": "61f9f70250b68da1cbb9c212315351c022f828e5260889ad61fa4c5f495d04e8"
  },
  {
    "coordinate": {
      "index": 0,
      "latitude": 49.1175,
      "longitude": 16.7033
    },
    "handle": 2362413442,
    "identification": "LKTBA",
    "link": "LKTB",
    "name": "LKTB ALFA",
    "sun": {
      "astronomicalDawn": "2021-02-16T04:30:00Z",
      "astronomicalDusk": "2021-02-16T15:46:00Z",
      "civilDawn": "2021-02-16T05:03:00Z",
      "civilDusk": "2021-02-16T15:13:00Z",
      "date": "2021-02-15T23:00:00Z"
    },
    "thumbprint": "5dd5c53f4747e6f65c5f16db9cd406d68534e7f162017e46405867ad823e5cdf"
  }
]