[
  {
    "coordinate": {
      "index": 0,
      "latitude": 49.93,
      "longitude": 15.2335
    },
    "handle": 3743813752,
    "identification": "LKCVA",
    "link": "LKCV",
    "name": "LKCV ALFA",
    "sun": {
      "astronomicalDawn": "2021-02-08T04:50:00Z",
      "astronomicalDusk": "2021-02-08T15:37:00Z",
      "civilDawn": "2021-02-08T05:24:00Z",
      "civilDusk": "2021-02-08T15:03:00Z",
      "date": "2021-02-07T23:00:00Z"
    },
    "thumbprint": "14f3c70e96e816d3773d1b11b121b6f3438b7717173974269103244c484489d1"
  },
  {
    "coordinate": {
      "index": 0,
      "latitude": 49.9014,
      "longitude": 15.9358
    },
    "handle": 234711140,
    "identification": "LKPDS",
    "link": "LKPD",
    "name": "LKPD SIERRA",
    "sun": {
      "astronomicalDawn": "2021-02-08T04:47:00Z",
      "astronomicalDusk": "2021-02-08T15:35:00Z",
      "civilDawn": "2021-02-08T05:21:00Z",
      "civilDusk": "2021-02-08T15:01:00Z",
      "date": "2021-02-07T23:00:00Z"
    },
    "thumbprint": "b1647bcdd64204e7b3aca5193e35cc4ca5da78551632f9b5c6820c4e44737f52"
  },
  {
    "coordinate": {
      "index": 0,
      "latitude": 49.1939,
      "longitude": 16.22
    },
    "handle": 4157391831,
    "identification": "LKNAB",
    "link": "LKNA",
    "name": "LKNA BRAVO",
    "sun": {
      "astronomicalDawn": "2021-02-08T04:45:00Z",
      "astronomicalDusk": "2021-02-08T15:35:00Z",
      "civilDawn": "2021-02-08T05:18:00Z",
      "civilDusk": "2021-02-08T15:01:00Z",
      "date": "2021-02-07T23:00:00Z"
    },
    "thumbprint": "88a6b68839f9aa6f40a851cc652710f1d6fe1b9689c1561cf7d494b6fbc430b7"
  },
  {
    "coordinate": {
      "index": 0,
      "latitude": 49.1397,
      "longitude": 16.0625
    },
    "handle": 2394705877,
    "identification": "LKNAA",
    "link": "LKNA",
    "name": "LKNA ALFA",
    "sun": {
      "astronomicalDawn": "2021-02-08T04:45:00Z",
      "astronomicalDusk": "2021-02-08T15:36:00Z",
      "civilDawn": "2021-02-08T05:19:00Z",
      "civilDusk": "2021-02-08T15:02:00Z",
      "date": "2021-02-07T23:00:00Z"
    },
    "thumbprint": "47b664d3276c9c768bcfc87d7f3caebd63669aa300f968478d82ba4fa66a1af9"
  },
  {
    "coordinate": {
      "index": 0,
      "latitude": 49.8627,
      "longitude": 15.0666
    },
    "handle": 2580374064,
    "identification": "LKCVJ",
    "link": "LKCV",
    "name": "LKCV JANO",
    "sun": {
      "astronomicalDawn": "2021-02-08T04:50:00Z",
      "astronomicalDusk": "2021-02-08T15:38:00Z",
      "civilDawn": "2021-02-08T05:25:00Z",
      "civilDusk": "2021-02-08T15:04:00Z",
      "date": "2021-02-07T23:00:00Z"
    },
    "thumbprint": "9d3a2aa00024e03b2f44747e27e37bc6f4f6e8cb5ce09c5fb96f9e484d8e86a1"
  },
  {
    "coordinate": {
      "index": 0,
      "latitude": 50.1653,
      "longitude": 15.795
    },
    "handle": 1749286575,
    "identification": "LKHKO",
    "link": "LKHK",
    "name": "LKHK OPAT",
    "sun": {
      "astronomicalDawn": "2021-02-08T04:48:00Z",
      "astronomicalDusk": "2021-02-08T15:35:00Z",
      "civilDawn": "2021-02-08T05:22:00Z",
      "civilDusk": "2021-02-08T15:00:00Z",
      "date": "2021-02-07T23:00:00Z"
    },
    "thumbprint": "2a2494314c25a22756b67b538890ef16037fb4e4acea0e0936037ba887ab82df"
  },
  {
    "coordinate": {
      "index": 0,
      "latitude": 50.3333,
      "longitude": 15.7242
    },
    "handle": 2456596705,
    "identification": "LKHKE",
    "link": "LKHK",
    "name": "LKHK CEPRO",
    "sun": {
      "astronomicalDawn": "2021-02-08T04:49:00Z",
      "astronomicalDusk": "2021-02-08T15:35:00Z",
      "civilDawn": "2021-02-08T05:23:00Z",
      "civilDusk": "2021-02-08T15:00:00Z",
      "date": "2021-02-07T23:00:00Z"
    },
    "thumbprint": "b71f4c99f2adf40c5d683b27e94eaff90fbb867005df9cb7de4313d9352783ea"
  },
  {
    "coordinate": {
      "index": 0,
      "latitude": 50.2631,
      "longitude": 15.9322
    },
    "handle": 2159690855,
    "identification": "LKHKC",
    "link": "LKHK",
    "name": "LKHK CELOV",
    "sun": {
      "astronomicalDawn": "2021-02-08T04:48:00Z",
      "astronomicalDusk": "2021-02-08T15:34:00Z",
      "civilDawn": "2021-02-08T05:22:00Z",
      "civilDusk": "2021-02-08T15:00:00Z",
      "date": "2021-02-07T23:00:00Z"
    },
    "thumbprint": "8705477c5295575a6bd975098f50e3b9573d1b28e193d2d7d9ac3365fb28da59"
  },
  {
    "coordinate": {
      "index": 0,
      "latitude": 49.2222,
      "longitude": 16.2931
    },
    "handle": 576134694,
    "identification": "LKNAZ",
    "link": "LKNA",
    "name": "LKNA ZULU",
    "sun": {
      "astronomicalDawn": "2021-02-08T04:44:00Z",
      "astronomicalDusk": "2021-02-08T15:35:00Z",
      "civilDawn": "2021-02-08T05:18:00Z",
      "civilDusk": "2021-02-08T15:01:00Z",
      "date": "2021-02-07T23:00:00Z"
    },
    "thumbprint": "68cdfa2e550fdaf6b4845cfc28eb8b2050354b2af6117145eb6a8d1fe40f6950"
  },
  {
    "coordinate": {
      "index": 0,
      "latitude": 49.17,
      "longitude": 15.925
    },
    "handle": 756845042,
    "identification": "LKNAW",
    "link": "LKNA",
    "name": "LKNA WHISKY",
    "sun": {
      "astronomicalDawn": "2021-02-08T04:46:00Z",
      "astronomicalDusk": "2021-02-08T15:36:00Z",
      "civilDawn": "2021-02-08T05:19:00Z",
      "civilDusk": "2021-02-08T15:03:00Z",
      "date": "2021-02-07T23:00:00Z"
    },
    "thumbprint": "39886a975b3a04d04a3f77682db1217323b382e39c96a8ab2a7bb4b1281f51c8"
  },
  {
    "coordinate": {
      "index": 0,
      "latitude": 49.0331,
      "longitude": 16.1075
    },
    "handle": 3318458672,
    "identification": "LKNAS",
    "link": "LKNA",
    "name": "LKNA SIERRA",
    "sun": {
      "astronomicalDawn": "2021-02-08T04:45:00Z",
      "astronomicalDusk": "2021-02-08T15:36:00Z",
      "civilDawn": "2021-02-08T05:18:00Z",
      "civilDusk": "2021-02-08T15:02:00Z",
      "date": "2021-02-07T23:00:00Z"
    },
    "thumbprint": "523c242f9180e29fa88275fd30d4f37badd1004aeea1c2cc9e1c6533c30035d7"
  },
  {
    "coordinate": {
      "index": 0,
      "latitude": 49.0831,
      "longitude": 16.4356
    },
    "handle": 3018891729,
    "identification": "LKNAE",
    "link": "LKNA",
    "name": "LKNA ECHO",
    "sun": {
      "astronomicalDawn": "2021-02-08T04:44:00Z",
      "astronomicalDusk": "2021-02-08T15:34:00Z",
      "civilDawn": "2021-02-08T05:17:00Z",
      "civilDusk": "2021-02-08T15:01:00Z",
      "date": "2021-02-07T23:00:00Z"
    },
    "thumbprint": "fe9caed4e3312d0387f7e7deb325ebe41ed52967e8b375b20e84faee17808d83"
  },
  {
    "coordinate": {
      "index": 0,
      "latitude": 50.1392,
      "longitude": 15.2919
    },
    "handle": 2756153962,
    "identification": "LKCVZ",
    "link": "LKCV",
    "name": "LKCV ZEHU",
    "sun": {
      "astronomicalDawn": "2021-02-08T04:50:00Z",
      "astronomicalDusk": "2021-02-08T15:37:00Z",
      "civilDawn": "2021-02-08T05:24:00Z",
      "civilDusk": "2021-02-08T15:03:00Z",
      "date": "2021-02-07T23:00:00Z"
    },
    "thumbprint": "ac3e2d93d08553f319c8a196925ef0a4f016ba1f80cc90d1148d85646c47b365"
  },
  {
    "coordinate": {
      "index": 0,
      "latitude": 49.8972,
      "longitude": 15.6406
    },
    "handle": 1785358680,
    "identification": "LKCVX",
    "link": "LKCV",
    "name": "LKCV XRAY",
    "sun": {
      "astronomicalDawn": "2021-02-08T04:48:00Z",
      "astronomicalDusk": "2021-02-08T15:36:00Z",
      "civilDawn": "2021-02-08T05:22:00Z",
      "civilDusk": "2021-02-08T15:02:00Z",
      "date": "2021-02-07T23:00:00Z"
    },
    "thumbprint": "247d0aa0951a6634496fe24aee56ffa3b509e3b86783ede09efc76f878454c9f"
  },
  {
    "coordinate": {
      "index": 0,
      "latitude": 49.7867,
      "longitude": 15.8186
    },
    "handle": 1240728744,
    "identification": "LKCVT",
    "link": "LKCV",
    "name": "LKCV TRHO",
    "sun": {
      "astronomicalDawn": "2021-02-08T04:47:00Z",
      "astronomicalDusk": "2021-02-08T15:35:00Z",
      "civilDawn": "2021-02-08T05:21:00Z",
      "civilDusk": "2021-02-08T15:01:00Z",
      "date": "2021-02-07T23:00:00Z"
    },
    "thumbprint": "8c68a4304744a3822e0ab421fed4ccad7e6be44333acd6278fc0d2a135ff09d1"
  },
  {
    "coordinate": {
      "index": 0,
      "latitude": 49.6793,
      "longitude": 15.5696
    },
    "handle": 2113714839,
    "identification": "LKCVS",
    "link": "LKCV",
    "name": "LKCV SUKAV",
    "sun": {
      "astronomicalDawn": "2021-02-08T04:48:00Z",
      "astronomicalDusk": "2021-02-08T15:37:00Z",
      "civilDawn": "2021-02-08T05:22:00Z",
      "civilDusk": "2021-02-08T15:03:00Z",
      "date": "2021-02-07T23:00:00Z"
    },
    "thumbprint": "97980df46f95480cd8feee1a0f581ec28d147794f4ac52fc10a11f9dfaba6938"
  },
  {
    "coordinate": {
      "index": 0,
      "latitude": 50.0514,
      "longitude": 15.0331
    },
    "handle": 2996179168,
    "identification": "LKCVP",
    "link": "LKCV",
    "name": "LKCV PLAN",
    "sun": {
      "astronomicalDawn": "2021-02-08T04:51:00Z",
      "astronomicalDusk": "2021-02-08T15:38:00Z",
      "civilDawn": "2021-02-08T05:25:00Z",
      "civilDusk": "2021-02-08T15:04:00Z",
      "date": "2021-02-07T23:00:00Z"
    },
    "thumbprint": "fed6a4941c51985942f115d8386dc27115c1b0240b5c5ba77275dcf586b2e86f"
  },
  {
    "coordinate": {
      "index": 0,
      "latitude": 50.0335,
      "longitude": 15.4069
    },
    "handle": 3535134164,
    "identification": "LKCVC",
    "link": "LKCV",
    "name": "LKCV CHARLIE",
    "sun": {
      "astronomicalDawn": "2021-02-08T04:49:00Z",
      "astronomicalDusk": "2021-02-08T15:37:00Z",
      "civilDawn": "2021-02-08T05:24:00Z",
      "civilDusk": "2021-02-08T15:02:00Z",
      "date": "2021-02-07T23:00:00Z"
    },
    "thumbprint": "1fe53e14b77b7a071374c0b2b4b5d65a80a6990f751d11028ad17cb4b408852f"
  },
  {
    "coordinate": {
      "index": 0,
      "latitude": 49.7613,
      "longitude": 15.3044
    },
    "handle": 2877838746,
    "identification": "LKCVE",
    "link": "LKCV",
    "name": "LKCV EKNEV",
    "sun": {
      "astronomicalDawn": "2021-02-08T04:49:00Z",
      "astronomicalDusk": "2021-02-08T15:37:00Z",
      "civilDawn": "2021-02-08T05:23:00Z",
      "civilDusk": "2021-02-08T15:03:00Z",
      "date": "2021-02-07T23:00:00Z"
    },
    "thumbprint": "ec5ffe6f1cfc0fc081f0c676895c1bcf22487a0c01b9978bf41837a08fae4dec"
  },
  {
    "coordinate": {
      "index": 0,
      "latitude": 49.9553,
      "longitude": 15.5188
    },
    "handle": 355153667,
    "identification": "LKCVD",
    "link": "LKCV",
    "name": "LKCV DELTA",
    "sun": {
      "astronomicalDawn": "2021-02-08T04:49:00Z",
      "astronomicalDusk": "2021-02-08T15:36:00Z",
      "civilDawn": "2021-02-08T05:23:00Z",
      "civilDusk": "2021-02-08T15:02:00Z",
      "date": "2021-02-07T23:00:00Z"
    },
    "thumbprint": "a09ddd2db1ec67f67040f380d2850bd2bfaeb092af1e159b51f3f527b3179cb0"
  },
  {
    "coordinate": {
      "index": 0,
      "latitude": 49.8519,
      "longitude": 15.3456
    },
    "handle": 1404493637,
    "identification": "LKCVB",
    "link": "LKCV",
    "name": "LKCV BRAVO",
    "sun": {
      "astronomicalDawn": "2021-02-08T04:49:00Z",
      "astronomicalDusk": "2021-02-08T15:37:00Z",
      "civilDawn": "2021-02-08T05:23:00Z",
      "civilDusk": "2021-02-08T15:03:00Z",
      "date": "2021-02-07T23:00:00Z"
    },
    "thumbprint": "8b057519fb89e23821914fc77021f73da0dc44d793638e92939ab246d2b1b36d"
  },
  {
    "coordinate": {
      "index": 0,
      "latitude": 49.8972,
      "longitude": 15.6406
    },
    "handle": 896500799,
    "identification": "LKPDX",
    "link": "LKPD",
    "name": "LKPD XRAY",
    "sun": {
      "astronomicalDawn": "2021-02-08T04:48:00Z",
      "astronomicalDusk": "2021-02-08T15:36:00Z",
      "civilDawn": "2021-02-08T05:22:00Z",
      "civilDusk": "2021-02-08T15:02:00Z",
      "date": "2021-02-07T23:00:00Z"
    },
    "thumbprint": "115f8f4f6084c9fc50f8379e3ae8845bc1d5066648ec7516e9991bd93e13d2b1"
  },
  {
    "coordinate": {
      "index": 0,
      "latitude": 50.1278,
      "longitude": 15.5367
    },
    "handle": 2632890565,
    "identification": "LKPDW",
    "link": "LKPD",
    "name": "LKPD WHISKY",
    "sun": {
      "astronomicalDawn": "2021-02-08T04:49:00Z",
      "astronomicalDusk": "2021-02-08T15:36:00Z",
      "civilDawn": "2021-02-08T05:23:00Z",
      "civilDusk": "2021-02-08T15:02:00Z",
      "date": "2021-02-07T23:00:00Z"
    },
    "thumbprint": "50d70aa20ed0d8bacad19763d88e83e7dcc16c1e5479c6c0b2a5c512c50ed6a1"
  },
  {
    "coordinate": {
      "index": 0,
      "latitude": 50.1392,
      "longitude": 15.7886
    },
    "handle": 497817811,
    "identification": "LKPDN",
    "link": "LKPD",
    "name": "LKPD NOVEMBER",
    "sun": {
      "astronomicalDawn": "2021-02-08T04:48:00Z",
      "astronomicalDusk": "2021-02-08T15:35:00Z",
      "civilDawn": "2021-02-08T05:22:00Z",
      "civilDusk": "2021-02-08T15:01:00Z",
      "date": "2021-02-07T23:00:00Z"
    },
    "thumbprint": "9db1d00c190be3c563580cf968f439abed24d8d67083061503b6fbe9cf7b9832"
  },
  {
    "coordinate": {
      "index": 0,
      "latitude": 49.995,
      "longitude": 16.1092
    },
    "handle": 1576952125,
    "identification": "LKPDE",
    "link": "LKPD",
    "name": "LKPD ECHO",
    "sun": {
      "astronomicalDawn": "2021-02-08T04:47:00Z",
      "astronomicalDusk": "2021-02-08T15:34:00Z",
      "civilDawn": "2021-02-08T05:21:00Z",
      "civilDusk": "2021-02-08T15:00:00Z",
      "date": "2021-02-07T23:00:00Z"
    },
    "thumbprint": "a309e9a19eb0ea2733cd7424f99efb45882fcbd1f9d0ecbfec65d6af64a4ad37"
  },
  {
    "coordinate": {
      "index": 0,
      "latitude": 50.1025,
      "longitude": 15.8569
    },
    "handle": 4011411212,
    "identification": "LKPDD",
    "link": "LKPD",
    "name": "LKPD DELTA",
    "sun": {
      "astronomicalDawn": "2021-02-08T04:48:00Z",
      "astronomicalDusk": "2021-02-08T15:35:00Z",
      "civilDawn": "2021-02-08T05:22:00Z",
      "civilDusk": "2021-02-08T15:00:00Z",
      "date": "2021-02-07T23:00:00Z"
    },
    "thumbprint": "37f4f5487f02eebafa9412f5129e8d61130c6ca1fb3611660b34efa0513fbd92"
  },
  {
    "coordinate": {
      "index": 0,
      "latitude": 50.1156,
      "longitude": 15.6528
    },
    "handle": 1771214420,
    "identification": "LKPDC",
    "link": "LKPD",
    "name": "LKPD CHARLIE",
    "sun": {
      "astronomicalDawn": "2021-02-08T04:49:00Z",
      "astronomicalDusk": "2021-02-08T15:35:00Z",
      "civilDawn": "2021-02-08T05:23:00Z",
      "civilDusk": "2021-02-08T15:01:00Z",
      "date": "2021-02-07T23:00:00Z"
    },
    "thumbprint": "bc7e68472f8695cb6b1bb337dfb4a5422f5170913a0d0e4d994f6422dd8b8fe1"
  },
  {
    "coordinate": {
      "index": 0,
      "latitude": 49.9742,
      "longitude": 15.8703
    },
    "handle": 4125819288,
    "identification": "LKPDB",
    "link": "LKPD",
    "name": "LKPD BRAVO",
    "sun": {
      "astronomicalDawn": "2021-02-08T04:47:00Z",
      "astronomicalDusk": "2021-02-08T15:35:00Z",
      "civilDawn": "2021-02-08T05:22:00Z",
      "civilDusk": "2021-02-08T15:01:00Z",
      "date": "2021-02-07T23:00:00Z"
    },
    "thumbprint": "7cd311cd70c3d22e0cc51fc4037a8b0a16b994022aac1c12a014a5b174a651be"
  },
  {
    "coordinate": {
      "index": 0,
      "latitude": 49.9753,
      "longitude": 15.6431
    },
    "handle": 723987588,
    "identification": "LKPDA",
    "link": "LKPD",
    "name": "LKPD ALFA",
    "sun": {
      "astronomicalDawn": "2021-02-08T04:48:00Z",
      "astronomicalDusk": "2021-02-08T15:36:00Z",
      "civilDawn": "2021-02-08T05:23:00Z",
      "civilDusk": "2021-02-08T15:02:00Z",
      "date": "2021-02-07T23:00:00Z"
    },
    "thumbprint": "ee42bdaffcf64fdbd089b0fba921d2591ba8fcae1635082dbf2840e8d6901d33"
  },
  {
    "coordinate": {
      "index": 0,
      "latitude": 49.1064,
      "longitude": 17.3153
    },
    "handle": 3382362981,
    "identification": "LKKUW",
    "link": "LKKU",
    "name": "LKKU WHISKY",
    "sun": {
      "astronomicalDawn": "2021-02-08T04:40:00Z",
      "astronomicalDusk": "2021-02-08T15:31:00Z",
      "civilDawn": "2021-02-08T05:14:00Z",
      "civilDusk": "2021-02-08T14:57:00Z",
      "date": "2021-02-07T23:00:00Z"
    },
    "thumbprint": "5ff1636551acfcd3fc9a318f029199dc9c4937481d1c617ec83cbe43e0d2d680"
  },
  {
    "coordinate": {
      "index": 0,
      "latitude": 48.9742,
      "longitude": 17.2681
    },
    "handle": 1535352846,
    "identification": "LKKUS",
    "link": "LKKU",
    "name": "LKKU SIERRA",
    "sun": {
      "astronomicalDawn": "2021-02-08T04:40:00Z",
      "astronomicalDusk": "2021-02-08T15:31:00Z",
      "civilDawn": "2021-02-08T05:13:00Z",
      "civilDusk": "2021-02-08T14:58:00Z",
      "date": "2021-02-07T23:00:00Z"
    },
    "thumbprint": "9dd1faf884f1d6f56931843ada3337ef70902ef0cedd2cd1c0940b151eacc9d0"
  },
  {
    "coordinate": {
      "index": 0,
      "latitude": 49.1703,
      "longitude": 17.4725
    },
    "handle": 304450461,
    "identification": "LKKUN",
    "link": "LKKU",
    "name": "LKKU NOVEMBER",
    "sun": {
      "astronomicalDawn": "2021-02-08T04:40:00Z",
      "astronomicalDusk": "2021-02-08T15:30:00Z",
      "civilDawn": "2021-02-08T05:13:00Z",
      "civilDusk": "2021-02-08T14:56:00Z",
      "date": "2021-02-07T23:00:00Z"
    },
    "thumbprint": "9ab25c4d07130156c94aa9caf87e701724cef93c9919fe5100763ab2aa0a82b0"
  },
  {
    "coordinate": {
      "index": 0,
      "latitude": 49.0231,
      "longitude": 17.6408
    },
    "handle": 2114596094,
    "identification": "LKKUE",
    "link": "LKKU",
    "name": "LKKU ECHO",
    "sun": {
      "astronomicalDawn": "2021-02-08T04:39:00Z",
      "astronomicalDusk": "2021-02-08T15:29:00Z",
      "civilDawn": "2021-02-08T05:12:00Z",
      "civilDusk": "2021-02-08T14:56:00Z",
      "date": "2021-02-07T23:00:00Z"
    },
    "thumbprint": "cb72831085edd1c14216f8578a61acf6393286b77632a496ce6a20de74c592b8"
  },
  {
    "coordinate": {
      "index": 0,
      "latitude": 49.9808,
      "longitude": 14.6061
    },
    "handle": 3266087058,
    "identification": "LKKBR",
    "link": "LKKB",
    "name": "LKKB ROMEO",
    "sun": {
      "astronomicalDawn": "2021-02-08T04:53:00Z",
      "astronomicalDusk": "2021-02-08T15:40:00Z",
      "civilDawn": "2021-02-08T05:27:00Z",
      "civilDusk": "2021-02-08T15:06:00Z",
      "date": "2021-02-07T23:00:00Z"
    },
    "thumbprint": "1a83b5d5d5a628f360ce15d0a776085dbfdb99688a46cdc4617d032e108fd970"
  },
  {
    "coordinate": {
      "index": 0,
      "latitude": 50.0717,
      "longitude": 14.7733
    },
    "handle": 3055648556,
    "identification": "LKKBU",
    "link": "LKKB",
    "name": "LKKB UNIFORM",
    "sun": {
      "astronomicalDawn": "2021-02-08T04:52:00Z",
      "astronomicalDusk": "2021-02-08T15:39:00Z",
      "civilDawn": "2021-02-08T05:26:00Z",
      "civilDusk": "2021-02-08T15:05:00Z",
      "date": "2021-02-07T23:00:00Z"
    },
    "thumbprint": "87f87d7eebc99a302217bddf9050a5ca904aedd0fba8bd11be4dae1ce2dd36a6"
  },
  {
    "coordinate": {
      "index": 0,
      "latitude": 50.1772,
      "longitude": 14.8553
    },
    "handle": 1731876812,
    "identification": "LKKBL",
    "link": "LKKB",
    "name": "LKKB LIMA",
    "sun": {
      "astronomicalDawn": "2021-02-08T04:52:00Z",
      "astronomicalDusk": "2021-02-08T15:39:00Z",
      "civilDawn": "2021-02-08T05:26:00Z",
      "civilDusk": "2021-02-08T15:04:00Z",
      "date": "2021-02-07T23:00:00Z"
    },
    "thumbprint": "8f0f7c68b10245e4963dd62edf0f5305ae0f2fb503a891956d3e073c77f1a18c"
  },
  {
    "coordinate": {
      "index": 0,
      "latitude": 50.2075,
      "longitude": 14.6964
    },
    "handle": 4260075672,
    "identification": "LKKBM",
    "link": "LKKB",
    "name": "LKKB MIKE",
    "sun": {
      "astronomicalDawn": "2021-02-08T04:53:00Z",
      "astronomicalDusk": "2021-02-08T15:39:00Z",
      "civilDawn": "2021-02-08T05:27:00Z",
      "civilDusk": "2021-02-08T15:05:00Z",
      "date": "2021-02-07T23:00:00Z"
    },
    "thumbprint": "daf2c2358f471985fc2fa5ff818f4879d3ebabd311dcc3a4681d688155b98e53"
  },
  {
    "coordinate": {
      "index": 0,
      "latitude": 50.1528,
      "longitude": 13.9831
    },
    "handle": 1084707944,
    "identification": "LKPRW",
    "link": "LKPR",
    "name": "LKPR WHISKY",
    "sun": {
      "astronomicalDawn": "2021-02-08T04:55:00Z",
      "astronomicalDusk": "2021-02-08T15:42:00Z",
      "civilDawn": "2021-02-08T05:30:00Z",
      "civilDusk": "2021-02-08T15:08:00Z",
      "date": "2021-02-07T23:00:00Z"
    },
    "thumbprint": "54e672b4b46992e4efcbf97506be02a3e58b88a707939595b307a5f27de47f47"
  },
  {
    "coordinate": {
      "index": 0,
      "latitude": 50.0497,
      "longitude": 14.2728
    },
    "handle": 2323896373,
    "identification": "LKPRT",
    "link": "LKPR",
    "name": "LKPR TANGO",
    "sun": {
      "astronomicalDawn": "2021-02-08T04:54:00Z",
      "astronomicalDusk": "2021-02-08T15:41:00Z",
      "civilDawn": "2021-02-08T05:28:00Z",
      "civilDusk": "2021-02-08T15:07:00Z",
      "date": "2021-02-07T23:00:00Z"
    },
    "thumbprint": "869bdbceecf8f1f8a71f4c5a7fd21e5474594e59efef472f364df06eaeff2272"
  },
  {
    "coordinate": {
      "index": 0,
      "latitude": 49.9617,
      "longitude": 14.0828
    },
    "handle": 3572834111,
    "identification": "LKPRS",
    "link": "LKPR",
    "name": "LKPR SIERRA",
    "sun": {
      "astronomicalDawn": "2021-02-08T04:55:00Z",
      "astronomicalDusk": "2021-02-08T15:42:00Z",
      "civilDawn": "2021-02-08T05:29:00Z",
      "civilDusk": "2021-02-08T15:08:00Z",
      "date": "2021-02-07T23:00:00Z"
    },
    "thumbprint": "fe0e4656b4996daeeec46953dcf5168babe9339f202835a6a60a230300f1ff07"
  },
  {
    "coordinate": {
      "index": 0,
      "latitude": 50.2683,
      "longitude": 14.2392
    },
    "handle": 2990711504,
    "identification": "LKPRN",
    "link": "LKPR",
    "name": "LKPR NOVEMBER",
    "sun": {
      "astronomicalDawn": "2021-02-08T04:55:00Z",
      "astronomicalDusk": "2021-02-08T15:41:00Z",
      "civilDawn": "2021-02-08T05:29:00Z",
      "civilDusk": "2021-02-08T15:06:00Z",
      "date": "2021-02-07T23:00:00Z"
    },
    "thumbprint": "c0b02518ca23f1f86029c9904e48667bf1493e56f8cc8cfff5efa40dafa84c87"
  },
  {
    "coordinate": {
      "index": 0,
      "latitude": 50.1883,
      "longitude": 14.0411
    },
    "handle": 2521071906,
    "identification": "LKPRC",
    "link": "LKPR",
    "name": "LKPR CHARLIE",
    "sun": {
      "astronomicalDawn": "2021-02-08T04:55:00Z",
      "astronomicalDusk": "2021-02-08T15:42:00Z",
      "civilDawn": "2021-02-08T05:30:00Z",
      "civilDusk": "2021-02-08T15:07:00Z",
      "date": "2021-02-07T23:00:00Z"
    },
    "thumbprint": "041b0fb7a62014542ee764db301ad215ba245b23d59d632d9c64c7fa73155649"
  },
  {
    "coordinate": {
      "index": 0,
      "latitude": 49.9861,
      "longitude": 14.3614
    },
    "handle": 1251621277,
    "identification": "LKPRE",
    "link": "LKPR",
    "name": "LKPR ECHO",
    "sun": {
      "astronomicalDawn": "2021-02-08T04:53:00Z",
      "astronomicalDusk": "2021-02-08T15:41:00Z",
      "civilDawn": "2021-02-08T05:28:00Z",
      "civilDusk": "2021-02-08T15:07:00Z",
      "date": "2021-02-07T23:00:00Z"
    },
    "thumbprint": "70a029acb6d2084f45551803d19c060a51fa1c1b21a470e6d3926ce374b6d876"
  },
  {
    "coordinate": {
      "index": 0,
      "latitude": 50.1878,
      "longitude": 14.1858
    },
    "handle": 272678830,
    "identification": "LKPRB",
    "link": "LKPR",
    "name": "LKPR BRAVO",
    "sun": {
      "astronomicalDawn": "2021-02-08T04:55:00Z",
      "astronomicalDusk": "2021-02-08T15:41:00Z",
      "civilDawn": "2021-02-08T05:29:00Z",
      "civilDusk": "2021-02-08T15:07:00Z",
      "date": "2021-02-07T23:00:00Z"
    },
    "thumbprint": "20dc2d1d3e817847171edcbac1e46388eb4371d5ab56573fa76bbf4920efe307"
  },
  {
    "coordinate": {
      "index": 0,
      "latitude": 50.1381,
      "longitude": 14.2439
    },
    "handle": 1771773322,
    "identification": "LKPRA",
    "link": "LKPR",
    "name": "LKPR ALFA",
    "sun": {
      "astronomicalDawn": "2021-02-08T04:54:00Z",
      "astronomicalDusk": "2021-02-08T15:41:00Z",
      "civilDawn": "2021-02-08T05:29:00Z",
      "civilDusk": "2021-02-08T15:07:00Z",
      "date": "2021-02-07T23:00:00Z"
    },
    "thumbprint": "8474bc9d0d7c3be4675d6fd198e07af4beaf90d73785a845fef6e8661652cbc1"
  },
  {
    "coordinate": {
      "index": 0,
      "latitude": 49.7492,
      "longitude": 17.8719
    },
    "handle": 868931221,
    "identification": "LKMTW",
    "link": "LKMT",
    "name": "LKMT WHISKY",
    "sun": {
      "astronomicalDawn": "2021-02-08T04:39:00Z",
      "astronomicalDusk": "2021-02-08T15:27:00Z",
      "civilDawn": "2021-02-08T05:13:00Z",
      "civilDusk": "2021-02-08T14:53:00Z",
      "date": "2021-02-07T23:00:00Z"
    },
    "thumbprint": "993075a2c2f1ce4969c2929e45159f1c842ae504dd306db6b71a3bd59ce9b52e"
  },
  {
    "coordinate": {
      "index": 0,
      "latitude": 49.585,
      "longitude": 17.7997
    },
    "handle": 335687950,
    "identification": "LKMTT",
    "link": "LKMT",
    "name": "LKMT TANGO",
    "sun": {
      "astronomicalDawn": "2021-02-08T04:39:00Z",
      "astronomicalDusk": "2021-02-08T15:28:00Z",
      "civilDawn": "2021-02-08T05:13:00Z",
      "civilDusk": "2021-02-08T14:54:00Z",
      "date": "2021-02-07T23:00:00Z"
    },
    "thumbprint": "8bfe1983b368df06aba9bee4e45b8837dd25e5f8cb459794f26c3ecef1ffa345"
  },
  {
    "coordinate": {
      "index": 0,
      "latitude": 49.5389,
      "longitude": 18.0236
    },
    "handle": 785670502,
    "identification": "LKMTS",
    "link": "LKMT",
    "name": "LKMT SIERRA",
    "sun": {
      "astronomicalDawn": "2021-02-08T04:38:00Z",
      "astronomicalDusk": "2021-02-08T15:27:00Z",
      "civilDawn": "2021-02-08T05:12:00Z",
      "civilDusk": "2021-02-08T14:53:00Z",
      "date": "2021-02-07T23:00:00Z"
    },
    "thumbprint": "3799d47fb94b7ac61ca006a1d71b9a4086320dfe4011f4bfcb6a45acdb9a5919"
  },
  {
    "coordinate": {
      "index": 0,
      "latitude": 49.8831,
      "longitude": 18.0547
    },
    "handle": 2964168503,
    "identification": "LKMTN",
    "link": "LKMT",
    "name": "LKMT NOVEMBER",
    "sun": {
      "astronomicalDawn": "2021-02-08T04:39:00Z",
      "astronomicalDusk": "2021-02-08T15:26:00Z",
      "civilDawn": "2021-02-08T05:13:00Z",
      "civilDusk": "2021-02-08T14:52:00Z",
      "date": "2021-02-07T23:00:00Z"
    },
    "thumbprint": "fb16448672dd9283e8ef925fd82e0e130fb46913142689fb753c1ec4567a0818"
  },
  {
    "coordinate": {
      "index": 0,
      "latitude": 49.7861,
      "longitude": 18.3747
    },
    "handle": 3698089451,
    "identification": "LKMTF",
    "link": "LKMT",
    "name": "LKMT FOXTROT",
    "sun": {
      "astronomicalDawn": "2021-02-08T04:37:00Z",
      "astronomicalDusk": "2021-02-08T15:25:00Z",
      "civilDawn": "2021-02-08T05:11:00Z",
      "civilDusk": "2021-02-08T14:51:00Z",
      "date": "2021-02-07T23:00:00Z"
    },
    "thumbprint": "e123f24db03f38ca55adb852793d92ce14052a38450bb6e0a73271b3efbbe690"
  },
  {
    "coordinate": {
      "index": 0,
      "latitude": 49.6633,
      "longitude": 18.3203
    },
    "handle": 2235311824,
    "identification": "LKMTE",
    "link": "LKMT",
    "name": "LKMT ECHO",
    "sun": {
      "astronomicalDawn": "2021-02-08T04:37:00Z",
      "astronomicalDusk": "2021-02-08T15:26:00Z",
      "civilDawn": "2021-02-08T05:11:00Z",
      "civilDusk": "2021-02-08T14:52:00Z",
      "date": "2021-02-07T23:00:00Z"
    },
    "thumbprint": "e19352c1e6baf06e54a3298aa85635ce29fcbc09a7e434c4ae8abb729d14f72c"
  },
  {
    "coordinate": {
      "index": 0,
      "latitude": 49.7047,
      "longitude": 18.0511
    },
    "handle": 467664145,
    "identification": "LKMTB",
    "link": "LKMT",
    "name": "LKMT BRAVO",
    "sun": {
      "astronomicalDawn": "2021-02-08T04:38:00Z",
      "astronomicalDusk": "2021-02-08T15:27:00Z",
      "civilDawn": "2021-02-08T05:12:00Z",
      "civilDusk": "2021-02-08T14:53:00Z",
      "date": "2021-02-07T23:00:00Z"
    },
    "thumbprint": "806c0154df8629660d894608de4869902f041e881bf5513ffe4840d1fedd1eaf"
  },
  {
    "coordinate": {
      "index": 0,
      "latitude": 49.3031,
      "longitude": 16.0619
    },
    "handle": 3139733292,
    "identification": "LKNAN",
    "link": "LKNA",
    "name": "LKNA NOVEMBER",
    "sun": {
      "astronomicalDawn": "2021-02-08T04:45:00Z",
      "astronomicalDusk": "2021-02-08T15:35:00Z",
      "civilDawn": "2021-02-08T05:19:00Z",
      "civilDusk": "2021-02-08T15:02:00Z",
      "date": "2021-02-07T23:00:00Z"
    },
    "thumbprint": "27258cd59d8ddd6d94d62f943f90d9b768913f45fc0d37d7d7293fe9a033bc2d"
  },
  {
    "coordinate": {
      "index": 0,
      "latitude": 49.65,
      "longitude": 18.1411
    },
    "handle": 2441849141,
    "identification": "LKMTA",
    "link": "LKMT",
    "name": "LKMT ALFA",
    "sun": {
      "astronomicalDawn": "2021-02-08T04:38:00Z",
      "astronomicalDusk": "2021-02-08T15:26:00Z",
      "civilDawn": "2021-02-08T05:12:00Z",
      "civilDusk": "2021-02-08T14:52:00Z",
      "date": "2021-02-07T23:00:00Z"
    },
    "thumbprint": "49dd83e53739c1dffd54e78a8ee6822789df1f7ed3aa542f67a2588df2b99da8"
  },
  {
    "coordinate": {
      "index": 0,
      "latitude": 50.1894,
      "longitude": 12.7581
    },
    "handle": 197274499,
    "identification": "LKKVW",
    "link": "LKKV",
    "name": "LKKV WHISKY",
    "sun": {
      "astronomicalDawn": "2021-02-08T05:00:00Z",
      "astronomicalDusk": "2021-02-08T15:47:00Z",
      "civilDawn": "2021-02-08T05:35:00Z",
      "civilDusk": "2021-02-08T15:13:00Z",
      "date": "2021-02-07T23:00:00Z"
    },
    "thumbprint": "310f983cf215c48b4c374052613b533cc8e5ec4f922dcca6c5dcdf168621f7f0"
  },
  {
    "coordinate": {
      "index": 0,
      "latitude": 50.0839,
      "longitude": 12.84
    },
    "handle": 2608753583,
    "identification": "LKKVS",
    "link": "LKKV",
    "name": "LKKV SIERRA",
    "sun": {
      "astronomicalDawn": "2021-02-08T05:00:00Z",
      "astronomicalDusk": "2021-02-08T15:47:00Z",
      "civilDawn": "2021-02-08T05:34:00Z",
      "civilDusk": "2021-02-08T15:12:00Z",
      "date": "2021-02-07T23:00:00Z"
    },
    "thumbprint": "a28365b6cd6108c3508ac50fa286faaf1631a98a7db642be3669f22c58ad596a"
  },
  {
    "coordinate": {
      "index": 0,
      "latitude": 50.2817,
      "longitude": 12.9386
    },
    "handle": 3367241248,
    "identification": "LKKVN",
    "link": "LKKV",
    "name": "LKKV NOVEMBER",
    "sun": {
      "astronomicalDawn": "2021-02-08T05:00:00Z",
      "astronomicalDusk": "2021-02-08T15:46:00Z",
      "civilDawn": "2021-02-08T05:34:00Z",
      "civilDusk": "2021-02-08T15:12:00Z",
      "date": "2021-02-07T23:00:00Z"
    },
    "thumbprint": "dd9253b9974bee806a262090190a13716bd165bf76e6c95d5ce92ccd1afe1957"
  },
  {
    "coordinate": {
      "index": 0,
      "latitude": 50.0842,
      "longitude": 13.1267
    },
    "handle": 4145681108,
    "identification": "LKKVE",
    "link": "LKKV",
    "name": "LKKV ECHO",
    "sun": {
      "astronomicalDawn": "2021-02-08T04:59:00Z",
      "astronomicalDusk": "2021-02-08T15:46:00Z",
      "civilDawn": "2021-02-08T05:33:00Z",
      "civilDusk": "2021-02-08T15:11:00Z",
      "date": "2021-02-07T23:00:00Z"
    },
    "thumbprint": "5bca391e1586231a96b1d8239ea20029e416b228de8bc5192f92dd5e1cc30882"
  },
  {
    "coordinate": {
      "index": 0,
      "latitude": 50.1708,
      "longitude": 12.8917
    },
    "handle": 956847778,
    "identification": "LKKVB",
    "link": "LKKV",
    "name": "LKKV BRAVO",
    "sun": {
      "astronomicalDawn": "2021-02-08T05:00:00Z",
      "astronomicalDusk": "2021-02-08T15:46:00Z",
      "civilDawn": "2021-02-08T05:34:00Z",
      "civilDusk": "2021-02-08T15:12:00Z",
      "date": "2021-02-07T23:00:00Z"
    },
    "thumbprint": "b7ed893af3c816380fce414c42f60ada4eb6c92fe65012c27174ea4af5cd8e86"
  },
  {
    "coordinate": {
      "index": 0,
      "latitude": 50.2378,
      "longitude": 12.9278
    },
    "handle": 4181286062,
    "identification": "LKKVA",
    "link": "LKKV",
    "name": "LKKV ALFA",
    "sun": {
      "astronomicalDawn": "2021-02-08T05:00:00Z",
      "astronomicalDusk": "2021-02-08T15:46:00Z",
      "civilDawn": "2021-02-08T05:34:00Z",
      "civilDusk": "2021-02-08T15:12:00Z",
      "date": "2021-02-07T23:00:00Z"
    },
    "thumbprint": "f00814f4b8c2144cab04949d2fd7ec6bf27617d41414327f16ee6cfb792255fe"
  },
  {
    "coordinate": {
      "index": 0,
      "latitude": 48.9964,
      "longitude": 16.6889
    },
    "handle": 1200727128,
    "identification": "LKTBZ",
    "link": "LKTB",
    "name": "LKTB ZULU",
    "sun": {
      "astronomicalDawn": "2021-02-08T04:42:00Z",
      "astronomicalDusk": "2021-02-08T15:33:00Z",
      "civilDawn": "2021-02-08T05:16:00Z",
      "civilDusk": "2021-02-08T15:00:00Z",
      "date": "2021-02-07T23:00:00Z"
    },
    "thumbprint": "d476ea084ac906ad7cb7e22de769bbcba38de0b688f0d0e0d196151915be94fd"
  },
  {
    "coordinate": {
      "index": 0,
      "latitude": 49.1108,
      "longitude": 16.5208
    },
    "handle": 1701632179,
    "identification": "LKTBW",
    "link": "LKTB",
    "name": "LKTB WHISKY",
    "sun": {
      "astronomicalDawn": "2021-02-08T04:43:00Z",
      "astronomicalDusk": "2021-02-08T15:34:00Z",
      "civilDawn": "2021-02-08T05:17:00Z",
      "civilDusk": "2021-02-08T15:00:00Z",
      "date": "2021-02-07T23:00:00Z"
    },
    "thumbprint": "734c446c80cc75f5b93e6f1d49129fd8261304aa61e0fab900404124164e64bb"
  },
  {
    "coordinate": {
      "index": 0,
      "latitude": 48.9978,
      "longitude": 16.8622
    },
    "handle": 3252392745,
    "identification": "LKTBS",
    "link": "LKTB",
    "name": "LKTB SIERRA",
    "sun": {
      "astronomicalDawn": "2021-02-08T04:42:00Z",
      "astronomicalDusk": "2021-02-08T15:33:00Z",
      "civilDawn": "2021-02-08T05:15:00Z",
      "civilDusk": "2021-02-08T14:59:00Z",
      "date": "2021-02-07T23:00:00Z"
    },
    "thumbprint": "30fcf923ba75a420ab2c25ba926681b75ce48b09e692db81cde0384bc52e767c"
  },
  {
    "coordinate": {
      "index": 0,
      "latitude": 49.2922,
      "longitude": 16.5603
    },
    "handle": 3096566395,
    "identification": "LKTBN",
    "link": "LKTB",
    "name": "LKTB NOVEMBER",
    "sun": {
      "astronomicalDawn": "2021-02-08T04:43:00Z",
      "astronomicalDusk": "2021-02-08T15:33:00Z",
      "civilDawn": "2021-02-08T05:17:00Z",
      "civilDusk": "2021-02-08T15:00:00Z",
      "date": "2021-02-07T23:00:00Z"
    },
    "thumbprint": "35afeccab20d22d67b316abae5c8cb6ace40a1f7504acd78f0c8e52e91cb2437"
  },
  {
    "coordinate": {
      "index": 0,
      "latitude": 49.2036,
      "longitude": 16.8861
    },
    "handle": 1756482631,
    "identification": "LKTBE",
    "link": "LKTB",
    "name": "LKTB ECHO",
    "sun": {
      "astronomicalDawn": "2021-02-08T04:42:00Z",
      "astronomicalDusk": "2021-02-08T15:32:00Z",
      "civilDawn": "2021-02-08T05:16:00Z",
      "civilDusk": "2021-02-08T14:59:00Z",
      "date": "2021-02-07T23:00:00Z"
    },
    "thumbprint": "31391a8730ff7ec95900577d4c266886694a47e3f84ad01c36585a56fb987cda"
  },
  {
    "coordinate": {
      "index": 0,
      "latitude": 49.1817,
      "longitude": 16.7125
    },
    "handle": 741825929,
    "identification": "LKTBB",
    "link": "LKTB",
    "name": "LKTB BRAVO",
    "sun": {
      "astronomicalDawn": "2021-02-08T04:43:00Z",
      "astronomicalDusk": "2021-02-08T15:33:00Z",
      "civilDawn": "2021-02-08T05:16:00Z",
      "civilDusk": "2021-02-08T14:59:00Z",
      "date": "2021-02-07T23:00:00Z"
    },
    "thumbprint": "b418a999148a265d5a1430388170eb9f12a1e44aa4a393286f887fdb2d5a69e5"
  },
  {
    "coordinate": {
      "index": 0,
      "latitude": 49.1175,
      "longitude": 16.7033
    },
    "handle": 562420601,
    "identification": "LKTBA",
    "link": "LKTB",
    "name": "LKTB ALFA",
    "sun": {
      "astronomicalDawn": "2021-02-08T04:43:00Z",
      "astronomicalDusk": "2021-02-08T15:33:00Z",
      "civilDawn": "2021-02-08T05:16:00Z",
      "civilDusk": "2021-02-08T15:00:00Z",
      "date": "2021-02-07T23:00:00Z"
    },
    "thumbprint": "9d6eb451f9aa76a85163421cf1015aab163e68192d32a041c2b4a95aeda38368"
  }
]