[
  {
    "coordinate": {
      "index": 0,
      "latitude": 49.7861,
      "longitude": 18.3747
    },
    "handle": 1811216369,
    "identification": "LKMTF",
    "link": "LKMT",
    "name": "LKMT FOXTROT",
    "sun": {
      "astronomicalDawn": "2020-12-27T05:05:00Z",
      "astronomicalDusk": "2020-12-27T14:30:00Z",
      "civilDawn": "2020-12-27T05:44:00Z",
      "civilDusk": "2020-12-27T13:51:00Z",
      "date": "2020-12-26T23:00:00Z"
    },
    "thumbprint": "9e5f721da01b9931cbf19cf4e132ac989b2598b28f2e41af773509b725acd073"
  },
  {
    "coordinate": {
      "index": 0,
      "latitude": 49.8831,
      "longitude": 18.0547
    },
    "handle": 1461538804,
    "identification": "LKMTN",
    "link": "LKMT",
    "name": "LKMT NOVEMBER",
    "sun": {
      "astronomicalDawn": "2020-12-27T05:07:00Z",
      "astronomicalDusk": "2020-12-27T14:31:00Z",
      "civilDawn": "2020-12-27T05:45:00Z",
      "civilDusk": "2020-12-27T13:52:00Z",
      "date": "2020-12-26T23:00:00Z"
    },
    "thumbprint": "9c4ec55a80ef02a0d67cb4553b75c5987fba427b808521e80dc76fac7e4a593e"
  },
  {
    "coordinate": {
      "index": 0,
      "latitude": 49.5389,
      "longitude": 18.0236
    },
    "handle": 1053374262,
    "identification": "LKMTS",
    "link": "LKMT",
    "name": "LKMT SIERRA",
    "sun": {
      "astronomicalDawn": "2020-12-27T05:06:00Z",
      "astronomicalDusk": "2020-12-27T14:32:00Z",
      "civilDawn": "2020-12-27T05:44:00Z",
      "civilDusk": "2020-12-27T13:54:00Z",
      "date": "2020-12-26T23:00:00Z"
    },
    "thumbprint": "e47760c698300ba068feccf306e13a117c29a6b2e3dfec301cfb9df789f4ac0d"
  },
  {
    "coordinate": {
      "index": 0,
      "latitude": 49.585,
      "longitude": 17.7997
    },
    "handle": 2397501664,
    "identification": "LKMTT",
    "link": "LKMT",
    "name": "LKMT TANGO",
    "sun": {
      "astronomicalDawn": "2020-12-27T05:07:00Z",
      "astronomicalDusk": "2020-12-27T14:33:00Z",
      "civilDawn": "2020-12-27T05:45:00Z",
      "civilDusk": "2020-12-27T13:55:00Z",
      "date": "2020-12-26T23:00:00Z"
    },
    "thumbprint": "43cbc266f1e74efb65c29268a59676c369c5ee5d824e2d6fd0a5a8c1928a4e78"
  },
  {
    "coordinate": {
      "index": 0,
      "latitude": 49.7492,
      "longitude": 17.8719
    },
    "handle": 1411219993,
    "identification": "LKMTW",
    "link": "LKMT",
    "name": "LKMT WHISKY",
    "sun": {
      "astronomicalDawn": "2020-12-27T05:07:00Z",
      "astronomicalDusk": "2020-12-27T14:32:00Z",
      "civilDawn": "2020-12-27T05:45:00Z",
      "civilDusk": "2020-12-27T13:54:00Z",
      "date": "2020-12-26T23:00:00Z"
    },
    "thumbprint": "c9fba2fecb41afd7683d523eb0e7b6234f3ae3455dd6d8392e828837238b183c"
  },
  {
    "coordinate": {
      "index": 0,
      "latitude": 50.1381,
      "longitude": 14.2439
    },
    "handle": 3628163871,
    "identification": "LKPRA",
    "link": "LKPR",
    "name": "LKPR ALFA",
    "sun": {
      "astronomicalDawn": "2020-12-27T05:23:00Z",
      "astronomicalDusk": "2020-12-27T14:45:00Z",
      "civilDawn": "2020-12-27T06:02:00Z",
      "civilDusk": "2020-12-27T14:06:00Z",
      "date": "2020-12-26T23:00:00Z"
    },
    "thumbprint": "67fe435af39fd288c070f6cc45033aa426596fd291a5c37a4b27da9a23bbdfc2"
  },
  {
    "coordinate": {
      "index": 0,
      "latitude": 50.1878,
      "longitude": 14.1858
    },
    "handle": 107926623,
    "identification": "LKPRB",
    "link": "LKPR",
    "name": "LKPR BRAVO",
    "sun": {
      "astronomicalDawn": "2020-12-27T05:24:00Z",
      "astronomicalDusk": "2020-12-27T14:45:00Z",
      "civilDawn": "2020-12-27T06:02:00Z",
      "civilDusk": "2020-12-27T14:06:00Z",
      "date": "2020-12-26T23:00:00Z"
    },
    "thumbprint": "9e5d995799399d1c40f71567faeb69cf7b6185e2b1f8d1671040e4108f32a8d2"
  },
  {
    "coordinate": {
      "index": 0,
      "latitude": 49.7867,
      "longitude": 15.8186
    },
    "handle": 3302216283,
    "identification": "LKCVT",
    "link": "LKCV",
    "name": "LKCV TRHO",
    "sun": {
      "astronomicalDawn": "2020-12-27T05:16:00Z",
      "astronomicalDusk": "2020-12-27T14:40:00Z",
      "civilDawn": "2020-12-27T05:54:00Z",
      "civilDusk": "2020-12-27T14:02:00Z",
      "date": "2020-12-26T23:00:00Z"
    },
    "thumbprint": "6078b50f1cf9edbf4f524d65e24c6820f062d13dd498c53ec3cbb456f786d54f"
  },
  {
    "coordinate": {
      "index": 0,
      "latitude": 49.8972,
      "longitude": 15.6406
    },
    "handle": 2471694064,
    "identification": "LKCVX",
    "link": "LKCV",
    "name": "LKCV XRAY",
    "sun": {
      "astronomicalDawn": "2020-12-27T05:17:00Z",
      "astronomicalDusk": "2020-12-27T14:40:00Z",
      "civilDawn": "2020-12-27T05:55:00Z",
      "civilDusk": "2020-12-27T14:02:00Z",
      "date": "2020-12-26T23:00:00Z"
    },
    "thumbprint": "770b2181d4cda42c160fc5b0c328e0bfdb20812cdd9ff1de38e3976f6e7cacc9"
  },
  {
    "coordinate": {
      "index": 0,
      "latitude": 50.1392,
      "longitude": 15.2919
    },
    "handle": 3307917702,
    "identification": "LKCVZ",
    "link": "LKCV",
    "name": "LKCV ZEHU",
    "sun": {
      "astronomicalDawn": "2020-12-27T05:19:00Z",
      "astronomicalDusk": "2020-12-27T14:41:00Z",
      "civilDawn": "2020-12-27T05:58:00Z",
      "civilDusk": "2020-12-27T14:02:00Z",
      "date": "2020-12-26T23:00:00Z"
    },
    "thumbprint": "76912a276f199338b6c52d9dcbcc8717c459fbaf87cf55c6f56914874bb74d5a"
  },
  {
    "coordinate": {
      "index": 0,
      "latitude": 49.3031,
      "longitude": 16.0619
    },
    "handle": 2029707392,
    "identification": "LKNAN",
    "link": "LKNA",
    "name": "LKNA NOVEMBER",
    "sun": {
      "astronomicalDawn": "2020-12-27T05:13:00Z",
      "astronomicalDusk": "2020-12-27T14:41:00Z",
      "civilDawn": "2020-12-27T05:51:00Z",
      "civilDusk": "2020-12-27T14:03:00Z",
      "date": "2020-12-26T23:00:00Z"
    },
    "thumbprint": "b3d6a150186b88d65d8fb2439671786a130f50e84de2f8a5e11b79887e1e79e4"
  },
  {
    "coordinate": {
      "index": 0,
      "latitude": 49.0831,
      "longitude": 16.4356
    },
    "handle": 3734019453,
    "identification": "LKNAE",
    "link": "LKNA",
    "name": "LKNA ECHO",
    "sun": {
      "astronomicalDawn": "2020-12-27T05:11:00Z",
      "astronomicalDusk": "2020-12-27T14:40:00Z",
      "civilDawn": "2020-12-27T05:48:00Z",
      "civilDusk": "2020-12-27T14:02:00Z",
      "date": "2020-12-26T23:00:00Z"
    },
    "thumbprint": "0c3bc855bd6a6af549394b0568529c29ef7fa784a7accf09a6f8e131d66ee512"
  },
  {
    "coordinate": {
      "index": 0,
      "latitude": 49.0331,
      "longitude": 16.1075
    },
    "handle": 2546487334,
    "identification": "LKNAS",
    "link": "LKNA",
    "name": "LKNA SIERRA",
    "sun": {
      "astronomicalDawn": "2020-12-27T05:12:00Z",
      "astronomicalDusk": "2020-12-27T14:41:00Z",
      "civilDawn": "2020-12-27T05:49:00Z",
      "civilDusk": "2020-12-27T14:04:00Z",
      "date": "2020-12-26T23:00:00Z"
    },
    "thumbprint": "58f7d139a0cb4b65932a73e54ea320f592b9d9693fca1264112fd77b169f4d26"
  },
  {
    "coordinate": {
      "index": 0,
      "latitude": 49.17,
      "longitude": 15.925
    },
    "handle": 183275289,
    "identification": "LKNAW",
    "link": "LKNA",
    "name": "LKNA WHISKY",
    "sun": {
      "astronomicalDawn": "2020-12-27T05:13:00Z",
      "astronomicalDusk": "2020-12-27T14:42:00Z",
      "civilDawn": "2020-12-27T05:51:00Z",
      "civilDusk": "2020-12-27T14:04:00Z",
      "date": "2020-12-26T23:00:00Z"
    },
    "thumbprint": "b26b2554b3c752138e3cf47a8fecf0c01e0e2098fb7e7ca006e723d0bd3f24b7"
  },
  {
    "coordinate": {
      "index": 0,
      "latitude": 49.1175,
      "longitude": 16.7033
    },
    "handle": 1283940815,
    "identification": "LKTBA",
    "link": "LKTB",
    "name": "LKTB ALFA",
    "sun": {
      "astronomicalDawn": "2020-12-27T05:10:00Z",
      "astronomicalDusk": "2020-12-27T14:39:00Z",
      "civilDawn": "2020-12-27T05:47:00Z",
      "civilDusk": "2020-12-27T14:01:00Z",
      "date": "2020-12-26T23:00:00Z"
    },
    "thumbprint": "d859e228329d999d63233806db2ab1abf35cce90359675aaf932a59721b4bdcf"
  },
  {
    "coordinate": {
      "index": 0,
      "latitude": 49.1817,
      "longitude": 16.7125
    },
    "handle": 266774366,
    "identification": "LKTBB",
    "link": "LKTB",
    "name": "LKTB BRAVO",
    "sun": {
      "astronomicalDawn": "2020-12-27T05:10:00Z",
      "astronomicalDusk": "2020-12-27T14:38:00Z",
      "civilDawn": "2020-12-27T05:48:00Z",
      "civilDusk": "2020-12-27T14:01:00Z",
      "date": "2020-12-26T23:00:00Z"
    },
    "thumbprint": "d9140d61a8a43b27b5de2dc55f0ab34a15ab31691fdd6c8d2cf945719d7ad1b3"
  },
  {
    "coordinate": {
      "index": 0,
      "latitude": 49.2036,
      "longitude": 16.8861
    },
    "handle": 1861751766,
    "identification": "LKTBE",
    "link": "LKTB",
    "name": "LKTB ECHO",
    "sun": {
      "astronomicalDawn": "2020-12-27T05:09:00Z",
      "astronomicalDusk": "2020-12-27T14:38:00Z",
      "civilDawn": "2020-12-27T05:47:00Z",
      "civilDusk": "2020-12-27T14:00:00Z",
      "date": "2020-12-26T23:00:00Z"
    },
    "thumbprint": "ce0f1d654a87affd56ab0a6236d747a9e3c2de8ce2cada30a6d595addfadc700"
  },
  {
    "coordinate": {
      "index": 0,
      "latitude": 49.2922,
      "longitude": 16.5603
    },
    "handle": 907058040,
    "identification": "LKTBN",
    "link": "LKTB",
    "name": "LKTB NOVEMBER",
    "sun": {
      "astronomicalDawn": "2020-12-27T05:11:00Z",
      "astronomicalDusk": "2020-12-27T14:39:00Z",
      "civilDawn": "2020-12-27T05:49:00Z",
      "civilDusk": "2020-12-27T14:01:00Z",
      "date": "2020-12-26T23:00:00Z"
    },
    "thumbprint": "4b1c9f3ac87e35f02536a83554b5b788706c24990ab0ab0a42b0deeefd4ddcde"
  },
  {
    "coordinate": {
      "index": 0,
      "latitude": 48.9978,
      "longitude": 16.8622
    },
    "handle": 897621378,
    "identification": "LKTBS",
    "link": "LKTB",
    "name": "LKTB SIERRA",
    "sun": {
      "astronomicalDawn": "2020-12-27T05:09:00Z",
      "astronomicalDusk": "2020-12-27T14:38:00Z",
      "civilDawn": "2020-12-27T05:46:00Z",
      "civilDusk": "2020-12-27T14:01:00Z",
      "date": "2020-12-26T23:00:00Z"
    },
    "thumbprint": "aa95e6a3c1c9308d60f4f9deaafd2664a22bc5c19eafd21a33ed3e4f8372712b"
  },
  {
    "coordinate": {
      "index": 0,
      "latitude": 50.0842,
      "longitude": 13.1267
    },
    "handle": 3942873608,
    "identification": "LKKVE",
    "link": "LKKV",
    "name": "LKKV ECHO",
    "sun": {
      "astronomicalDawn": "2020-12-27T05:27:00Z",
      "astronomicalDusk": "2020-12-27T14:50:00Z",
      "civilDawn": "2020-12-27T06:06:00Z",
      "civilDusk": "2020-12-27T14:11:00Z",
      "date": "2020-12-26T23:00:00Z"
    },
    "thumbprint": "370d9b6285eccd233a431d291cffbe449440708006632e15c657dfb016702dd3"
  },
  {
    "coordinate": {
      "index": 0,
      "latitude": 50.2817,
      "longitude": 12.9386
    },
    "handle": 1199983172,
    "identification": "LKKVN",
    "link": "LKKV",
    "name": "LKKV NOVEMBER",
    "sun": {
      "astronomicalDawn": "2020-12-27T05:29:00Z",
      "astronomicalDusk": "2020-12-27T14:50:00Z",
      "civilDawn": "2020-12-27T06:08:00Z",
      "civilDusk": "2020-12-27T14:11:00Z",
      "date": "2020-12-26T23:00:00Z"
    },
    "thumbprint": "91c302add1ab61d9005cd375c2c07eb28026d13355b4e749d9ebd2b606322284"
  },
  {
    "coordinate": {
      "index": 0,
      "latitude": 50.0839,
      "longitude": 12.84
    },
    "handle": 2876026596,
    "identification": "LKKVS",
    "link": "LKKV",
    "name": "LKKV SIERRA",
    "sun": {
      "astronomicalDawn": "2020-12-27T05:29:00Z",
      "astronomicalDusk": "2020-12-27T14:51:00Z",
      "civilDawn": "2020-12-27T06:07:00Z",
      "civilDusk": "2020-12-27T14:12:00Z",
      "date": "2020-12-26T23:00:00Z"
    },
    "thumbprint": "7cad7c05aaa1ef10c503cdf23101b58ec63485d8a3210b4bf3d121b6c9a4dc20"
  },
  {
    "coordinate": {
      "index": 0,
      "latitude": 50.1894,
      "longitude": 12.7581
    },
    "handle": 1328825840,
    "identification": "LKKVW",
    "link": "LKKV",
    "name": "LKKV WHISKY",
    "sun": {
      "astronomicalDawn": "2020-12-27T05:29:00Z",
      "astronomicalDusk": "2020-12-27T14:51:00Z",
      "civilDawn": "2020-12-27T06:08:00Z",
      "civilDusk": "2020-12-27T14:12:00Z",
      "date": "2020-12-26T23:00:00Z"
    },
    "thumbprint": "3eb388d19210f3ba9abcded9b261a5da8243a6bd3010d5e2ccda3a3d36754816"
  },
  {
    "coordinate": {
      "index": 0,
      "latitude": 49.65,
      "longitude": 18.1411
    },
    "handle": 3204873859,
    "identification": "LKMTA",
    "link": "LKMT",
    "name": "LKMT ALFA",
    "sun": {
      "astronomicalDawn": "2020-12-27T05:06:00Z",
      "astronomicalDusk": "2020-12-27T14:31:00Z",
      "civilDawn": "2020-12-27T05:44:00Z",
      "civilDusk": "2020-12-27T13:53:00Z",
      "date": "2020-12-26T23:00:00Z"
    },
    "thumbprint": "dadc8667a8637f6dd83d37295aa5c89493d307b42a40f3f86383a27f73cf03c2"
  },
  {
    "coordinate": {
      "index": 0,
      "latitude": 49.7047,
      "longitude": 18.0511
    },
    "handle": 1544229389,
    "identification": "LKMTB",
    "link": "LKMT",
    "name": "LKMT BRAVO",
    "sun": {
      "astronomicalDawn": "2020-12-27T05:06:00Z",
      "astronomicalDusk": "2020-12-27T14:31:00Z",
      "civilDawn": "2020-12-27T05:45:00Z",
      "civilDusk": "2020-12-27T13:53:00Z",
      "date": "2020-12-26T23:00:00Z"
    },
    "thumbprint": "99d510e6cf6dd11af1f15aa92e7d200e1b73016d6164bba0763d05d2ca2cab38"
  },
  {
    "coordinate": {
      "index": 0,
      "latitude": 49.93,
      "longitude": 15.2335
    },
    "handle": 2972738766,
    "identification": "LKCVA",
    "link": "LKCV",
    "name": "LKCV ALFA",
    "sun": {
      "astronomicalDawn": "2020-12-27T05:18:00Z",
      "astronomicalDusk": "2020-12-27T14:42:00Z",
      "civilDawn": "2020-12-27T05:57:00Z",
      "civilDusk": "2020-12-27T14:03:00Z",
      "date": "2020-12-26T23:00:00Z"
    },
    "thumbprint": "15b2ccd9eb5cd7f1726e655edd88ecfc864c8552bdf61eba518848e8e831dcc7"
  },
  {
    "coordinate": {
      "index": 0,
      "latitude": 50.2683,
      "longitude": 14.2392
    },
    "handle": 3089043172,
    "identification": "LKPRN",
    "link": "LKPR",
    "name": "LKPR NOVEMBER",
    "sun": {
      "astronomicalDawn": "2020-12-27T05:24:00Z",
      "astronomicalDusk": "2020-12-27T14:44:00Z",
      "civilDawn": "2020-12-27T06:02:00Z",
      "civilDusk": "2020-12-27T14:06:00Z",
      "date": "2020-12-26T23:00:00Z"
    },
    "thumbprint": "539bc483dd945694c3dfc007a2eb8d3a88e5eb6c439be16f34c95bb9967a2f65"
  },
  {
    "coordinate": {
      "index": 0,
      "latitude": 49.9617,
      "longitude": 14.0828
    },
    "handle": 3015312941,
    "identification": "LKPRS",
    "link": "LKPR",
    "name": "LKPR SIERRA",
    "sun": {
      "astronomicalDawn": "2020-12-27T05:23:00Z",
      "astronomicalDusk": "2020-12-27T14:46:00Z",
      "civilDawn": "2020-12-27T06:02:00Z",
      "civilDusk": "2020-12-27T14:08:00Z",
      "date": "2020-12-26T23:00:00Z"
    },
    "thumbprint": "09325d9f76cf49b4c1649420377613cf78b3d62803274a9f08e7b697ac4bad89"
  },
  {
    "coordinate": {
      "index": 0,
      "latitude": 50.0497,
      "longitude": 14.2728
    },
    "handle": 2800711142,
    "identification": "LKPRT",
    "link": "LKPR",
    "name": "LKPR TANGO",
    "sun": {
      "astronomicalDawn": "2020-12-27T05:23:00Z",
      "astronomicalDusk": "2020-12-27T14:45:00Z",
      "civilDawn": "2020-12-27T06:01:00Z",
      "civilDusk": "2020-12-27T14:07:00Z",
      "date": "2020-12-26T23:00:00Z"
    },
    "thumbprint": "64a972377237cfa7033a2e1a882012a432fb0503ce57fc2e0c96d0c3efca672e"
  },
  {
    "coordinate": {
      "index": 0,
      "latitude": 50.1528,
      "longitude": 13.9831
    },
    "handle": 1431743,
    "identification": "LKPRW",
    "link": "LKPR",
    "name": "LKPR WHISKY",
    "sun": {
      "astronomicalDawn": "2020-12-27T05:24:00Z",
      "astronomicalDusk": "2020-12-27T14:46:00Z",
      "civilDawn": "2020-12-27T06:03:00Z",
      "civilDusk": "2020-12-27T14:07:00Z",
      "date": "2020-12-26T23:00:00Z"
    },
    "thumbprint": "7f741716e4e808f27ece261e1af9c2527077253cb34cb3b5c90dbd4ae446a598"
  },
  {
    "coordinate": {
      "index": 0,
      "latitude": 50.2075,
      "longitude": 14.6964
    },
    "handle": 3245813839,
    "identification": "LKKBM",
    "link": "LKKB",
    "name": "LKKB MIKE",
    "sun": {
      "astronomicalDawn": "2020-12-27T05:22:00Z",
      "astronomicalDusk": "2020-12-27T14:43:00Z",
      "civilDawn": "2020-12-27T06:00:00Z",
      "civilDusk": "2020-12-27T14:04:00Z",
      "date": "2020-12-26T23:00:00Z"
    },
    "thumbprint": "339fc362c7441bfdfaf167bcfeaa72100f50a793f29a6af64f8b6a07a33b1b70"
  },
  {
    "coordinate": {
      "index": 0,
      "latitude": 50.1772,
      "longitude": 14.8553
    },
    "handle": 1233516334,
    "identification": "LKKBL",
    "link": "LKKB",
    "name": "LKKB LIMA",
    "sun": {
      "astronomicalDawn": "2020-12-27T05:21:00Z",
      "astronomicalDusk": "2020-12-27T14:42:00Z",
      "civilDawn": "2020-12-27T06:00:00Z",
      "civilDusk": "2020-12-27T14:04:00Z",
      "date": "2020-12-26T23:00:00Z"
    },
    "thumbprint": "5dca6248cc81c87bb6b4cd71aa08003e79e44ebf080bd5d7e7a03bf12d0b277c"
  },
  {
    "coordinate": {
      "index": 0,
      "latitude": 49.9861,
      "longitude": 14.3614
    },
    "handle": 775834193,
    "identification": "LKPRE",
    "link": "LKPR",
    "name": "LKPR ECHO",
    "sun": {
      "astronomicalDawn": "2020-12-27T05:22:00Z",
      "astronomicalDusk": "2020-12-27T14:45:00Z",
      "civilDawn": "2020-12-27T06:01:00Z",
      "civilDusk": "2020-12-27T14:07:00Z",
      "date": "2020-12-26T23:00:00Z"
    },
    "thumbprint": "7c9fbc89e97b7a86c1b18f76a57fb26719f27930c3eb0e385257f60ced8b71fe"
  },
  {
    "coordinate": {
      "index": 0,
      "latitude": 49.6793,
      "longitude": 15.5696
    },
    "handle": 1632184327,
    "identification": "LKCVS",
    "link": "LKCV",
    "name": "LKCV SUKAV",
    "sun": {
      "astronomicalDawn": "2020-12-27T05:16:00Z",
      "astronomicalDusk": "2020-12-27T14:41:00Z",
      "civilDawn": "2020-12-27T05:54:00Z",
      "civilDusk": "2020-12-27T14:03:00Z",
      "date": "2020-12-26T23:00:00Z"
    },
    "thumbprint": "8e47eb7704ea36417384320a52c6ffb7a5fd96095d5bac1d0451b1bb73b7ac01"
  },
  {
    "coordinate": {
      "index": 0,
      "latitude": 49.1108,
      "longitude": 16.5208
    },
    "handle": 2271908158,
    "identification": "LKTBW",
    "link": "LKTB",
    "name": "LKTB WHISKY",
    "sun": {
      "astronomicalDawn": "2020-12-27T05:10:00Z",
      "astronomicalDusk": "2020-12-27T14:39:00Z",
      "civilDawn": "2020-12-27T05:48:00Z",
      "civilDusk": "2020-12-27T14:02:00Z",
      "date": "2020-12-26T23:00:00Z"
    },
    "thumbprint": "017aec792940cdfd72031b802d3cf660053392b149f796db9516edee6820874b"
  },
  {
    "coordinate": {
      "index": 0,
      "latitude": 48.9964,
      "longitude": 16.6889
    },
    "handle": 3774211698,
    "identification": "LKTBZ",
    "link": "LKTB",
    "name": "LKTB ZULU",
    "sun": {
      "astronomicalDawn": "2020-12-27T05:09:00Z",
      "astronomicalDusk": "2020-12-27T14:39:00Z",
      "civilDawn": "2020-12-27T05:47:00Z",
      "civilDusk": "2020-12-27T14:02:00Z",
      "date": "2020-12-26T23:00:00Z"
    },
    "thumbprint": "468db7034ad07cbd0d664c36712116182a77e4c036e39705b010e37d6cc95d66"
  },
  {
    "coordinate": {
      "index": 0,
      "latitude": 50.2378,
      "longitude": 12.9278
    },
    "handle": 3030553463,
    "identification": "LKKVA",
    "link": "LKKV",
    "name": "LKKV ALFA",
    "sun": {
      "astronomicalDawn": "2020-12-27T05:29:00Z",
      "astronomicalDusk": "2020-12-27T14:50:00Z",
      "civilDawn": "2020-12-27T06:08:00Z",
      "civilDusk": "2020-12-27T14:11:00Z",
      "date": "2020-12-26T23:00:00Z"
    },
    "thumbprint": "af699516b8399b107b8f1300306d48f03f687629c653f1d9bb42be4bb1d82dab"
  },
  {
    "coordinate": {
      "index": 0,
      "latitude": 50.1708,
      "longitude": 12.8917
    },
    "handle": 2533995563,
    "identification": "LKKVB",
    "link": "LKKV",
    "name": "LKKV BRAVO",
    "sun": {
      "astronomicalDawn": "2020-12-27T05:29:00Z",
      "astronomicalDusk": "2020-12-27T14:50:00Z",
      "civilDawn": "2020-12-27T06:07:00Z",
      "civilDusk": "2020-12-27T14:12:00Z",
      "date": "2020-12-26T23:00:00Z"
    },
    "thumbprint": "71580da4648893db2d4382552163ed130eafcf1aa441c97de78e59903dc14ea8"
  },
  {
    "coordinate": {
      "index": 0,
      "latitude": 50.1653,
      "longitude": 15.795
    },
    "handle": 928285094,
    "identification": "LKHKO",
    "link": "LKHK",
    "name": "LKHK OPAT",
    "sun": {
      "astronomicalDawn": "2020-12-27T05:17:00Z",
      "astronomicalDusk": "2020-12-27T14:39:00Z",
      "civilDawn": "2020-12-27T05:56:00Z",
      "civilDusk": "2020-12-27T14:00:00Z",
      "date": "2020-12-26T23:00:00Z"
    },
    "thumbprint": "f753ef24e6885d82c46909f98a97d0db5290458094c8838428ee847998caae68"
  },
  {
    "coordinate": {
      "index": 0,
      "latitude": 49.8627,
      "longitude": 15.0666
    },
    "handle": 4231952279,
    "identification": "LKCVJ",
    "link": "LKCV",
    "name": "LKCV JANO",
    "sun": {
      "astronomicalDawn": "2020-12-27T05:19:00Z",
      "astronomicalDusk": "2020-12-27T14:43:00Z",
      "civilDawn": "2020-12-27T05:57:00Z",
      "civilDusk": "2020-12-27T14:04:00Z",
      "date": "2020-12-26T23:00:00Z"
    },
    "thumbprint": "3069bdcf72002a0a1909912748f0a4d23015b4e4f49c8c8585731efd202078ee"
  },
  {
    "coordinate": {
      "index": 0,
      "latitude": 49.1397,
      "longitude": 16.0625
    },
    "handle": 2771553819,
    "identification": "LKNAA",
    "link": "LKNA",
    "name": "LKNA ALFA",
    "sun": {
      "astronomicalDawn": "2020-12-27T05:12:00Z",
      "astronomicalDusk": "2020-12-27T14:41:00Z",
      "civilDawn": "2020-12-27T05:50:00Z",
      "civilDusk": "2020-12-27T14:04:00Z",
      "date": "2020-12-26T23:00:00Z"
    },
    "thumbprint": "42781517fa01859e185f998a9629052e28cb6edc75b4647fb98c252d4a683ec6"
  },
  {
    "coordinate": {
      "index": 0,
      "latitude": 49.1939,
      "longitude": 16.22
    },
    "handle": 3319372907,
    "identification": "LKNAB",
    "link": "LKNA",
    "name": "LKNA BRAVO",
    "sun": {
      "astronomicalDawn": "2020-12-27T05:12:00Z",
      "astronomicalDusk": "2020-12-27T14:40:00Z",
      "civilDawn": "2020-12-27T05:50:00Z",
      "civilDusk": "2020-12-27T14:03:00Z",
      "date": "2020-12-26T23:00:00Z"
    },
    "thumbprint": "7b21a000748bee4c2e5d2a5011a097f50d791ecd9472adb8ca0181314abca342"
  },
  {
    "coordinate": {
      "index": 0,
      "latitude": 49.6633,
      "longitude": 18.3203
    },
    "handle": 2343412230,
    "identification": "LKMTE",
    "link": "LKMT",
    "name": "LKMT ECHO",
    "sun": {
      "astronomicalDawn": "2020-12-27T05:05:00Z",
      "astronomicalDusk": "2020-12-27T14:30:00Z",
      "civilDawn": "2020-12-27T05:43:00Z",
      "civilDusk": "2020-12-27T13:52:00Z",
      "date": "2020-12-26T23:00:00Z"
    },
    "thumbprint": "56f5691ca3e14d4688d35a0c8ec5eeff6044921041bc4c99888620ff53641c6b"
  },
  {
    "coordinate": {
      "index": 0,
      "latitude": 49.9014,
      "longitude": 15.9358
    },
    "handle": 3715498116,
    "identification": "LKPDS",
    "link": "LKPD",
    "name": "LKPD SIERRA",
    "sun": {
      "astronomicalDawn": "2020-12-27T05:16:00Z",
      "astronomicalDusk": "2020-12-27T14:39:00Z",
      "civilDawn": "2020-12-27T05:54:00Z",
      "civilDusk": "2020-12-27T14:01:00Z",
      "date": "2020-12-26T23:00:00Z"
    },
    "thumbprint": "95a44ea55645a236b9f8b872407e8f4f65df402d772b28932f2781c79b51044c"
  },
  {
    "coordinate": {
      "index": 0,
      "latitude": 50.0717,
      "longitude": 14.7733
    },
    "handle": 4147842790,
    "identification": "LKKBU",
    "link": "LKKB",
    "name": "LKKB UNIFORM",
    "sun": {
      "astronomicalDawn": "2020-12-27T05:21:00Z",
      "astronomicalDusk": "2020-12-27T14:43:00Z",
      "civilDawn": "2020-12-27T05:59:00Z",
      "civilDusk": "2020-12-27T14:05:00Z",
      "date": "2020-12-26T23:00:00Z"
    },
    "thumbprint": "ba82d28833a1dd9158d18b8a3fa7626c196530d9c2a11c2c460bc9dcd822a3a5"
  },
  {
    "coordinate": {
      "index": 0,
      "latitude": 49.9808,
      "longitude": 14.6061
    },
    "handle": 1847518626,
    "identification": "LKKBR",
    "link": "LKKB",
    "name": "LKKB ROMEO",
    "sun": {
      "astronomicalDawn": "2020-12-27T05:21:00Z",
      "astronomicalDusk": "2020-12-27T14:44:00Z",
      "civilDawn": "2020-12-27T06:00:00Z",
      "civilDusk": "2020-12-27T14:06:00Z",
      "date": "2020-12-26T23:00:00Z"
    },
    "thumbprint": "a5c4a02849811b51b538558399cef7c5c46981f91d565ad93a082c77c7126209"
  },
  {
    "coordinate": {
      "index": 0,
      "latitude": 49.0231,
      "longitude": 17.6408
    },
    "handle": 823949467,
    "identification": "LKKUE",
    "link": "LKKU",
    "name": "LKKU ECHO",
    "sun": {
      "astronomicalDawn": "2020-12-27T05:06:00Z",
      "astronomicalDusk": "2020-12-27T14:35:00Z",
      "civilDawn": "2020-12-27T05:43:00Z",
      "civilDusk": "2020-12-27T13:58:00Z",
      "date": "2020-12-26T23:00:00Z"
    },
    "thumbprint": "2ac401f4a8e51bd7ea802c80e83ef8fd31762d415b696a60785476ae1591ea7b"
  },
  {
    "coordinate": {
      "index": 0,
      "latitude": 49.1703,
      "longitude": 17.4725
    },
    "handle": 2394356045,
    "identification": "LKKUN",
    "link": "LKKU",
    "name": "LKKU NOVEMBER",
    "sun": {
      "astronomicalDawn": "2020-12-27T05:07:00Z",
      "astronomicalDusk": "2020-12-27T14:35:00Z",
      "civilDawn": "2020-12-27T05:44:00Z",
      "civilDusk": "2020-12-27T13:58:00Z",
      "date": "2020-12-26T23:00:00Z"
    },
    "thumbprint": "9d783bf6c19976b67568918268b972d1ee8b47966a0254a84a8ba49007210a20"
  },
  {
    "coordinate": {
      "index": 0,
      "latitude": 48.9742,
      "longitude": 17.2681
    },
    "handle": 3698201326,
    "identification": "LKKUS",
    "link": "LKKU",
    "name": "LKKU SIERRA",
    "sun": {
      "astronomicalDawn": "2020-12-27T05:07:00Z",
      "astronomicalDusk": "2020-12-27T14:37:00Z",
      "civilDawn": "2020-12-27T05:44:00Z",
      "civilDusk": "2020-12-27T13:59:00Z",
      "date": "2020-12-26T23:00:00Z"
    },
    "thumbprint": "e4ffde63f4ad656cb933b5de693d86baf72ca497e3f4530bf1210a4d56c789a1"
  },
  {
    "coordinate": {
      "index": 0,
      "latitude": 49.1064,
      "longitude": 17.3153
    },
    "handle": 1478922284,
    "identification": "LKKUW",
    "link": "LKKU",
    "name": "LKKU WHISKY",
    "sun": {
      "astronomicalDawn": "2020-12-27T05:07:00Z",
      "astronomicalDusk": "2020-12-27T14:36:00Z",
      "civilDawn": "2020-12-27T05:45:00Z",
      "civilDusk": "2020-12-27T13:59:00Z",
      "date": "2020-12-26T23:00:00Z"
    },
    "thumbprint": "888e9fabb01b3a458de3d9d364344a6339bb47ddb9d1a6a3751b9c8e1400ed1e"
  },
  {
    "coordinate": {
      "index": 0,
      "latitude": 50.1156,
      "longitude": 15.6528
    },
    "handle": 1481067362,
    "identification": "LKPDC",
    "link": "LKPD",
    "name": "LKPD CHARLIE",
    "sun": {
      "astronomicalDawn": "2020-12-27T05:17:00Z",
      "astronomicalDusk": "2020-12-27T14:39:00Z",
      "civilDawn": "2020-12-27T05:56:00Z",
      "civilDusk": "2020-12-27T14:01:00Z",
      "date": "2020-12-26T23:00:00Z"
    },
    "thumbprint": "268ea29eb1d4ffcd9c058d499f8b2558d3121f998074ef4849fb511940059b91"
  },
  {
    "coordinate": {
      "index": 0,
      "latitude": 49.2222,
      "longitude": 16.2931
    },
    "handle": 1131497068,
    "identification": "LKNAZ",
    "link": "LKNA",
    "name": "LKNA ZULU",
    "sun": {
      "astronomicalDawn": "2020-12-27T05:12:00Z",
      "astronomicalDusk": "2020-12-27T14:40:00Z",
      "civilDawn": "2020-12-27T05:49:00Z",
      "civilDusk": "2020-12-27T14:02:00Z",
      "date": "2020-12-26T23:00:00Z"
    },
    "thumbprint": "c3687c15b31d33ef250aa7bd0a7ea44c2e750c1f287301a0bf4252b7a99302be"
  },
  {
    "coordinate": {
      "index": 0,
      "latitude": 50.2631,
      "longitude": 15.9322
    },
    "handle": 493094616,
    "identification": "LKHKC",
    "link": "LKHK",
    "name": "LKHK CELOV",
    "sun": {
      "astronomicalDawn": "2020-12-27T05:17:00Z",
      "astronomicalDusk": "2020-12-27T14:38:00Z",
      "civilDawn": "2020-12-27T05:56:00Z",
      "civilDusk": "2020-12-27T13:59:00Z",
      "date": "2020-12-26T23:00:00Z"
    },
    "thumbprint": "001816b0f3231e59f67ff79c9cb5a75d3e6e502f5e51016a6a0331a1ba6da2dc"
  },
  {
    "coordinate": {
      "index": 0,
      "latitude": 50.3333,
      "longitude": 15.7242
    },
    "handle": 1910602916,
    "identification": "LKHKE",
    "link": "LKHK",
    "name": "LKHK CEPRO",
    "sun": {
      "astronomicalDawn": "2020-12-27T05:18:00Z",
      "astronomicalDusk": "2020-12-27T14:38:00Z",
      "civilDawn": "2020-12-27T05:57:00Z",
      "civilDusk": "2020-12-27T13:59:00Z",
      "date": "2020-12-26T23:00:00Z"
    },
    "thumbprint": "0dc8adbdd0a24dc1696eec9f48f4d57e5abd80bef2a13b7790d287ef76362dc8"
  },
  {
    "coordinate": {
      "index": 0,
      "latitude": 50.1392,
      "longitude": 15.7886
    },
    "handle": 2106334290,
    "identification": "LKPDN",
    "link": "LKPD",
    "name": "LKPD NOVEMBER",
    "sun": {
      "astronomicalDawn": "2020-12-27T05:17:00Z",
      "astronomicalDusk": "2020-12-27T14:39:00Z",
      "civilDawn": "2020-12-27T05:56:00Z",
      "civilDusk": "2020-12-27T14:00:00Z",
      "date": "2020-12-26T23:00:00Z"
    },
    "thumbprint": "01c88aef7b37ba01ad28beafdfd6b48c04e2f5929f2be43f31ce09f433fb3f09"
  },
  {
    "coordinate": {
      "index": 0,
      "latitude": 50.1278,
      "longitude": 15.5367
    },
    "handle": 1372963127,
    "identification": "LKPDW",
    "link": "LKPD",
    "name": "LKPD WHISKY",
    "sun": {
      "astronomicalDawn": "2020-12-27T05:18:00Z",
      "astronomicalDusk": "2020-12-27T14:40:00Z",
      "civilDawn": "2020-12-27T05:57:00Z",
      "civilDusk": "2020-12-27T14:01:00Z",
      "date": "2020-12-26T23:00:00Z"
    },
    "thumbprint": "119b1915b85d1d5fa34d7c6a8ed866a4a87f2e43ed3bdcd4c2480214c678ac78"
  },
  {
    "coordinate": {
      "index": 0,
      "latitude": 49.8972,
      "longitude": 15.6406
    },
    "handle": 977008884,
    "identification": "LKPDX",
    "link": "LKPD",
    "name": "LKPD XRAY",
    "sun": {
      "astronomicalDawn": "2020-12-27T05:17:00Z",
      "astronomicalDusk": "2020-12-27T14:40:00Z",
      "civilDawn": "2020-12-27T05:55:00Z",
      "civilDusk": "2020-12-27T14:02:00Z",
      "date": "2020-12-26T23:00:00Z"
    },
    "thumbprint": "7c55be11fdbace248d9c79abd1b00626163550ba947671068c1d2c7fc55aa9ee"
  },
  {
    "coordinate": {
      "index": 0,
      "latitude": 49.8519,
      "longitude": 15.3456
    },
    "handle": 1976318158,
    "identification": "LKCVB",
    "link": "LKCV",
    "name": "LKCV BRAVO",
    "sun": {
      "astronomicalDawn": "2020-12-27T05:18:00Z",
      "astronomicalDusk": "2020-12-27T14:42:00Z",
      "civilDawn": "2020-12-27T05:56:00Z",
      "civilDusk": "2020-12-27T14:03:00Z",
      "date": "2020-12-26T23:00:00Z"
    },
    "thumbprint": "6d540905de34516c05ab116f42d96634d6e02385e2e85a242721fe862b3b743a"
  },
  {
    "coordinate": {
      "index": 0,
      "latitude": 49.9553,
      "longitude": 15.5188
    },
    "handle": 1649741499,
    "identification": "LKCVD",
    "link": "LKCV",
    "name": "LKCV DELTA",
    "sun": {
      "astronomicalDawn": "2020-12-27T05:17:00Z",
      "astronomicalDusk": "2020-12-27T14:40:00Z",
      "civilDawn": "2020-12-27T05:56:00Z",
      "civilDusk": "2020-12-27T14:02:00Z",
      "date": "2020-12-26T23:00:00Z"
    },
    "thumbprint": "c1070c5e092b010173623b3328f120be8344e06eee5afde5e47180826549ac20"
  },
  {
    "coordinate": {
      "index": 0,
      "latitude": 49.7613,
      "longitude": 15.3044
    },
    "handle": 481019502,
    "identification": "LKCVE",
    "link": "LKCV",
    "name": "LKCV EKNEV",
    "sun": {
      "astronomicalDawn": "2020-12-27T05:18:00Z",
      "astronomicalDusk": "2020-12-27T14:42:00Z",
      "civilDawn": "2020-12-27T05:56:00Z",
      "civilDusk": "2020-12-27T14:04:00Z",
      "date": "2020-12-26T23:00:00Z"
    },
    "thumbprint": "fb54a27da4660f7b6cb1095173916046b44d98c2c4e74e482370b371a947c784"
  },
  {
    "coordinate": {
      "index": 0,
      "latitude": 50.1883,
      "longitude": 14.0411
    },
    "handle": 2521667291,
    "identification": "LKPRC",
    "link": "LKPR",
    "name": "LKPR CHARLIE",
    "sun": {
      "astronomicalDawn": "2020-12-27T05:24:00Z",
      "astronomicalDusk": "2020-12-27T14:46:00Z",
      "civilDawn": "2020-12-27T06:03:00Z",
      "civilDusk": "2020-12-27T14:07:00Z",
      "date": "2020-12-26T23:00:00Z"
    },
    "thumbprint": "f3b6ed556f2127e1bde48834223169e08bac4bf48f0660efe0bc5e80b7abfdaa"
  },
  {
    "coordinate": {
      "index": 0,
      "latitude": 49.9753,
      "longitude": 15.6431
    },
    "handle": 3700245651,
    "identification": "LKPDA",
    "link": "LKPD",
    "name": "LKPD ALFA",
    "sun": {
      "astronomicalDawn": "2020-12-27T05:17:00Z",
      "astronomicalDusk": "2020-12-27T14:40:00Z",
      "civilDawn": "2020-12-27T05:55:00Z",
      "civilDusk": "2020-12-27T14:01:00Z",
      "date": "2020-12-26T23:00:00Z"
    },
    "thumbprint": "0bd607031040b205f35ceee3686cabadbc1957a3ddaddbe6f2cf8b49a5d8cc0b"
  },
  {
    "coordinate": {
      "index": 0,
      "latitude": 49.9742,
      "longitude": 15.8703
    },
    "handle": 2017044337,
    "identification": "LKPDB",
    "link": "LKPD",
    "name": "LKPD BRAVO",
    "sun": {
      "astronomicalDawn": "2020-12-27T05:16:00Z",
      "astronomicalDusk": "2020-12-27T14:39:00Z",
      "civilDawn": "2020-12-27T05:55:00Z",
      "civilDusk": "2020-12-27T14:01:00Z",
      "date": "2020-12-26T23:00:00Z"
    },
    "thumbprint": "795f094ee9787414a21d8f0d1d700a0888586cb2bff90bfe27ede9012198d83f"
  },
  {
    "coordinate": {
      "index": 0,
      "latitude": 50.1025,
      "longitude": 15.8569
    },
    "handle": 894239188,
    "identification": "LKPDD",
    "link": "LKPD",
    "name": "LKPD DELTA",
    "sun": {
      "astronomicalDawn": "2020-12-27T05:17:00Z",
      "astronomicalDusk": "2020-12-27T14:39:00Z",
      "civilDawn": "2020-12-27T05:55:00Z",
      "civilDusk": "2020-12-27T14:00:00Z",
      "date": "2020-12-26T23:00:00Z"
    },
    "thumbprint": "907465aa5ea79940aecf6d64180967360c59faebd1ccbef7a7ecb348d4972277"
  },
  {
    "coordinate": {
      "index": 0,
      "latitude": 49.995,
      "longitude": 16.1092
    },
    "handle": 4187487200,
    "identification": "LKPDE",
    "link": "LKPD",
    "name": "LKPD ECHO",
    "sun": {
      "astronomicalDawn": "2020-12-27T05:15:00Z",
      "astronomicalDusk": "2020-12-27T14:38:00Z",
      "civilDawn": "2020-12-27T05:54:00Z",
      "civilDusk": "2020-12-27T14:00:00Z",
      "date": "2020-12-26T23:00:00Z"
    },
    "thumbprint": "884ebe9b6232d27d7878e84b419aa6dab1b5554727c9d0df271a9374f0710a99"
  },
  {
    "coordinate": {
      "index": 0,
      "latitude": 50.0335,
      "longitude": 15.4069
    },
    "handle": 996638534,
    "identification": "LKCVC",
    "link": "LKCV",
    "name": "LKCV CHARLIE",
    "sun": {
      "astronomicalDawn": "2020-12-27T05:18:00Z",
      "astronomicalDusk": "2020-12-27T14:41:00Z",
      "civilDawn": "2020-12-27T05:57:00Z",
      "civilDusk": "2020-12-27T14:02:00Z",
      "date": "2020-12-26T23:00:00Z"
    },
    "thumbprint": "5ff63754bad7972e67cfbbfe2e628da6bca0401c5c5051a3e4c037b7aeb7366d"
  },
  {
    "coordinate": {
      "index": 0,
      "latitude": 50.0514,
      "longitude": 15.0331
    },
    "handle": 3042037081,
    "identification": "LKCVP",
    "link": "LKCV",
    "name": "LKCV PLAN",
    "sun": {
      "astronomicalDawn": "2020-12-27T05:20:00Z",
      "astronomicalDusk": "2020-12-27T14:42:00Z",
      "civilDawn": "2020-12-27T05:58:00Z",
      "civilDusk": "2020-12-27T14:04:00Z",
      "date": "2020-12-26T23:00:00Z"
    },
    "thumbprint": "2731c6f5891b3c76a5a6b968d38f45e2eb8c31cfefc7132f48d8be017e2a38d9"
  }
]