[
  {
    "coordinate": {
      "index": 0,
      "latitude": 49.2222,
      "longitude": 16.2931
    },
    "handle": 3321148719,
    "identification": "LKNAZ",
    "link": "LKNA",
    "name": "LKNA ZULU",
    "sun": {
      "astronomicalDawn": "2021-01-09T05:12:00Z",
      "astronomicalDusk": "2021-01-09T14:52:00Z",
      "civilDawn": "2021-01-09T05:49:00Z",
      "civilDusk": "2021-01-09T14:15:00Z",
      "date": "2021-01-08T23:00:00Z"
    },
    "thumbprint": "d5b0bf1c2a4c91f366bb28181f02f83e07c4bb7c39ebc4de83c937bc46f84278"
  },
  {
    "coordinate": {
      "index": 0,
      "latitude": 49.17,
      "longitude": 15.925
    },
    "handle": 366161705,
    "identification": "LKNAW",
    "link": "LKNA",
    "name": "LKNA WHISKY",
    "sun": {
      "astronomicalDawn": "2021-01-09T05:13:00Z",
      "astronomicalDusk": "2021-01-09T14:53:00Z",
      "civilDawn": "2021-01-09T05:50:00Z",
      "civilDusk": "2021-01-09T14:16:00Z",
      "date": "2021-01-08T23:00:00Z"
    },
    "thumbprint": "636458ce4f8c98b38c8e630a27f3c9fe83963bf98cac4f7d141d5f62207a358f"
  },
  {
    "coordinate": {
      "index": 0,
      "latitude": 49.0331,
      "longitude": 16.1075
    },
    "handle": 3896223464,
    "identification": "LKNAS",
    "link": "LKNA",
    "name": "LKNA SIERRA",
    "sun": {
      "astronomicalDawn": "2021-01-09T05:12:00Z",
      "astronomicalDusk": "2021-01-09T14:53:00Z",
      "civilDawn": "2021-01-09T05:49:00Z",
      "civilDusk": "2021-01-09T14:16:00Z",
      "date": "2021-01-08T23:00:00Z"
    },
    "thumbprint": "994e212d28e279821dee432d0eff2b51ebc19c254b8258a89d7f38fc6a1800c9"
  },
  {
    "coordinate": {
      "index": 0,
      "latitude": 50.1278,
      "longitude": 15.5367
    },
    "handle": 2415292689,
    "identification": "LKPDW",
    "link": "LKPD",
    "name": "LKPD WHISKY",
    "sun": {
      "astronomicalDawn": "2021-01-09T05:18:00Z",
      "astronomicalDusk": "2021-01-09T14:52:00Z",
      "civilDawn": "2021-01-09T05:56:00Z",
      "civilDusk": "2021-01-09T14:14:00Z",
      "date": "2021-01-08T23:00:00Z"
    },
    "thumbprint": "368e35606753bede165152f6d62d4de092c76a09efc67589745c8ae5ba6d8f0e"
  },
  {
    "coordinate": {
      "index": 0,
      "latitude": 50.1392,
      "longitude": 15.7886
    },
    "handle": 110259832,
    "identification": "LKPDN",
    "link": "LKPD",
    "name": "LKPD NOVEMBER",
    "sun": {
      "astronomicalDawn": "2021-01-09T05:17:00Z",
      "astronomicalDusk": "2021-01-09T14:51:00Z",
      "civilDawn": "2021-01-09T05:55:00Z",
      "civilDusk": "2021-01-09T14:13:00Z",
      "date": "2021-01-08T23:00:00Z"
    },
    "thumbprint": "0627c4e328acfd5ce23ceb82e16c8b04149ff4eff64b968d9f673da09564ac44"
  },
  {
    "coordinate": {
      "index": 0,
      "latitude": 49.995,
      "longitude": 16.1092
    },
    "handle": 3364361324,
    "identification": "LKPDE",
    "link": "LKPD",
    "name": "LKPD ECHO",
    "sun": {
      "astronomicalDawn": "2021-01-09T05:15:00Z",
      "astronomicalDusk": "2021-01-09T14:50:00Z",
      "civilDawn": "2021-01-09T05:53:00Z",
      "civilDusk": "2021-01-09T14:12:00Z",
      "date": "2021-01-08T23:00:00Z"
    },
    "thumbprint": "16bcae7c94a7c2ec2ea88a72adcf847d3fe74cce0c83f1739e29a0f912656316"
  },
  {
    "coordinate": {
      "index": 0,
      "latitude": 49.0231,
      "longitude": 17.6408
    },
    "handle": 2796395483,
    "identification": "LKKUE",
    "link": "LKKU",
    "name": "LKKU ECHO",
    "sun": {
      "astronomicalDawn": "2021-01-09T05:06:00Z",
      "astronomicalDusk": "2021-01-09T14:47:00Z",
      "civilDawn": "2021-01-09T05:42:00Z",
      "civilDusk": "2021-01-09T14:10:00Z",
      "date": "2021-01-08T23:00:00Z"
    },
    "thumbprint": "87fbe5b9290bf1ce005d0feaa077dcf176895a8c7f22a035ced1443b07b393de"
  },
  {
    "coordinate": {
      "index": 0,
      "latitude": 49.9808,
      "longitude": 14.6061
    },
    "handle": 1733680441,
    "identification": "LKKBR",
    "link": "LKKB",
    "name": "LKKB ROMEO",
    "sun": {
      "astronomicalDawn": "2021-01-09T05:21:00Z",
      "astronomicalDusk": "2021-01-09T14:56:00Z",
      "civilDawn": "2021-01-09T05:59:00Z",
      "civilDusk": "2021-01-09T14:18:00Z",
      "date": "2021-01-08T23:00:00Z"
    },
    "thumbprint": "2641b7131b8d379efff38c463441f050a3aed842188a5ff0689b4fd9c3aaf024"
  },
  {
    "coordinate": {
      "index": 0,
      "latitude": 49.1064,
      "longitude": 17.3153
    },
    "handle": 1630438655,
    "identification": "LKKUW",
    "link": "LKKU",
    "name": "LKKU WHISKY",
    "sun": {
      "astronomicalDawn": "2021-01-09T05:07:00Z",
      "astronomicalDusk": "2021-01-09T14:48:00Z",
      "civilDawn": "2021-01-09T05:44:00Z",
      "civilDusk": "2021-01-09T14:11:00Z",
      "date": "2021-01-08T23:00:00Z"
    },
    "thumbprint": "0e339d468eb4240ec377ba89be24c5fef6062c226065e2b875039d123b266184"
  },
  {
    "coordinate": {
      "index": 0,
      "latitude": 48.9742,
      "longitude": 17.2681
    },
    "handle": 4197039218,
    "identification": "LKKUS",
    "link": "LKKU",
    "name": "LKKU SIERRA",
    "sun": {
      "astronomicalDawn": "2021-01-09T05:07:00Z",
      "astronomicalDusk": "2021-01-09T14:49:00Z",
      "civilDawn": "2021-01-09T05:44:00Z",
      "civilDusk": "2021-01-09T14:12:00Z",
      "date": "2021-01-08T23:00:00Z"
    },
    "thumbprint": "f859e8d8dda77a13972319fd1e7bfd1e357de38c50d68455fa3a56315f3bdbaa"
  },
  {
    "coordinate": {
      "index": 0,
      "latitude": 49.1703,
      "longitude": 17.4725
    },
    "handle": 2154875407,
    "identification": "LKKUN",
    "link": "LKKU",
    "name": "LKKU NOVEMBER",
    "sun": {
      "astronomicalDawn": "2021-01-09T05:07:00Z",
      "astronomicalDusk": "2021-01-09T14:47:00Z",
      "civilDawn": "2021-01-09T05:44:00Z",
      "civilDusk": "2021-01-09T14:10:00Z",
      "date": "2021-01-08T23:00:00Z"
    },
    "thumbprint": "787184f13711250929b29eb8c5295d9a0c7320ab2688c6ae71ecbe61ee1a25f4"
  },
  {
    "coordinate": {
      "index": 0,
      "latitude": 50.0717,
      "longitude": 14.7733
    },
    "handle": 4250144421,
    "identification": "LKKBU",
    "link": "LKKB",
    "name": "LKKB UNIFORM",
    "sun": {
      "astronomicalDawn": "2021-01-09T05:21:00Z",
      "astronomicalDusk": "2021-01-09T14:55:00Z",
      "civilDawn": "2021-01-09T05:58:00Z",
      "civilDusk": "2021-01-09T14:17:00Z",
      "date": "2021-01-08T23:00:00Z"
    },
    "thumbprint": "75d47302bb1f1a07cfdb6d13530874e84f0a54b9983327f45d996aab4cae00ff"
  },
  {
    "coordinate": {
      "index": 0,
      "latitude": 50.1772,
      "longitude": 14.8553
    },
    "handle": 3684559192,
    "identification": "LKKBL",
    "link": "LKKB",
    "name": "LKKB LIMA",
    "sun": {
      "astronomicalDawn": "2021-01-09T05:21:00Z",
      "astronomicalDusk": "2021-01-09T14:54:00Z",
      "civilDawn": "2021-01-09T05:59:00Z",
      "civilDusk": "2021-01-09T14:16:00Z",
      "date": "2021-01-08T23:00:00Z"
    },
    "thumbprint": "e4fdb55a22944d6bd3fd6e1412c4c5f0fced2d53b8f37f9483610c2c839eaa5a"
  },
  {
    "coordinate": {
      "index": 0,
      "latitude": 50.2075,
      "longitude": 14.6964
    },
    "handle": 2195018341,
    "identification": "LKKBM",
    "link": "LKKB",
    "name": "LKKB MIKE",
    "sun": {
      "astronomicalDawn": "2021-01-09T05:21:00Z",
      "astronomicalDusk": "2021-01-09T14:55:00Z",
      "civilDawn": "2021-01-09T05:59:00Z",
      "civilDusk": "2021-01-09T14:17:00Z",
      "date": "2021-01-08T23:00:00Z"
    },
    "thumbprint": "637b9fa8053d5e1fca18c8ddb7a8a4b4cc643ffa976b06830b42d767cc8b4435"
  },
  {
    "coordinate": {
      "index": 0,
      "latitude": 50.1528,
      "longitude": 13.9831
    },
    "handle": 4128963970,
    "identification": "LKPRW",
    "link": "LKPR",
    "name": "LKPR WHISKY",
    "sun": {
      "astronomicalDawn": "2021-01-09T05:24:00Z",
      "astronomicalDusk": "2021-01-09T14:58:00Z",
      "civilDawn": "2021-01-09T06:02:00Z",
      "civilDusk": "2021-01-09T14:20:00Z",
      "date": "2021-01-08T23:00:00Z"
    },
    "thumbprint": "9525898ed3766d8de201df8cda6f7f40edaa1975c233e4713b7414b9777994c0"
  },
  {
    "coordinate": {
      "index": 0,
      "latitude": 50.0497,
      "longitude": 14.2728
    },
    "handle": 2130766533,
    "identification": "LKPRT",
    "link": "LKPR",
    "name": "LKPR TANGO",
    "sun": {
      "astronomicalDawn": "2021-01-09T05:23:00Z",
      "astronomicalDusk": "2021-01-09T14:57:00Z",
      "civilDawn": "2021-01-09T06:00:00Z",
      "civilDusk": "2021-01-09T14:19:00Z",
      "date": "2021-01-08T23:00:00Z"
    },
    "thumbprint": "91c4822926f12eafe3e6c2153903696fea98d37aa7e34fad7c024e7d37d35e1a"
  },
  {
    "coordinate": {
      "index": 0,
      "latitude": 49.9617,
      "longitude": 14.0828
    },
    "handle": 3272763668,
    "identification": "LKPRS",
    "link": "LKPR",
    "name": "LKPR SIERRA",
    "sun": {
      "astronomicalDawn": "2021-01-09T05:23:00Z",
      "astronomicalDusk": "2021-01-09T14:58:00Z",
      "civilDawn": "2021-01-09T06:01:00Z",
      "civilDusk": "2021-01-09T14:21:00Z",
      "date": "2021-01-08T23:00:00Z"
    },
    "thumbprint": "8683776fd766a6d6a2ab1898f23d86799877151e1784ba58ad0af30b2918f9ee"
  },
  {
    "coordinate": {
      "index": 0,
      "latitude": 50.2683,
      "longitude": 14.2392
    },
    "handle": 454569724,
    "identification": "LKPRN",
    "link": "LKPR",
    "name": "LKPR NOVEMBER",
    "sun": {
      "astronomicalDawn": "2021-01-09T05:23:00Z",
      "astronomicalDusk": "2021-01-09T14:56:00Z",
      "civilDawn": "2021-01-09T06:01:00Z",
      "civilDusk": "2021-01-09T14:19:00Z",
      "date": "2021-01-08T23:00:00Z"
    },
    "thumbprint": "5bafdec73c39ae9f697c38e8c300f06bf1f83d69ceb1206a099bee690a3a7a17"
  },
  {
    "coordinate": {
      "index": 0,
      "latitude": 50.1883,
      "longitude": 14.0411
    },
    "handle": 65511318,
    "identification": "LKPRC",
    "link": "LKPR",
    "name": "LKPR CHARLIE",
    "sun": {
      "astronomicalDawn": "2021-01-09T05:24:00Z",
      "astronomicalDusk": "2021-01-09T14:58:00Z",
      "civilDawn": "2021-01-09T06:02:00Z",
      "civilDusk": "2021-01-09T14:20:00Z",
      "date": "2021-01-08T23:00:00Z"
    },
    "thumbprint": "0ce8c1c9636a051b84d6d7e57236bbf3506a097ac5ca6c93e013c41be2094ca4"
  },
  {
    "coordinate": {
      "index": 0,
      "latitude": 49.9861,
      "longitude": 14.3614
    },
    "handle": 1286234359,
    "identification": "LKPRE",
    "link": "LKPR",
    "name": "LKPR ECHO",
    "sun": {
      "astronomicalDawn": "2021-01-09T05:22:00Z",
      "astronomicalDusk": "2021-01-09T14:57:00Z",
      "civilDawn": "2021-01-09T06:00:00Z",
      "civilDusk": "2021-01-09T14:19:00Z",
      "date": "2021-01-08T23:00:00Z"
    },
    "thumbprint": "e1fe9fab49b61d4e82700d810bcd6b02e515f8a97135dfaaacc05b1adec3ab9b"
  },
  {
    "coordinate": {
      "index": 0,
      "latitude": 50.1878,
      "longitude": 14.1858
    },
    "handle": 2847327797,
    "identification": "LKPRB",
    "link": "LKPR",
    "name": "LKPR BRAVO",
    "sun": {
      "astronomicalDawn": "2021-01-09T05:23:00Z",
      "astronomicalDusk": "2021-01-09T14:57:00Z",
      "civilDawn": "2021-01-09T06:01:00Z",
      "civilDusk": "2021-01-09T14:19:00Z",
      "date": "2021-01-08T23:00:00Z"
    },
    "thumbprint": "92506aab371921df152004352d900dfc49c9047fd15cc9633d932c6198f7e59d"
  },
  {
    "coordinate": {
      "index": 0,
      "latitude": 50.1381,
      "longitude": 14.2439
    },
    "handle": 1454551437,
    "identification": "LKPRA",
    "link": "LKPR",
    "name": "LKPR ALFA",
    "sun": {
      "astronomicalDawn": "2021-01-09T05:23:00Z",
      "astronomicalDusk": "2021-01-09T14:57:00Z",
      "civilDawn": "2021-01-09T06:01:00Z",
      "civilDusk": "2021-01-09T14:19:00Z",
      "date": "2021-01-08T23:00:00Z"
    },
    "thumbprint": "47748bc1622b9623b499239a2658c79d19076f0832e0ff482138d87270e6268a"
  },
  {
    "coordinate": {
      "index": 0,
      "latitude": 49.7492,
      "longitude": 17.8719
    },
    "handle": 991828245,
    "identification": "LKMTW",
    "link": "LKMT",
    "name": "LKMT WHISKY",
    "sun": {
      "astronomicalDawn": "2021-01-09T05:07:00Z",
      "astronomicalDusk": "2021-01-09T14:44:00Z",
      "civilDawn": "2021-01-09T05:45:00Z",
      "civilDusk": "2021-01-09T14:06:00Z",
      "date": "2021-01-08T23:00:00Z"
    },
    "thumbprint": "3dc70479f28cd87894bcaed78cf6a8d0fb75a4b6954b264db28b1e7790cd89f5"
  },
  {
    "coordinate": {
      "index": 0,
      "latitude": 49.585,
      "longitude": 17.7997
    },
    "handle": 368004371,
    "identification": "LKMTT",
    "link": "LKMT",
    "name": "LKMT TANGO",
    "sun": {
      "astronomicalDawn": "2021-01-09T05:07:00Z",
      "astronomicalDusk": "2021-01-09T14:44:00Z",
      "civilDawn": "2021-01-09T05:44:00Z",
      "civilDusk": "2021-01-09T14:07:00Z",
      "date": "2021-01-08T23:00:00Z"
    },
    "thumbprint": "f14204c96f54e4aef19d0950fe6c371202a7ae4363ca82f1aae5a6baa76ca32a"
  },
  {
    "coordinate": {
      "index": 0,
      "latitude": 49.5389,
      "longitude": 18.0236
    },
    "handle": 3232293460,
    "identification": "LKMTS",
    "link": "LKMT",
    "name": "LKMT SIERRA",
    "sun": {
      "astronomicalDawn": "2021-01-09T05:06:00Z",
      "astronomicalDusk": "2021-01-09T14:44:00Z",
      "civilDawn": "2021-01-09T05:43:00Z",
      "civilDusk": "2021-01-09T14:07:00Z",
      "date": "2021-01-08T23:00:00Z"
    },
    "thumbprint": "4aae6e9d0d19f03ecedafbdffb54a08db24d9aeb5b44e38053ebbf4465987613"
  },
  {
    "coordinate": {
      "index": 0,
      "latitude": 49.8831,
      "longitude": 18.0547
    },
    "handle": 3844896932,
    "identification": "LKMTN",
    "link": "LKMT",
    "name": "LKMT NOVEMBER",
    "sun": {
      "astronomicalDawn": "2021-01-09T05:07:00Z",
      "astronomicalDusk": "2021-01-09T14:42:00Z",
      "civilDawn": "2021-01-09T05:44:00Z",
      "civilDusk": "2021-01-09T14:05:00Z",
      "date": "2021-01-08T23:00:00Z"
    },
    "thumbprint": "e6084c737cc0909af5b055f40eb730fd76cb180cb61a9caa1a6e92c52906da9a"
  },
  {
    "coordinate": {
      "index": 0,
      "latitude": 49.7861,
      "longitude": 18.3747
    },
    "handle": 1382053857,
    "identification": "LKMTF",
    "link": "LKMT",
    "name": "LKMT FOXTROT",
    "sun": {
      "astronomicalDawn": "2021-01-09T05:05:00Z",
      "astronomicalDusk": "2021-01-09T14:42:00Z",
      "civilDawn": "2021-01-09T05:43:00Z",
      "civilDusk": "2021-01-09T14:04:00Z",
      "date": "2021-01-08T23:00:00Z"
    },
    "thumbprint": "cb4fd50292be1ff79f5d41c06ed816883e6832f45a849c0db9cec62e0866393d"
  },
  {
    "coordinate": {
      "index": 0,
      "latitude": 49.6633,
      "longitude": 18.3203
    },
    "handle": 4189489030,
    "identification": "LKMTE",
    "link": "LKMT",
    "name": "LKMT ECHO",
    "sun": {
      "astronomicalDawn": "2021-01-09T05:05:00Z",
      "astronomicalDusk": "2021-01-09T14:42:00Z",
      "civilDawn": "2021-01-09T05:42:00Z",
      "civilDusk": "2021-01-09T14:05:00Z",
      "date": "2021-01-08T23:00:00Z"
    },
    "thumbprint": "bb41abe244cda8fbb2a756eee00ba0923743a478dab842eb6f9c27f8123c58e3"
  },
  {
    "coordinate": {
      "index": 0,
      "latitude": 49.7047,
      "longitude": 18.0511
    },
    "handle": 1024722997,
    "identification": "LKMTB",
    "link": "LKMT",
    "name": "LKMT BRAVO",
    "sun": {
      "astronomicalDawn": "2021-01-09T05:06:00Z",
      "astronomicalDusk": "2021-01-09T14:43:00Z",
      "civilDawn": "2021-01-09T05:44:00Z",
      "civilDusk": "2021-01-09T14:06:00Z",
      "date": "2021-01-08T23:00:00Z"
    },
    "thumbprint": "8f3221b717a5aa1a97ee3d719c7f0f81ece54a6f24b20176f6f4c359a81f79fc"
  },
  {
    "coordinate": {
      "index": 0,
      "latitude": 49.65,
      "longitude": 18.1411
    },
    "handle": 1640594584,
    "identification": "LKMTA",
    "link": "LKMT",
    "name": "LKMT ALFA",
    "sun": {
      "astronomicalDawn": "2021-01-09T05:06:00Z",
      "astronomicalDusk": "2021-01-09T14:43:00Z",
      "civilDawn": "2021-01-09T05:43:00Z",
      "civilDusk": "2021-01-09T14:06:00Z",
      "date": "2021-01-08T23:00:00Z"
    },
    "thumbprint": "25eeb0681a594a2ff0da66a754c3963e564aa7d6d4d0d413f73fca13f9b1b163"
  },
  {
    "coordinate": {
      "index": 0,
      "latitude": 50.1894,
      "longitude": 12.7581
    },
    "handle": 4004497814,
    "identification": "LKKVW",
    "link": "LKKV",
    "name": "LKKV WHISKY",
    "sun": {
      "astronomicalDawn": "2021-01-09T05:29:00Z",
      "astronomicalDusk": "2021-01-09T15:03:00Z",
      "civilDawn": "2021-01-09T06:07:00Z",
      "civilDusk": "2021-01-09T14:25:00Z",
      "date": "2021-01-08T23:00:00Z"
    },
    "thumbprint": "25333dbc8d4b5d85e6617cba5e66cc672acedb6c246260e3802c24cc31c1b9f6"
  },
  {
    "coordinate": {
      "index": 0,
      "latitude": 50.0839,
      "longitude": 12.84
    },
    "handle": 502919297,
    "identification": "LKKVS",
    "link": "LKKV",
    "name": "LKKV SIERRA",
    "sun": {
      "astronomicalDawn": "2021-01-09T05:28:00Z",
      "astronomicalDusk": "2021-01-09T15:03:00Z",
      "civilDawn": "2021-01-09T06:06:00Z",
      "civilDusk": "2021-01-09T14:25:00Z",
      "date": "2021-01-08T23:00:00Z"
    },
    "thumbprint": "6f156ccadaa7d337dccd080366a3a2f73aede448d40023a74da322ed35ae5a3e"
  },
  {
    "coordinate": {
      "index": 0,
      "latitude": 49.93,
      "longitude": 15.2335
    },
    "handle": 3668449468,
    "identification": "LKCVA",
    "link": "LKCV",
    "name": "LKCV ALFA",
    "sun": {
      "astronomicalDawn": "2021-01-09T05:18:00Z",
      "astronomicalDusk": "2021-01-09T14:54:00Z",
      "civilDawn": "2021-01-09T05:56:00Z",
      "civilDusk": "2021-01-09T14:16:00Z",
      "date": "2021-01-08T23:00:00Z"
    },
    "thumbprint": "633b0a64e8158446edc094eace802b53892f222420229018d3f143a35900d4df"
  },
  {
    "coordinate": {
      "index": 0,
      "latitude": 49.9014,
      "longitude": 15.9358
    },
    "handle": 3636431418,
    "identification": "LKPDS",
    "link": "LKPD",
    "name": "LKPD SIERRA",
    "sun": {
      "astronomicalDawn": "2021-01-09T05:15:00Z",
      "astronomicalDusk": "2021-01-09T14:51:00Z",
      "civilDawn": "2021-01-09T05:53:00Z",
      "civilDusk": "2021-01-09T14:13:00Z",
      "date": "2021-01-08T23:00:00Z"
    },
    "thumbprint": "b4e90f98cd0e839ed1aa505b542ea1ea7533d0defd36b0cfb52dbc0bab3bbade"
  },
  {
    "coordinate": {
      "index": 0,
      "latitude": 49.1939,
      "longitude": 16.22
    },
    "handle": 3351620315,
    "identification": "LKNAB",
    "link": "LKNA",
    "name": "LKNA BRAVO",
    "sun": {
      "astronomicalDawn": "2021-01-09T05:12:00Z",
      "astronomicalDusk": "2021-01-09T14:52:00Z",
      "civilDawn": "2021-01-09T05:49:00Z",
      "civilDusk": "2021-01-09T14:15:00Z",
      "date": "2021-01-08T23:00:00Z"
    },
    "thumbprint": "8e901fa2176b9312f6d7f3050b51ac12c5df62588f0bc71e9553aadb80db0275"
  },
  {
    "coordinate": {
      "index": 0,
      "latitude": 49.1397,
      "longitude": 16.0625
    },
    "handle": 3890642154,
    "identification": "LKNAA",
    "link": "LKNA",
    "name": "LKNA ALFA",
    "sun": {
      "astronomicalDawn": "2021-01-09T05:12:00Z",
      "astronomicalDusk": "2021-01-09T14:53:00Z",
      "civilDawn": "2021-01-09T05:49:00Z",
      "civilDusk": "2021-01-09T14:16:00Z",
      "date": "2021-01-08T23:00:00Z"
    },
    "thumbprint": "7dc027ca45f3f8274eaa604ebc03c78264898114a0bcd3a63c9ea96b9628d89c"
  },
  {
    "coordinate": {
      "index": 0,
      "latitude": 49.8627,
      "longitude": 15.0666
    },
    "handle": 3003907469,
    "identification": "LKCVJ",
    "link": "LKCV",
    "name": "LKCV JANO",
    "sun": {
      "astronomicalDawn": "2021-01-09T05:19:00Z",
      "astronomicalDusk": "2021-01-09T14:54:00Z",
      "civilDawn": "2021-01-09T05:56:00Z",
      "civilDusk": "2021-01-09T14:17:00Z",
      "date": "2021-01-08T23:00:00Z"
    },
    "thumbprint": "99cac6f86d1243de00b295e74325643f93f77d0b8bd9801de206ee9d44b0524e"
  },
  {
    "coordinate": {
      "index": 0,
      "latitude": 50.1653,
      "longitude": 15.795
    },
    "handle": 259448950,
    "identification": "LKHKO",
    "link": "LKHK",
    "name": "LKHK OPAT",
    "sun": {
      "astronomicalDawn": "2021-01-09T05:17:00Z",
      "astronomicalDusk": "2021-01-09T14:51:00Z",
      "civilDawn": "2021-01-09T05:55:00Z",
      "civilDusk": "2021-01-09T14:13:00Z",
      "date": "2021-01-08T23:00:00Z"
    },
    "thumbprint": "fae5ebb7a5c603bfc582add6775f091baddd663eedf5259c37f57773a646d8b7"
  },
  {
    "coordinate": {
      "index": 0,
      "latitude": 50.3333,
      "longitude": 15.7242
    },
    "handle": 616277769,
    "identification": "LKHKE",
    "link": "LKHK",
    "name": "LKHK CEPRO",
    "sun": {
      "astronomicalDawn": "2021-01-09T05:18:00Z",
      "astronomicalDusk": "2021-01-09T14:50:00Z",
      "civilDawn": "2021-01-09T05:56:00Z",
      "civilDusk": "2021-01-09T14:12:00Z",
      "date": "2021-01-08T23:00:00Z"
    },
    "thumbprint": "36cca8ba58f65ddc181c8dd9136a1755736a5beabf26bdf06ca8ec107e8b3802"
  },
  {
    "coordinate": {
      "index": 0,
      "latitude": 50.2631,
      "longitude": 15.9322
    },
    "handle": 968928190,
    "identification": "LKHKC",
    "link": "LKHK",
    "name": "LKHK CELOV",
    "sun": {
      "astronomicalDawn": "2021-01-09T05:17:00Z",
      "astronomicalDusk": "2021-01-09T14:50:00Z",
      "civilDawn": "2021-01-09T05:55:00Z",
      "civilDusk": "2021-01-09T14:12:00Z",
      "date": "2021-01-08T23:00:00Z"
    },
    "thumbprint": "e2b31c55bdbf38dbefb75038323feeb76bbe067f3084ed3df6ca6851f8dbd572"
  },
  {
    "coordinate": {
      "index": 0,
      "latitude": 49.0831,
      "longitude": 16.4356
    },
    "handle": 1492960750,
    "identification": "LKNAE",
    "link": "LKNA",
    "name": "LKNA ECHO",
    "sun": {
      "astronomicalDawn": "2021-01-09T05:11:00Z",
      "astronomicalDusk": "2021-01-09T14:52:00Z",
      "civilDawn": "2021-01-09T05:48:00Z",
      "civilDusk": "2021-01-09T14:15:00Z",
      "date": "2021-01-08T23:00:00Z"
    },
    "thumbprint": "64f3be0a6aa6807d1b0726af391079c373e842db702c3f0e1faa131f8ee9d187"
  },
  {
    "coordinate": {
      "index": 0,
      "latitude": 49.3031,
      "longitude": 16.0619
    },
    "handle": 4241339969,
    "identification": "LKNAN",
    "link": "LKNA",
    "name": "LKNA NOVEMBER",
    "sun": {
      "astronomicalDawn": "2021-01-09T05:13:00Z",
      "astronomicalDusk": "2021-01-09T14:52:00Z",
      "civilDawn": "2021-01-09T05:50:00Z",
      "civilDusk": "2021-01-09T14:15:00Z",
      "date": "2021-01-08T23:00:00Z"
    },
    "thumbprint": "3310c6c171360717f795f75a1d19c431e9697cf9d23fbbf39f50da05e49c6ccd"
  },
  {
    "coordinate": {
      "index": 0,
      "latitude": 50.1392,
      "longitude": 15.2919
    },
    "handle": 4099960736,
    "identification": "LKCVZ",
    "link": "LKCV",
    "name": "LKCV ZEHU",
    "sun": {
      "astronomicalDawn": "2021-01-09T05:19:00Z",
      "astronomicalDusk": "2021-01-09T14:53:00Z",
      "civilDawn": "2021-01-09T05:57:00Z",
      "civilDusk": "2021-01-09T14:15:00Z",
      "date": "2021-01-08T23:00:00Z"
    },
    "thumbprint": "81b3a484aefb8d820ebac0564c9e8220d2b3f5c633b9aef028dee90f1774d8f5"
  },
  {
    "coordinate": {
      "index": 0,
      "latitude": 49.8519,
      "longitude": 15.3456
    },
    "handle": 691034258,
    "identification": "LKCVB",
    "link": "LKCV",
    "name": "LKCV BRAVO",
    "sun": {
      "astronomicalDawn": "2021-01-09T05:18:00Z",
      "astronomicalDusk": "2021-01-09T14:53:00Z",
      "civilDawn": "2021-01-09T05:55:00Z",
      "civilDusk": "2021-01-09T14:16:00Z",
      "date": "2021-01-08T23:00:00Z"
    },
    "thumbprint": "fab9385d9bf2a32859953d0124b65343ea5931061dc5e16420b48f8ca7bd409f"
  },
  {
    "coordinate": {
      "index": 0,
      "latitude": 49.8972,
      "longitude": 15.6406
    },
    "handle": 3575041819,
    "identification": "LKPDX",
    "link": "LKPD",
    "name": "LKPD XRAY",
    "sun": {
      "astronomicalDawn": "2021-01-09T05:17:00Z",
      "astronomicalDusk": "2021-01-09T14:52:00Z",
      "civilDawn": "2021-01-09T05:54:00Z",
      "civilDusk": "2021-01-09T14:15:00Z",
      "date": "2021-01-08T23:00:00Z"
    },
    "thumbprint": "533496cc0557b731431592590051473ed835dc6c38beb1f45bdffaa2a9b7ae70"
  },
  {
    "coordinate": {
      "index": 0,
      "latitude": 50.1025,
      "longitude": 15.8569
    },
    "handle": 2318430683,
    "identification": "LKPDD",
    "link": "LKPD",
    "name": "LKPD DELTA",
    "sun": {
      "astronomicalDawn": "2021-01-09T05:16:00Z",
      "astronomicalDusk": "2021-01-09T14:51:00Z",
      "civilDawn": "2021-01-09T05:54:00Z",
      "civilDusk": "2021-01-09T14:13:00Z",
      "date": "2021-01-08T23:00:00Z"
    },
    "thumbprint": "4221bf9bf939bd2ff45912ed43ffaf656205ba098e2ddd8f5eeaee3b9578dc14"
  },
  {
    "coordinate": {
      "index": 0,
      "latitude": 50.1156,
      "longitude": 15.6528
    },
    "handle": 375518054,
    "identification": "LKPDC",
    "link": "LKPD",
    "name": "LKPD CHARLIE",
    "sun": {
      "astronomicalDawn": "2021-01-09T05:17:00Z",
      "astronomicalDusk": "2021-01-09T14:51:00Z",
      "civilDawn": "2021-01-09T05:55:00Z",
      "civilDusk": "2021-01-09T14:14:00Z",
      "date": "2021-01-08T23:00:00Z"
    },
    "thumbprint": "972437b00dcd9f27927115f10819c194d353cb6bc23239ce1956d285dd73ae72"
  },
  {
    "coordinate": {
      "index": 0,
      "latitude": 49.9742,
      "longitude": 15.8703
    },
    "handle": 3710700647,
    "identification": "LKPDB",
    "link": "LKPD",
    "name": "LKPD BRAVO",
    "sun": {
      "astronomicalDawn": "2021-01-09T05:16:00Z",
      "astronomicalDusk": "2021-01-09T14:51:00Z",
      "civilDawn": "2021-01-09T05:54:00Z",
      "civilDusk": "2021-01-09T14:13:00Z",
      "date": "2021-01-08T23:00:00Z"
    },
    "thumbprint": "5af6d56ba0728b20e8dcb5d1a63e842fe123e46fef507276a31cf2fac774c35c"
  },
  {
    "coordinate": {
      "index": 0,
      "latitude": 49.9753,
      "longitude": 15.6431
    },
    "handle": 1440784598,
    "identification": "LKPDA",
    "link": "LKPD",
    "name": "LKPD ALFA",
    "sun": {
      "astronomicalDawn": "2021-01-09T05:17:00Z",
      "astronomicalDusk": "2021-01-09T14:52:00Z",
      "civilDawn": "2021-01-09T05:54:00Z",
      "civilDusk": "2021-01-09T14:14:00Z",
      "date": "2021-01-08T23:00:00Z"
    },
    "thumbprint": "988706a3f78d3c36ae9d32838d50eae8c2ae1599e08313f43891319a6464b1e2"
  },
  {
    "coordinate": {
      "index": 0,
      "latitude": 50.2817,
      "longitude": 12.9386
    },
    "handle": 270355900,
    "identification": "LKKVN",
    "link": "LKKV",
    "name": "LKKV NOVEMBER",
    "sun": {
      "astronomicalDawn": "2021-01-09T05:29:00Z",
      "astronomicalDusk": "2021-01-09T15:02:00Z",
      "civilDawn": "2021-01-09T06:07:00Z",
      "civilDusk": "2021-01-09T14:24:00Z",
      "date": "2021-01-08T23:00:00Z"
    },
    "thumbprint": "dc67bdbf0557ff0c72c9aba150d4a55d18bc222ebbd84ae1ae4a6c132116e6bb"
  },
  {
    "coordinate": {
      "index": 0,
      "latitude": 50.0842,
      "longitude": 13.1267
    },
    "handle": 338746363,
    "identification": "LKKVE",
    "link": "LKKV",
    "name": "LKKV ECHO",
    "sun": {
      "astronomicalDawn": "2021-01-09T05:27:00Z",
      "astronomicalDusk": "2021-01-09T15:02:00Z",
      "civilDawn": "2021-01-09T06:05:00Z",
      "civilDusk": "2021-01-09T14:24:00Z",
      "date": "2021-01-08T23:00:00Z"
    },
    "thumbprint": "08202da8ea96ae2d66fd3ecf0f218e5fee95a92faf5590a446e08c3603daee51"
  },
  {
    "coordinate": {
      "index": 0,
      "latitude": 50.1708,
      "longitude": 12.8917
    },
    "handle": 706629416,
    "identification": "LKKVB",
    "link": "LKKV",
    "name": "LKKV BRAVO",
    "sun": {
      "astronomicalDawn": "2021-01-09T05:28:00Z",
      "astronomicalDusk": "2021-01-09T15:02:00Z",
      "civilDawn": "2021-01-09T06:06:00Z",
      "civilDusk": "2021-01-09T14:24:00Z",
      "date": "2021-01-08T23:00:00Z"
    },
    "thumbprint": "c9877560da31f5136d2961482994e5c82e477e68687e70f4b274780b97ae265f"
  },
  {
    "coordinate": {
      "index": 0,
      "latitude": 50.2378,
      "longitude": 12.9278
    },
    "handle": 3282595068,
    "identification": "LKKVA",
    "link": "LKKV",
    "name": "LKKV ALFA",
    "sun": {
      "astronomicalDawn": "2021-01-09T05:29:00Z",
      "astronomicalDusk": "2021-01-09T15:02:00Z",
      "civilDawn": "2021-01-09T06:06:00Z",
      "civilDusk": "2021-01-09T14:24:00Z",
      "date": "2021-01-08T23:00:00Z"
    },
    "thumbprint": "22a176c1d9d4f446781a7047d703c8ab9758d47c994bce2efa3927be13ee080a"
  },
  {
    "coordinate": {
      "index": 0,
      "latitude": 48.9964,
      "longitude": 16.6889
    },
    "handle": 2637267162,
    "identification": "LKTBZ",
    "link": "LKTB",
    "name": "LKTB ZULU",
    "sun": {
      "astronomicalDawn": "2021-01-09T05:09:00Z",
      "astronomicalDusk": "2021-01-09T14:51:00Z",
      "civilDawn": "2021-01-09T05:46:00Z",
      "civilDusk": "2021-01-09T14:14:00Z",
      "date": "2021-01-08T23:00:00Z"
    },
    "thumbprint": "d23b2fd09be653b9b24f4a59d4951969791473d0d9f128893facaa03acb7e16d"
  },
  {
    "coordinate": {
      "index": 0,
      "latitude": 49.1108,
      "longitude": 16.5208
    },
    "handle": 2135690599,
    "identification": "LKTBW",
    "link": "LKTB",
    "name": "LKTB WHISKY",
    "sun": {
      "astronomicalDawn": "2021-01-09T05:11:00Z",
      "astronomicalDusk": "2021-01-09T14:51:00Z",
      "civilDawn": "2021-01-09T05:47:00Z",
      "civilDusk": "2021-01-09T14:14:00Z",
      "date": "2021-01-08T23:00:00Z"
    },
    "thumbprint": "675a3e688e31ad09ea8abca1a2a71f398c53db316a433a7df8a6e1f9e3514eb2"
  },
  {
    "coordinate": {
      "index": 0,
      "latitude": 48.9978,
      "longitude": 16.8622
    },
    "handle": 402127784,
    "identification": "LKTBS",
    "link": "LKTB",
    "name": "LKTB SIERRA",
    "sun": {
      "astronomicalDawn": "2021-01-09T05:09:00Z",
      "astronomicalDusk": "2021-01-09T14:50:00Z",
      "civilDawn": "2021-01-09T05:45:00Z",
      "civilDusk": "2021-01-09T14:13:00Z",
      "date": "2021-01-08T23:00:00Z"
    },
    "thumbprint": "5272b614daa13cecd1220395291a4b12de4c97a19a4b85f4321d08a4924f5599"
  },
  {
    "coordinate": {
      "index": 0,
      "latitude": 49.2922,
      "longitude": 16.5603
    },
    "handle": 3067887090,
    "identification": "LKTBN",
    "link": "LKTB",
    "name": "LKTB NOVEMBER",
    "sun": {
      "astronomicalDawn": "2021-01-09T05:11:00Z",
      "astronomicalDusk": "2021-01-09T14:50:00Z",
      "civilDawn": "2021-01-09T05:48:00Z",
      "civilDusk": "2021-01-09T14:13:00Z",
      "date": "2021-01-08T23:00:00Z"
    },
    "thumbprint": "0d76a014a2f7e9f7f1ee5d7bae135f1e55f2787774d4e075487ba2807584a783"
  },
  {
    "coordinate": {
      "index": 0,
      "latitude": 49.2036,
      "longitude": 16.8861
    },
    "handle": 1361071445,
    "identification": "LKTBE",
    "link": "LKTB",
    "name": "LKTB ECHO",
    "sun": {
      "astronomicalDawn": "2021-01-09T05:09:00Z",
      "astronomicalDusk": "2021-01-09T14:49:00Z",
      "civilDawn": "2021-01-09T05:46:00Z",
      "civilDusk": "2021-01-09T14:12:00Z",
      "date": "2021-01-08T23:00:00Z"
    },
    "thumbprint": "7d7c49dbb15ee7f29405e5124479cf24bceccfdeef682aadd4dd290d0e90724f"
  },
  {
    "coordinate": {
      "index": 0,
      "latitude": 49.1817,
      "longitude": 16.7125
    },
    "handle": 1000690524,
    "identification": "LKTBB",
    "link": "LKTB",
    "name": "LKTB BRAVO",
    "sun": {
      "astronomicalDawn": "2021-01-09T05:10:00Z",
      "astronomicalDusk": "2021-01-09T14:50:00Z",
      "civilDawn": "2021-01-09T05:47:00Z",
      "civilDusk": "2021-01-09T14:13:00Z",
      "date": "2021-01-08T23:00:00Z"
    },
    "thumbprint": "6f4840283ab4481f00b8efa1500715e3b7daf42ed82b596656d98dc67b9c245a"
  },
  {
    "coordinate": {
      "index": 0,
      "latitude": 49.8972,
      "longitude": 15.6406
    },
    "handle": 2815829795,
    "identification": "LKCVX",
    "link": "LKCV",
    "name": "LKCV XRAY",
    "sun": {
      "astronomicalDawn": "2021-01-09T05:17:00Z",
      "astronomicalDusk": "2021-01-09T14:52:00Z",
      "civilDawn": "2021-01-09T05:54:00Z",
      "civilDusk": "2021-01-09T14:15:00Z",
      "date": "2021-01-08T23:00:00Z"
    },
    "thumbprint": "d8e50a6f34155a9945fe4228e0b586104bd3e3e454c0ea86a5c05ae174a709e0"
  },
  {
    "coordinate": {
      "index": 0,
      "latitude": 49.7867,
      "longitude": 15.8186
    },
    "handle": 423053723,
    "identification": "LKCVT",
    "link": "LKCV",
    "name": "LKCV TRHO",
    "sun": {
      "astronomicalDawn": "2021-01-09T05:16:00Z",
      "astronomicalDusk": "2021-01-09T14:52:00Z",
      "civilDawn": "2021-01-09T05:53:00Z",
      "civilDusk": "2021-01-09T14:14:00Z",
      "date": "2021-01-08T23:00:00Z"
    },
    "thumbprint": "37d810ca7e2b95b3d450042f8bda7b55ffa61cb573985dfd9b2390a6fc16a763"
  },
  {
    "coordinate": {
      "index": 0,
      "latitude": 49.6793,
      "longitude": 15.5696
    },
    "handle": 4282221676,
    "identification": "LKCVS",
    "link": "LKCV",
    "name": "LKCV SUKAV",
    "sun": {
      "astronomicalDawn": "2021-01-09T05:16:00Z",
      "astronomicalDusk": "2021-01-09T14:53:00Z",
      "civilDawn": "2021-01-09T05:54:00Z",
      "civilDusk": "2021-01-09T14:16:00Z",
      "date": "2021-01-08T23:00:00Z"
    },
    "thumbprint": "c65dc763cbc2bcb5579f08758a3811e3dacc3cc6643b01e17d121344dbaf274a"
  },
  {
    "coordinate": {
      "index": 0,
      "latitude": 50.0514,
      "longitude": 15.0331
    },
    "handle": 2928850535,
    "identification": "LKCVP",
    "link": "LKCV",
    "name": "LKCV PLAN",
    "sun": {
      "astronomicalDawn": "2021-01-09T05:20:00Z",
      "astronomicalDusk": "2021-01-09T14:54:00Z",
      "civilDawn": "2021-01-09T05:57:00Z",
      "civilDusk": "2021-01-09T14:16:00Z",
      "date": "2021-01-08T23:00:00Z"
    },
    "thumbprint": "10772fd524bd85c7455233a3743e784411bd571454aa9976a9ab60dbcac9d55a"
  },
  {
    "coordinate": {
      "index": 0,
      "latitude": 50.0335,
      "longitude": 15.4069
    },
    "handle": 1642411836,
    "identification": "LKCVC",
    "link": "LKCV",
    "name": "LKCV CHARLIE",
    "sun": {
      "astronomicalDawn": "2021-01-09T05:18:00Z",
      "astronomicalDusk": "2021-01-09T14:53:00Z",
      "civilDawn": "2021-01-09T05:56:00Z",
      "civilDusk": "2021-01-09T14:15:00Z",
      "date": "2021-01-08T23:00:00Z"
    },
    "thumbprint": "0a19b5a3e3253bda92641e99accc8532e0d0c1d2f86a0c48f0d46ebcb86888e6"
  },
  {
    "coordinate": {
      "index": 0,
      "latitude": 49.7613,
      "longitude": 15.3044
    },
    "handle": 1799324083,
    "identification": "LKCVE",
    "link": "LKCV",
    "name": "LKCV EKNEV",
    "sun": {
      "astronomicalDawn": "2021-01-09T05:17:00Z",
      "astronomicalDusk": "2021-01-09T14:54:00Z",
      "civilDawn": "2021-01-09T05:55:00Z",
      "civilDusk": "2021-01-09T14:16:00Z",
      "date": "2021-01-08T23:00:00Z"
    },
    "thumbprint": "99545bec59abd1e7980a77e5741207a132093ae6056f41a1acf46ff476b7d617"
  },
  {
    "coordinate": {
      "index": 0,
      "latitude": 49.9553,
      "longitude": 15.5188
    },
    "handle": 807084248,
    "identification": "LKCVD",
    "link": "LKCV",
    "name": "LKCV DELTA",
    "sun": {
      "astronomicalDawn": "2021-01-09T05:17:00Z",
      "astronomicalDusk": "2021-01-09T14:52:00Z",
      "civilDawn": "2021-01-09T05:55:00Z",
      "civilDusk": "2021-01-09T14:15:00Z",
      "date": "2021-01-08T23:00:00Z"
    },
    "thumbprint": "781b72b47ce705c8be471a6e1eab5bcdde1788501156777a09c215c031a9b181"
  },
  {
    "coordinate": {
      "index": 0,
      "latitude": 49.1175,
      "longitude": 16.7033
    },
    "handle": 2013400517,
    "identification": "LKTBA",
    "link": "LKTB",
    "name": "LKTB ALFA",
    "sun": {
      "astronomicalDawn": "2021-01-09T05:10:00Z",
      "astronomicalDusk": "2021-01-09T14:50:00Z",
      "civilDawn": "2021-01-09T05:47:00Z",
      "civilDusk": "2021-01-09T14:14:00Z",
      "date": "2021-01-08T23:00:00Z"
    },
    "thumbprint": "c2bf55ae78a2d8386901e1ed5cac2f84c49933a7f95c3d699273dddd60ae60af"
  }
]