[
  {
    "coordinate": {
      "index": 0,
      "latitude": 49.1703,
      "longitude": 17.4725
    },
    "handle": 4015345696,
    "identification": "LKKUN",
    "link": "LKKU",
    "name": "LKKU NOVEMBER",
    "sun": {
      "astronomicalDawn": "2021-02-03T04:46:00Z",
      "astronomicalDusk": "2021-02-03T15:22:00Z",
      "civilDawn": "2021-02-03T05:21:00Z",
      "civilDusk": "2021-02-03T14:48:00Z",
      "date": "2021-02-02T23:00:00Z"
    },
    "thumbprint": "cd9ea764e6873c8f249cf694d4918d618ee817ec0b350df6a205faba8fbb2540"
  },
  {
    "coordinate": {
      "index": 0,
      "latitude": 49.0231,
      "longitude": 17.6408
    },
    "handle": 2119394272,
    "identification": "LKKUE",
    "link": "LKKU",
    "name": "LKKU ECHO",
    "sun": {
      "astronomicalDawn": "2021-02-03T04:45:00Z",
      "astronomicalDusk": "2021-02-03T15:22:00Z",
      "civilDawn": "2021-02-03T05:19:00Z",
      "civilDusk": "2021-02-03T14:48:00Z",
      "date": "2021-02-02T23:00:00Z"
    },
    "thumbprint": "c39a1e3d09fee4a003983fefbd722200029d8bf317ea76b70e494cde11fe9d4c"
  },
  {
    "coordinate": {
      "index": 0,
      "latitude": 49.9808,
      "longitude": 14.6061
    },
    "handle": 2748841427,
    "identification": "LKKBR",
    "link": "LKKB",
    "name": "LKKB ROMEO",
    "sun": {
      "astronomicalDawn": "2021-02-03T05:00:00Z",
      "astronomicalDusk": "2021-02-03T15:32:00Z",
      "civilDawn": "2021-02-03T05:34:00Z",
      "civilDusk": "2021-02-03T14:57:00Z",
      "date": "2021-02-02T23:00:00Z"
    },
    "thumbprint": "4d7e7173409d4ff97f193572aede435eca49d0c61897bcb37562836ed7ff6521"
  },
  {
    "coordinate": {
      "index": 0,
      "latitude": 50.0717,
      "longitude": 14.7733
    },
    "handle": 1933771345,
    "identification": "LKKBU",
    "link": "LKKB",
    "name": "LKKB UNIFORM",
    "sun": {
      "astronomicalDawn": "2021-02-03T04:59:00Z",
      "astronomicalDusk": "2021-02-03T15:31:00Z",
      "civilDawn": "2021-02-03T05:34:00Z",
      "civilDusk": "2021-02-03T14:56:00Z",
      "date": "2021-02-02T23:00:00Z"
    },
    "thumbprint": "d89337d92ea5faa513340b0d9fa554232f0c97444bbaed170b57f493f90d2451"
  },
  {
    "coordinate": {
      "index": 0,
      "latitude": 50.1772,
      "longitude": 14.8553
    },
    "handle": 1103769534,
    "identification": "LKKBL",
    "link": "LKKB",
    "name": "LKKB LIMA",
    "sun": {
      "astronomicalDawn": "2021-02-03T04:59:00Z",
      "astronomicalDusk": "2021-02-03T15:30:00Z",
      "civilDawn": "2021-02-03T05:34:00Z",
      "civilDusk": "2021-02-03T14:56:00Z",
      "date": "2021-02-02T23:00:00Z"
    },
    "thumbprint": "07b222cf5be30101686eb160c6010692e7346dd259687dbd78b4375ca1e8ef68"
  },
  {
    "coordinate": {
      "index": 0,
      "latitude": 50.2075,
      "longitude": 14.6964
    },
    "handle": 1474744269,
    "identification": "LKKBM",
    "link": "LKKB",
    "name": "LKKB MIKE",
    "sun": {
      "astronomicalDawn": "2021-02-03T05:00:00Z",
      "astronomicalDusk": "2021-02-03T15:31:00Z",
      "civilDawn": "2021-02-03T05:35:00Z",
      "civilDusk": "2021-02-03T14:56:00Z",
      "date": "2021-02-02T23:00:00Z"
    },
    "thumbprint": "e1734f44f436e4426f75ea6fbc90dde5480170c61bc8f3572e04913d62864f31"
  },
  {
    "coordinate": {
      "index": 0,
      "latitude": 50.1528,
      "longitude": 13.9831
    },
    "handle": 1064415221,
    "identification": "LKPRW",
    "link": "LKPR",
    "name": "LKPR WHISKY",
    "sun": {
      "astronomicalDawn": "2021-02-03T05:02:00Z",
      "astronomicalDusk": "2021-02-03T15:34:00Z",
      "civilDawn": "2021-02-03T05:37:00Z",
      "civilDusk": "2021-02-03T14:59:00Z",
      "date": "2021-02-02T23:00:00Z"
    },
    "thumbprint": "5cd2c77eab02cf26f7c2d3de4387f76358ccc0f7f0733a42d56a6c7ad8db2e6e"
  },
  {
    "coordinate": {
      "index": 0,
      "latitude": 50.0497,
      "longitude": 14.2728
    },
    "handle": 826036952,
    "identification": "LKPRT",
    "link": "LKPR",
    "name": "LKPR TANGO",
    "sun": {
      "astronomicalDawn": "2021-02-03T05:01:00Z",
      "astronomicalDusk": "2021-02-03T15:33:00Z",
      "civilDawn": "2021-02-03T05:36:00Z",
      "civilDusk": "2021-02-03T14:58:00Z",
      "date": "2021-02-02T23:00:00Z"
    },
    "thumbprint": "3715cf9b6eb444a6a5f4d889341e23e47ffb5691c39bfed3b556a057b48fa528"
  },
  {
    "coordinate": {
      "index": 0,
      "latitude": 49.9617,
      "longitude": 14.0828
    },
    "handle": 3746545032,
    "identification": "LKPRS",
    "link": "LKPR",
    "name": "LKPR SIERRA",
    "sun": {
      "astronomicalDawn": "2021-02-03T05:02:00Z",
      "astronomicalDusk": "2021-02-03T15:34:00Z",
      "civilDawn": "2021-02-03T05:36:00Z",
      "civilDusk": "2021-02-03T14:59:00Z",
      "date": "2021-02-02T23:00:00Z"
    },
    "thumbprint": "8214d0d5a857c5a299424f695c7d5e738b8b334e466c6afb1a53519e36d0c7af"
  },
  {
    "coordinate": {
      "index": 0,
      "latitude": 50.2683,
      "longitude": 14.2392
    },
    "handle": 1473165858,
    "identification": "LKPRN",
    "link": "LKPR",
    "name": "LKPR NOVEMBER",
    "sun": {
      "astronomicalDawn": "2021-02-03T05:02:00Z",
      "astronomicalDusk": "2021-02-03T15:33:00Z",
      "civilDawn": "2021-02-03T05:37:00Z",
      "civilDusk": "2021-02-03T14:58:00Z",
      "date": "2021-02-02T23:00:00Z"
    },
    "thumbprint": "182e9d62aa06c18db9a9f6ba712fdb732ea8b71651b0d8c50d7e0c332bf19c6e"
  },
  {
    "coordinate": {
      "index": 0,
      "latitude": 50.1883,
      "longitude": 14.0411
    },
    "handle": 898856553,
    "identification": "LKPRC",
    "link": "LKPR",
    "name": "LKPR CHARLIE",
    "sun": {
      "astronomicalDawn": "2021-02-03T05:02:00Z",
      "astronomicalDusk": "2021-02-03T15:34:00Z",
      "civilDawn": "2021-02-03T05:37:00Z",
      "civilDusk": "2021-02-03T14:59:00Z",
      "date": "2021-02-02T23:00:00Z"
    },
    "thumbprint": "d8442501cd6c2a4762d8c02197597335acb299804b61da36b727a255352eb800"
  },
  {
    "coordinate": {
      "index": 0,
      "latitude": 50.3333,
      "longitude": 15.7242
    },
    "handle": 4041914888,
    "identification": "LKHKE",
    "link": "LKHK",
    "name": "LKHK CEPRO",
    "sun": {
      "astronomicalDawn": "2021-02-03T04:56:00Z",
      "astronomicalDusk": "2021-02-03T15:27:00Z",
      "civilDawn": "2021-02-03T05:31:00Z",
      "civilDusk": "2021-02-03T14:52:00Z",
      "date": "2021-02-02T23:00:00Z"
    },
    "thumbprint": "9bf1a5e6b2cd0fb89c7e1a5a89cb8dd1beb1f26efbf3cc9cf21a0707c2510468"
  },
  {
    "coordinate": {
      "index": 0,
      "latitude": 50.2631,
      "longitude": 15.9322
    },
    "handle": 2914086905,
    "identification": "LKHKC",
    "link": "LKHK",
    "name": "LKHK CELOV",
    "sun": {
      "astronomicalDawn": "2021-02-03T04:55:00Z",
      "astronomicalDusk": "2021-02-03T15:26:00Z",
      "civilDawn": "2021-02-03T05:30:00Z",
      "civilDusk": "2021-02-03T14:51:00Z",
      "date": "2021-02-02T23:00:00Z"
    },
    "thumbprint": "dd2a7a176c0dd1d75bdfb18a4a084024814f292f063911c2602af9bbedb1caf0"
  },
  {
    "coordinate": {
      "index": 0,
      "latitude": 49.2222,
      "longitude": 16.2931
    },
    "handle": 158249544,
    "identification": "LKNAZ",
    "link": "LKNA",
    "name": "LKNA ZULU",
    "sun": {
      "astronomicalDawn": "2021-02-03T04:51:00Z",
      "astronomicalDusk": "2021-02-03T15:27:00Z",
      "civilDawn": "2021-02-03T05:25:00Z",
      "civilDusk": "2021-02-03T14:53:00Z",
      "date": "2021-02-02T23:00:00Z"
    },
    "thumbprint": "77dc14031746d774a62ae37f5ff9b8f36a4e63f6b1ebbfac352acdbcd94ab834"
  },
  {
    "coordinate": {
      "index": 0,
      "latitude": 49.17,
      "longitude": 15.925
    },
    "handle": 1142710402,
    "identification": "LKNAW",
    "link": "LKNA",
    "name": "LKNA WHISKY",
    "sun": {
      "astronomicalDawn": "2021-02-03T04:53:00Z",
      "astronomicalDusk": "2021-02-03T15:28:00Z",
      "civilDawn": "2021-02-03T05:27:00Z",
      "civilDusk": "2021-02-03T14:54:00Z",
      "date": "2021-02-02T23:00:00Z"
    },
    "thumbprint": "25bf447ed654f2576c68004aea7de132fbd5c0f001d8c1a01fff7a7f7a0c67f0"
  },
  {
    "coordinate": {
      "index": 0,
      "latitude": 49.0331,
      "longitude": 16.1075
    },
    "handle": 2280611317,
    "identification": "LKNAS",
    "link": "LKNA",
    "name": "LKNA SIERRA",
    "sun": {
      "astronomicalDawn": "2021-02-03T04:52:00Z",
      "astronomicalDusk": "2021-02-03T15:28:00Z",
      "civilDawn": "2021-02-03T05:26:00Z",
      "civilDusk": "2021-02-03T14:54:00Z",
      "date": "2021-02-02T23:00:00Z"
    },
    "thumbprint": "39a72873314fadc95732e2656e4eb3f2a02ca2c9aeff30e17b19d8a32e5895a0"
  },
  {
    "coordinate": {
      "index": 0,
      "latitude": 49.0831,
      "longitude": 16.4356
    },
    "handle": 2166974958,
    "identification": "LKNAE",
    "link": "LKNA",
    "name": "LKNA ECHO",
    "sun": {
      "astronomicalDawn": "2021-02-03T04:50:00Z",
      "astronomicalDusk": "2021-02-03T15:26:00Z",
      "civilDawn": "2021-02-03T05:24:00Z",
      "civilDusk": "2021-02-03T14:52:00Z",
      "date": "2021-02-02T23:00:00Z"
    },
    "thumbprint": "997c2ec4d188296da72d0c40df6d16b66aaba86f7ebe50259d2d4e039bcf04d7"
  },
  {
    "coordinate": {
      "index": 0,
      "latitude": 49.3031,
      "longitude": 16.0619
    },
    "handle": 698564083,
    "identification": "LKNAN",
    "link": "LKNA",
    "name": "LKNA NOVEMBER",
    "sun": {
      "astronomicalDawn": "2021-02-03T04:52:00Z",
      "astronomicalDusk": "2021-02-03T15:27:00Z",
      "civilDawn": "2021-02-03T05:27:00Z",
      "civilDusk": "2021-02-03T14:53:00Z",
      "date": "2021-02-02T23:00:00Z"
    },
    "thumbprint": "484a5becd8fee97b1963551d49b9e6991ffe0c55e3a42b4230a7082aa6c9d02c"
  },
  {
    "coordinate": {
      "index": 0,
      "latitude": 50.1392,
      "longitude": 15.2919
    },
    "handle": 1371723369,
    "identification": "LKCVZ",
    "link": "LKCV",
    "name": "LKCV ZEHU",
    "sun": {
      "astronomicalDawn": "2021-02-03T04:57:00Z",
      "astronomicalDusk": "2021-02-03T15:29:00Z",
      "civilDawn": "2021-02-03T05:32:00Z",
      "civilDusk": "2021-02-03T14:54:00Z",
      "date": "2021-02-02T23:00:00Z"
    },
    "thumbprint": "b3d07e42ea10bcae00a2e05fce100ae9ea4471c7d83b55333986beff55d85f33"
  },
  {
    "coordinate": {
      "index": 0,
      "latitude": 49.8972,
      "longitude": 15.6406
    },
    "handle": 3824136750,
    "identification": "LKCVX",
    "link": "LKCV",
    "name": "LKCV XRAY",
    "sun": {
      "astronomicalDawn": "2021-02-03T04:55:00Z",
      "astronomicalDusk": "2021-02-03T15:28:00Z",
      "civilDawn": "2021-02-03T05:30:00Z",
      "civilDusk": "2021-02-03T14:53:00Z",
      "date": "2021-02-02T23:00:00Z"
    },
    "thumbprint": "5668c7198b028773aedb8715ddd6f8e09e13a72cb0df6bcdcd605481ccf4459a"
  },
  {
    "coordinate": {
      "index": 0,
      "latitude": 49.7867,
      "longitude": 15.8186
    },
    "handle": 1151458350,
    "identification": "LKCVT",
    "link": "LKCV",
    "name": "LKCV TRHO",
    "sun": {
      "astronomicalDawn": "2021-02-03T04:54:00Z",
      "astronomicalDusk": "2021-02-03T15:27:00Z",
      "civilDawn": "2021-02-03T05:29:00Z",
      "civilDusk": "2021-02-03T14:53:00Z",
      "date": "2021-02-02T23:00:00Z"
    },
    "thumbprint": "259ad9df818fadfdfb608330ec5dcb71fa1f54da25c806f527a5b3608cddaad7"
  },
  {
    "coordinate": {
      "index": 0,
      "latitude": 49.6793,
      "longitude": 15.5696
    },
    "handle": 1491622392,
    "identification": "LKCVS",
    "link": "LKCV",
    "name": "LKCV SUKAV",
    "sun": {
      "astronomicalDawn": "2021-02-03T04:55:00Z",
      "astronomicalDusk": "2021-02-03T15:29:00Z",
      "civilDawn": "2021-02-03T05:30:00Z",
      "civilDusk": "2021-02-03T14:54:00Z",
      "date": "2021-02-02T23:00:00Z"
    },
    "thumbprint": "0afbd3fbb9c7fe56df40c3f86c13c6f0856d98a54953d90d431ce91779fa5be9"
  },
  {
    "coordinate": {
      "index": 0,
      "latitude": 50.0514,
      "longitude": 15.0331
    },
    "handle": 3756877343,
    "identification": "LKCVP",
    "link": "LKCV",
    "name": "LKCV PLAN",
    "sun": {
      "astronomicalDawn": "2021-02-03T04:58:00Z",
      "astronomicalDusk": "2021-02-03T15:30:00Z",
      "civilDawn": "2021-02-03T05:33:00Z",
      "civilDusk": "2021-02-03T14:55:00Z",
      "date": "2021-02-02T23:00:00Z"
    },
    "thumbprint": "a72650f3abf01661ff7b3f88c3b3277173a9945bf5411637fd24ced3900671e8"
  },
  {
    "coordinate": {
      "index": 0,
      "latitude": 50.0335,
      "longitude": 15.4069
    },
    "handle": 976015646,
    "identification": "LKCVC",
    "link": "LKCV",
    "name": "LKCV CHARLIE",
    "sun": {
      "astronomicalDawn": "2021-02-03T04:57:00Z",
      "astronomicalDusk": "2021-02-03T15:29:00Z",
      "civilDawn": "2021-02-03T05:31:00Z",
      "civilDusk": "2021-02-03T14:54:00Z",
      "date": "2021-02-02T23:00:00Z"
    },
    "thumbprint": "919fcbb3c59d568294a114018cee144eebf6b752d1f718f717af3ec077f07cc3"
  },
  {
    "coordinate": {
      "index": 0,
      "latitude": 50.2817,
      "longitude": 12.9386
    },
    "handle": 3306542426,
    "identification": "LKKVN",
    "link": "LKKV",
    "name": "LKKV NOVEMBER",
    "sun": {
      "astronomicalDawn": "2021-02-03T05:07:00Z",
      "astronomicalDusk": "2021-02-03T15:38:00Z",
      "civilDawn": "2021-02-03T05:42:00Z",
      "civilDusk": "2021-02-03T15:03:00Z",
      "date": "2021-02-02T23:00:00Z"
    },
    "thumbprint": "bd8fa3affb24cbc81046a40c977f9685f12c45c4a25de1fa1484004a49dc57f6"
  },
  {
    "coordinate": {
      "index": 0,
      "latitude": 50.0842,
      "longitude": 13.1267
    },
    "handle": 2232032185,
    "identification": "LKKVE",
    "link": "LKKV",
    "name": "LKKV ECHO",
    "sun": {
      "astronomicalDawn": "2021-02-03T05:06:00Z",
      "astronomicalDusk": "2021-02-03T15:38:00Z",
      "civilDawn": "2021-02-03T05:41:00Z",
      "civilDusk": "2021-02-03T15:03:00Z",
      "date": "2021-02-02T23:00:00Z"
    },
    "thumbprint": "6ed45c5cd98eb32413bcd8f4af2d2e1f22a5cf716f0991c26c953082b059a3b3"
  },
  {
    "coordinate": {
      "index": 0,
      "latitude": 49.93,
      "longitude": 15.2335
    },
    "handle": 1334637983,
    "identification": "LKCVA",
    "link": "LKCV",
    "name": "LKCV ALFA",
    "sun": {
      "astronomicalDawn": "2021-02-03T04:57:00Z",
      "astronomicalDusk": "2021-02-03T15:29:00Z",
      "civilDawn": "2021-02-03T05:32:00Z",
      "civilDusk": "2021-02-03T14:55:00Z",
      "date": "2021-02-02T23:00:00Z"
    },
    "thumbprint": "ca408bed7b4e3976ca025f7ef5dfdd1988fb1cce1ab49704884098396953b0b4"
  },
  {
    "coordinate": {
      "index": 0,
      "latitude": 49.9014,
      "longitude": 15.9358
    },
    "handle": 3397673016,
    "identification": "LKPDS",
    "link": "LKPD",
    "name": "LKPD SIERRA",
    "sun": {
      "astronomicalDawn": "2021-02-03T04:54:00Z",
      "astronomicalDusk": "2021-02-03T15:27:00Z",
      "civilDawn": "2021-02-03T05:29:00Z",
      "civilDusk": "2021-02-03T14:52:00Z",
      "date": "2021-02-02T23:00:00Z"
    },
    "thumbprint": "f5f83dce248c7389c79ea672c36d8c87d2370f7ad87db1302205fe810b0f4c0e"
  },
  {
    "coordinate": {
      "index": 0,
      "latitude": 49.1939,
      "longitude": 16.22
    },
    "handle": 3540501553,
    "identification": "LKNAB",
    "link": "LKNA",
    "name": "LKNA BRAVO",
    "sun": {
      "astronomicalDawn": "2021-02-03T04:51:00Z",
      "astronomicalDusk": "2021-02-03T15:27:00Z",
      "civilDawn": "2021-02-03T05:26:00Z",
      "civilDusk": "2021-02-03T14:53:00Z",
      "date": "2021-02-02T23:00:00Z"
    },
    "thumbprint": "bce05950ffc7c21115e00543cbadb5d6a44925239695a7771a4c30e6697ce020"
  },
  {
    "coordinate": {
      "index": 0,
      "latitude": 49.1397,
      "longitude": 16.0625
    },
    "handle": 3470797645,
    "identification": "LKNAA",
    "link": "LKNA",
    "name": "LKNA ALFA",
    "sun": {
      "astronomicalDawn": "2021-02-03T04:52:00Z",
      "astronomicalDusk": "2021-02-03T15:28:00Z",
      "civilDawn": "2021-02-03T05:26:00Z",
      "civilDusk": "2021-02-03T14:54:00Z",
      "date": "2021-02-02T23:00:00Z"
    },
    "thumbprint": "397d226ba704b359a79d794030672fd1bdd4dd5cbd1d0e94f316af4db00ddc9f"
  },
  {
    "coordinate": {
      "index": 0,
      "latitude": 49.8627,
      "longitude": 15.0666
    },
    "handle": 481670387,
    "identification": "LKCVJ",
    "link": "LKCV",
    "name": "LKCV JANO",
    "sun": {
      "astronomicalDawn": "2021-02-03T04:58:00Z",
      "astronomicalDusk": "2021-02-03T15:30:00Z",
      "civilDawn": "2021-02-03T05:32:00Z",
      "civilDusk": "2021-02-03T14:56:00Z",
      "date": "2021-02-02T23:00:00Z"
    },
    "thumbprint": "1c30302b7889ddb981abae61a5b60d3ccfc015c94a7b6ae6901d5e8a8d51157f"
  },
  {
    "coordinate": {
      "index": 0,
      "latitude": 50.1653,
      "longitude": 15.795
    },
    "handle": 581090023,
    "identification": "LKHKO",
    "link": "LKHK",
    "name": "LKHK OPAT",
    "sun": {
      "astronomicalDawn": "2021-02-03T04:55:00Z",
      "astronomicalDusk": "2021-02-03T15:27:00Z",
      "civilDawn": "2021-02-03T05:30:00Z",
      "civilDusk": "2021-02-03T14:52:00Z",
      "date": "2021-02-02T23:00:00Z"
    },
    "thumbprint": "b27e53d7bff3e37bcd3396219f17b7427f6a82d1f39a1f595d273a4bd35c10d7"
  },
  {
    "coordinate": {
      "index": 0,
      "latitude": 49.7613,
      "longitude": 15.3044
    },
    "handle": 2518133782,
    "identification": "LKCVE",
    "link": "LKCV",
    "name": "LKCV EKNEV",
    "sun": {
      "astronomicalDawn": "2021-02-03T04:56:00Z",
      "astronomicalDusk": "2021-02-03T15:30:00Z",
      "civilDawn": "2021-02-03T05:31:00Z",
      "civilDusk": "2021-02-03T14:55:00Z",
      "date": "2021-02-02T23:00:00Z"
    },
    "thumbprint": "50d1d4f965bedfd7df1b722843e48c2b7363d74d030a63927820ade937e55cff"
  },
  {
    "coordinate": {
      "index": 0,
      "latitude": 49.9553,
      "longitude": 15.5188
    },
    "handle": 591332280,
    "identification": "LKCVD",
    "link": "LKCV",
    "name": "LKCV DELTA",
    "sun": {
      "astronomicalDawn": "2021-02-03T04:56:00Z",
      "astronomicalDusk": "2021-02-03T15:28:00Z",
      "civilDawn": "2021-02-03T05:31:00Z",
      "civilDusk": "2021-02-03T14:54:00Z",
      "date": "2021-02-02T23:00:00Z"
    },
    "thumbprint": "2541742423588bc19fb2bf8448becd68a72fd6b905d6d7c0167ab3f172dfc78b"
  },
  {
    "coordinate": {
      "index": 0,
      "latitude": 49.8519,
      "longitude": 15.3456
    },
    "handle": 3552656823,
    "identification": "LKCVB",
    "link": "LKCV",
    "name": "LKCV BRAVO",
    "sun": {
      "astronomicalDawn": "2021-02-03T04:56:00Z",
      "astronomicalDusk": "2021-02-03T15:29:00Z",
      "civilDawn": "2021-02-03T05:31:00Z",
      "civilDusk": "2021-02-03T14:55:00Z",
      "date": "2021-02-02T23:00:00Z"
    },
    "thumbprint": "5f8068200bc31c0f8a07f756cfbbad866d386798fcf1c39be83fda81a9abc551"
  },
  {
    "coordinate": {
      "index": 0,
      "latitude": 49.8972,
      "longitude": 15.6406
    },
    "handle": 3706464054,
    "identification": "LKPDX",
    "link": "LKPD",
    "name": "LKPD XRAY",
    "sun": {
      "astronomicalDawn": "2021-02-03T04:55:00Z",
      "astronomicalDusk": "2021-02-03T15:28:00Z",
      "civilDawn": "2021-02-03T05:30:00Z",
      "civilDusk": "2021-02-03T14:53:00Z",
      "date": "2021-02-02T23:00:00Z"
    },
    "thumbprint": "65186a72b4d1267283cc4cab461a931873079b712abb3245ee575bfe119b596f"
  },
  {
    "coordinate": {
      "index": 0,
      "latitude": 50.1278,
      "longitude": 15.5367
    },
    "handle": 3571341895,
    "identification": "LKPDW",
    "link": "LKPD",
    "name": "LKPD WHISKY",
    "sun": {
      "astronomicalDawn": "2021-02-03T04:56:00Z",
      "astronomicalDusk": "2021-02-03T15:28:00Z",
      "civilDawn": "2021-02-03T05:31:00Z",
      "civilDusk": "2021-02-03T14:53:00Z",
      "date": "2021-02-02T23:00:00Z"
    },
    "thumbprint": "12ec96e2393807bbbbaa47fa9975577f77f4e2e83489de965b89a4bbbce1ce15"
  },
  {
    "coordinate": {
      "index": 0,
      "latitude": 50.1392,
      "longitude": 15.7886
    },
    "handle": 1165640443,
    "identification": "LKPDN",
    "link": "LKPD",
    "name": "LKPD NOVEMBER",
    "sun": {
      "astronomicalDawn": "2021-02-03T04:55:00Z",
      "astronomicalDusk": "2021-02-03T15:27:00Z",
      "civilDawn": "2021-02-03T05:30:00Z",
      "civilDusk": "2021-02-03T14:52:00Z",
      "date": "2021-02-02T23:00:00Z"
    },
    "thumbprint": "0428311733fd672d858392ef74dc2d967a28de2e13367af84f529186831e88f1"
  },
  {
    "coordinate": {
      "index": 0,
      "latitude": 49.995,
      "longitude": 16.1092
    },
    "handle": 3350972079,
    "identification": "LKPDE",
    "link": "LKPD",
    "name": "LKPD ECHO",
    "sun": {
      "astronomicalDawn": "2021-02-03T04:54:00Z",
      "astronomicalDusk": "2021-02-03T15:26:00Z",
      "civilDawn": "2021-02-03T05:28:00Z",
      "civilDusk": "2021-02-03T14:51:00Z",
      "date": "2021-02-02T23:00:00Z"
    },
    "thumbprint": "312f17206b5ee9a87517a18dc90e524ace882683a5cbf759857c158ab4d2b9e8"
  },
  {
    "coordinate": {
      "index": 0,
      "latitude": 50.1025,
      "longitude": 15.8569
    },
    "handle": 1146525547,
    "identification": "LKPDD",
    "link": "LKPD",
    "name": "LKPD DELTA",
    "sun": {
      "astronomicalDawn": "2021-02-03T04:55:00Z",
      "astronomicalDusk": "2021-02-03T15:27:00Z",
      "civilDawn": "2021-02-03T05:30:00Z",
      "civilDusk": "2021-02-03T14:52:00Z",
      "date": "2021-02-02T23:00:00Z"
    },
    "thumbprint": "b50929f3c1bf1a4b2183a621652ceeaf3614761e056d3401f33c525b7d0b17e3"
  },
  {
    "coordinate": {
      "index": 0,
      "latitude": 50.1156,
      "longitude": 15.6528
    },
    "handle": 4144816286,
    "identification": "LKPDC",
    "link": "LKPD",
    "name": "LKPD CHARLIE",
    "sun": {
      "astronomicalDawn": "2021-02-03T04:56:00Z",
      "astronomicalDusk": "2021-02-03T15:27:00Z",
      "civilDawn": "2021-02-03T05:31:00Z",
      "civilDusk": "2021-02-03T14:52:00Z",
      "date": "2021-02-02T23:00:00Z"
    },
    "thumbprint": "67f400d42618fbfa38a9a289c9b577310ecf09c5bdbd73a76595cd13b0060922"
  },
  {
    "coordinate": {
      "index": 0,
      "latitude": 49.9742,
      "longitude": 15.8703
    },
    "handle": 3084423923,
    "identification": "LKPDB",
    "link": "LKPD",
    "name": "LKPD BRAVO",
    "sun": {
      "astronomicalDawn": "2021-02-03T04:55:00Z",
      "astronomicalDusk": "2021-02-03T15:27:00Z",
      "civilDawn": "2021-02-03T05:29:00Z",
      "civilDusk": "2021-02-03T14:52:00Z",
      "date": "2021-02-02T23:00:00Z"
    },
    "thumbprint": "dddb4eac5c3e48e39f5121854ea72d4fde8d5167c613e99134ff346ce5a895c2"
  },
  {
    "coordinate": {
      "index": 0,
      "latitude": 49.9753,
      "longitude": 15.6431
    },
    "handle": 3154208553,
    "identification": "LKPDA",
    "link": "LKPD",
    "name": "LKPD ALFA",
    "sun": {
      "astronomicalDawn": "2021-02-03T04:55:00Z",
      "astronomicalDusk": "2021-02-03T15:28:00Z",
      "civilDawn": "2021-02-03T05:30:00Z",
      "civilDusk": "2021-02-03T14:53:00Z",
      "date": "2021-02-02T23:00:00Z"
    },
    "thumbprint": "0c3c63e34bfdfd5fd292aab2b2a8119a8edb2629a33d0558514f17ae3f5e8714"
  },
  {
    "coordinate": {
      "index": 0,
      "latitude": 49.1064,
      "longitude": 17.3153
    },
    "handle": 2414775199,
    "identification": "LKKUW",
    "link": "LKKU",
    "name": "LKKU WHISKY",
    "sun": {
      "astronomicalDawn": "2021-02-03T04:47:00Z",
      "astronomicalDusk": "2021-02-03T15:23:00Z",
      "civilDawn": "2021-02-03T05:21:00Z",
      "civilDusk": "2021-02-03T14:49:00Z",
      "date": "2021-02-02T23:00:00Z"
    },
    "thumbprint": "713b7252b2e02ced33a73c4d9c8d2b823aaaa9526a870f9cb3abb20cd17e2216"
  },
  {
    "coordinate": {
      "index": 0,
      "latitude": 48.9742,
      "longitude": 17.2681
    },
    "handle": 2897296493,
    "identification": "LKKUS",
    "link": "LKKU",
    "name": "LKKU SIERRA",
    "sun": {
      "astronomicalDawn": "2021-02-03T04:47:00Z",
      "astronomicalDusk": "2021-02-03T15:23:00Z",
      "civilDawn": "2021-02-03T05:21:00Z",
      "civilDusk": "2021-02-03T14:49:00Z",
      "date": "2021-02-02T23:00:00Z"
    },
    "thumbprint": "ea9388676635ef7a5e248a03f6b5821eacc7b500d3aff9adb5b043fa096656f7"
  },
  {
    "coordinate": {
      "index": 0,
      "latitude": 49.9861,
      "longitude": 14.3614
    },
    "handle": 2151506136,
    "identification": "LKPRE",
    "link": "LKPR",
    "name": "LKPR ECHO",
    "sun": {
      "astronomicalDawn": "2021-02-03T05:01:00Z",
      "astronomicalDusk": "2021-02-03T15:33:00Z",
      "civilDawn": "2021-02-03T05:35:00Z",
      "civilDusk": "2021-02-03T14:58:00Z",
      "date": "2021-02-02T23:00:00Z"
    },
    "thumbprint": "9e0630a5adb42e8d45f97d5cd6801dd4783663c697a1a27dc5e15c013e01bd66"
  },
  {
    "coordinate": {
      "index": 0,
      "latitude": 50.1878,
      "longitude": 14.1858
    },
    "handle": 1010269255,
    "identification": "LKPRB",
    "link": "LKPR",
    "name": "LKPR BRAVO",
    "sun": {
      "astronomicalDawn": "2021-02-03T05:02:00Z",
      "astronomicalDusk": "2021-02-03T15:33:00Z",
      "civilDawn": "2021-02-03T05:37:00Z",
      "civilDusk": "2021-02-03T14:58:00Z",
      "date": "2021-02-02T23:00:00Z"
    },
    "thumbprint": "c6e137f5ea03786770d4680b8ef5b1f4573f80538edc3f06168a6c8fb4dc6e66"
  },
  {
    "coordinate": {
      "index": 0,
      "latitude": 50.1381,
      "longitude": 14.2439
    },
    "handle": 3842722864,
    "identification": "LKPRA",
    "link": "LKPR",
    "name": "LKPR ALFA",
    "sun": {
      "astronomicalDawn": "2021-02-03T05:01:00Z",
      "astronomicalDusk": "2021-02-03T15:33:00Z",
      "civilDawn": "2021-02-03T05:36:00Z",
      "civilDusk": "2021-02-03T14:58:00Z",
      "date": "2021-02-02T23:00:00Z"
    },
    "thumbprint": "20a62de2532b6e111ebdfa1eb0faba065232a843e3d452059d2c51c112192b9e"
  },
  {
    "coordinate": {
      "index": 0,
      "latitude": 49.7492,
      "longitude": 17.8719
    },
    "handle": 1226187317,
    "identification": "LKMTW",
    "link": "LKMT",
    "name": "LKMT WHISKY",
    "sun": {
      "astronomicalDawn": "2021-02-03T04:46:00Z",
      "astronomicalDusk": "2021-02-03T15:19:00Z",
      "civilDawn": "2021-02-03T05:21:00Z",
      "civilDusk": "2021-02-03T14:45:00Z",
      "date": "2021-02-02T23:00:00Z"
    },
    "thumbprint": "cb5f29605c867c0524c74898a19736121aeb21b88a39452e44d4f266825bdc4d"
  },
  {
    "coordinate": {
      "index": 0,
      "latitude": 49.585,
      "longitude": 17.7997
    },
    "handle": 1695760180,
    "identification": "LKMTT",
    "link": "LKMT",
    "name": "LKMT TANGO",
    "sun": {
      "astronomicalDawn": "2021-02-03T04:46:00Z",
      "astronomicalDusk": "2021-02-03T15:20:00Z",
      "civilDawn": "2021-02-03T05:20:00Z",
      "civilDusk": "2021-02-03T14:45:00Z",
      "date": "2021-02-02T23:00:00Z"
    },
    "thumbprint": "20dc16bd15d23a44489a9fd644b8a291dd9f56ed9f56487d87f111827396dd20"
  },
  {
    "coordinate": {
      "index": 0,
      "latitude": 49.5389,
      "longitude": 18.0236
    },
    "handle": 1667136771,
    "identification": "LKMTS",
    "link": "LKMT",
    "name": "LKMT SIERRA",
    "sun": {
      "astronomicalDawn": "2021-02-03T04:45:00Z",
      "astronomicalDusk": "2021-02-03T15:19:00Z",
      "civilDawn": "2021-02-03T05:19:00Z",
      "civilDusk": "2021-02-03T14:45:00Z",
      "date": "2021-02-02T23:00:00Z"
    },
    "thumbprint": "6fa364280374459759f8d90cf122d529f55b2322e1d26da6f2dadc7ce856f2b9"
  },
  {
    "coordinate": {
      "index": 0,
      "latitude": 49.8831,
      "longitude": 18.0547
    },
    "handle": 1634623344,
    "identification": "LKMTN",
    "link": "LKMT",
    "name": "LKMT NOVEMBER",
    "sun": {
      "astronomicalDawn": "2021-02-03T04:46:00Z",
      "astronomicalDusk": "2021-02-03T15:18:00Z",
      "civilDawn": "2021-02-03T05:20:00Z",
      "civilDusk": "2021-02-03T14:44:00Z",
      "date": "2021-02-02T23:00:00Z"
    },
    "thumbprint": "abe8173bf35a52d96c6cfb2f64b5577026a67d4b3a0af33b46f351f473ae9181"
  },
  {
    "coordinate": {
      "index": 0,
      "latitude": 49.7861,
      "longitude": 18.3747
    },
    "handle": 2658057121,
    "identification": "LKMTF",
    "link": "LKMT",
    "name": "LKMT FOXTROT",
    "sun": {
      "astronomicalDawn": "2021-02-03T04:44:00Z",
      "astronomicalDusk": "2021-02-03T15:17:00Z",
      "civilDawn": "2021-02-03T05:19:00Z",
      "civilDusk": "2021-02-03T14:43:00Z",
      "date": "2021-02-02T23:00:00Z"
    },
    "thumbprint": "cd1f6bb5e3a7b114322a8629b0fe53124470187159a18a00db815b01e64f4851"
  },
  {
    "coordinate": {
      "index": 0,
      "latitude": 49.6633,
      "longitude": 18.3203
    },
    "handle": 2208332520,
    "identification": "LKMTE",
    "link": "LKMT",
    "name": "LKMT ECHO",
    "sun": {
      "astronomicalDawn": "2021-02-03T04:44:00Z",
      "astronomicalDusk": "2021-02-03T15:18:00Z",
      "civilDawn": "2021-02-03T05:19:00Z",
      "civilDusk": "2021-02-03T14:43:00Z",
      "date": "2021-02-02T23:00:00Z"
    },
    "thumbprint": "533303c438f7e3a1e0d6eb8d736b2c60bce384fcc87c61b4c569a45f8f9203f6"
  },
  {
    "coordinate": {
      "index": 0,
      "latitude": 49.7047,
      "longitude": 18.0511
    },
    "handle": 2364766847,
    "identification": "LKMTB",
    "link": "LKMT",
    "name": "LKMT BRAVO",
    "sun": {
      "astronomicalDawn": "2021-02-03T04:45:00Z",
      "astronomicalDusk": "2021-02-03T15:19:00Z",
      "civilDawn": "2021-02-03T05:20:00Z",
      "civilDusk": "2021-02-03T14:44:00Z",
      "date": "2021-02-02T23:00:00Z"
    },
    "thumbprint": "6973f71bb283c238fb40bf534ff291047ad697faec885e5f7726696d0d844cb3"
  },
  {
    "coordinate": {
      "index": 0,
      "latitude": 49.65,
      "longitude": 18.1411
    },
    "handle": 4289808030,
    "identification": "LKMTA",
    "link": "LKMT",
    "name": "LKMT ALFA",
    "sun": {
      "astronomicalDawn": "2021-02-03T04:45:00Z",
      "astronomicalDusk": "2021-02-03T15:18:00Z",
      "civilDawn": "2021-02-03T05:19:00Z",
      "civilDusk": "2021-02-03T14:44:00Z",
      "date": "2021-02-02T23:00:00Z"
    },
    "thumbprint": "15e73899f1bbe9216eac3e247d5f674200bc47d8c3998623c03a9ca7672f62d9"
  },
  {
    "coordinate": {
      "index": 0,
      "latitude": 50.1708,
      "longitude": 12.8917
    },
    "handle": 3888760533,
    "identification": "LKKVB",
    "link": "LKKV",
    "name": "LKKV BRAVO",
    "sun": {
      "astronomicalDawn": "2021-02-03T05:07:00Z",
      "astronomicalDusk": "2021-02-03T15:38:00Z",
      "civilDawn": "2021-02-03T05:42:00Z",
      "civilDusk": "2021-02-03T15:03:00Z",
      "date": "2021-02-02T23:00:00Z"
    },
    "thumbprint": "8f2a41070d936ada4ba1e000ed44f6e0e4f1bcf8914a0c49a8e43aaebac66450"
  },
  {
    "coordinate": {
      "index": 0,
      "latitude": 50.2378,
      "longitude": 12.9278
    },
    "handle": 828384965,
    "identification": "LKKVA",
    "link": "LKKV",
    "name": "LKKV ALFA",
    "sun": {
      "astronomicalDawn": "2021-02-03T05:07:00Z",
      "astronomicalDusk": "2021-02-03T15:38:00Z",
      "civilDawn": "2021-02-03T05:42:00Z",
      "civilDusk": "2021-02-03T15:03:00Z",
      "date": "2021-02-02T23:00:00Z"
    },
    "thumbprint": "09546d2931871a869d79673226a86cf54198f7149156ddc47fa796ed3c286537"
  },
  {
    "coordinate": {
      "index": 0,
      "latitude": 48.9964,
      "longitude": 16.6889
    },
    "handle": 2339240361,
    "identification": "LKTBZ",
    "link": "LKTB",
    "name": "LKTB ZULU",
    "sun": {
      "astronomicalDawn": "2021-02-03T04:49:00Z",
      "astronomicalDusk": "2021-02-03T15:26:00Z",
      "civilDawn": "2021-02-03T05:23:00Z",
      "civilDusk": "2021-02-03T14:52:00Z",
      "date": "2021-02-02T23:00:00Z"
    },
    "thumbprint": "ff0e66ed3e03d2dd42c33a2b2cd6c33dcae545416d66133a50a1f410661c402c"
  },
  {
    "coordinate": {
      "index": 0,
      "latitude": 50.1894,
      "longitude": 12.7581
    },
    "handle": 337812752,
    "identification": "LKKVW",
    "link": "LKKV",
    "name": "LKKV WHISKY",
    "sun": {
      "astronomicalDawn": "2021-02-03T05:07:00Z",
      "astronomicalDusk": "2021-02-03T15:39:00Z",
      "civilDawn": "2021-02-03T05:42:00Z",
      "civilDusk": "2021-02-03T15:04:00Z",
      "date": "2021-02-02T23:00:00Z"
    },
    "thumbprint": "40c3cf918c324c6c24b64bc7b05ddc3becf9feaa0c0031dd0509a3d812f3e4c2"
  },
  {
    "coordinate": {
      "index": 0,
      "latitude": 50.0839,
      "longitude": 12.84
    },
    "handle": 1389141036,
    "identification": "LKKVS",
    "link": "LKKV",
    "name": "LKKV SIERRA",
    "sun": {
      "astronomicalDawn": "2021-02-03T05:07:00Z",
      "astronomicalDusk": "2021-02-03T15:39:00Z",
      "civilDawn": "2021-02-03T05:42:00Z",
      "civilDusk": "2021-02-03T15:04:00Z",
      "date": "2021-02-02T23:00:00Z"
    },
    "thumbprint": "9f991c9956fd40ee2b3cafaa6d3ed5a957d235642da9e2a0d918a364e84f8d8d"
  },
  {
    "coordinate": {
      "index": 0,
      "latitude": 49.1108,
      "longitude": 16.5208
    },
    "handle": 614144789,
    "identification": "LKTBW",
    "link": "LKTB",
    "name": "LKTB WHISKY",
    "sun": {
      "astronomicalDawn": "2021-02-03T04:50:00Z",
      "astronomicalDusk": "2021-02-03T15:26:00Z",
      "civilDawn": "2021-02-03T05:24:00Z",
      "civilDusk": "2021-02-03T14:52:00Z",
      "date": "2021-02-02T23:00:00Z"
    },
    "thumbprint": "0024017249dae8fccc0abf02bbea224c62a17c5a1ef13e6218a67f91d0ce6f41"
  },
  {
    "coordinate": {
      "index": 0,
      "latitude": 48.9978,
      "longitude": 16.8622
    },
    "handle": 3047802874,
    "identification": "LKTBS",
    "link": "LKTB",
    "name": "LKTB SIERRA",
    "sun": {
      "astronomicalDawn": "2021-02-03T04:49:00Z",
      "astronomicalDusk": "2021-02-03T15:25:00Z",
      "civilDawn": "2021-02-03T05:23:00Z",
      "civilDusk": "2021-02-03T14:51:00Z",
      "date": "2021-02-02T23:00:00Z"
    },
    "thumbprint": "85b66cce735b837fc76adfe6ad5364f11049d2acd757a09b00427395a1867737"
  },
  {
    "coordinate": {
      "index": 0,
      "latitude": 49.2922,
      "longitude": 16.5603
    },
    "handle": 3198795394,
    "identification": "LKTBN",
    "link": "LKTB",
    "name": "LKTB NOVEMBER",
    "sun": {
      "astronomicalDawn": "2021-02-03T04:50:00Z",
      "astronomicalDusk": "2021-02-03T15:25:00Z",
      "civilDawn": "2021-02-03T05:25:00Z",
      "civilDusk": "2021-02-03T14:51:00Z",
      "date": "2021-02-02T23:00:00Z"
    },
    "thumbprint": "bf1c621e64595b46bb3eebc41cb24185228ca94f0d2014faa471b1df6ea0275d"
  },
  {
    "coordinate": {
      "index": 0,
      "latitude": 49.2036,
      "longitude": 16.8861
    },
    "handle": 3784630225,
    "identification": "LKTBE",
    "link": "LKTB",
    "name": "LKTB ECHO",
    "sun": {
      "astronomicalDawn": "2021-02-03T04:49:00Z",
      "astronomicalDusk": "2021-02-03T15:24:00Z",
      "civilDawn": "2021-02-03T05:23:00Z",
      "civilDusk": "2021-02-03T14:50:00Z",
      "date": "2021-02-02T23:00:00Z"
    },
    "thumbprint": "1935583dc9010e7584026583004d4251240fabdaf2e82f07781431fa6d2a7547"
  },
  {
    "coordinate": {
      "index": 0,
      "latitude": 49.1817,
      "longitude": 16.7125
    },
    "handle": 2067758719,
    "identification": "LKTBB",
    "link": "LKTB",
    "name": "LKTB BRAVO",
    "sun": {
      "astronomicalDawn": "2021-02-03T04:49:00Z",
      "astronomicalDusk": "2021-02-03T15:25:00Z",
      "civilDawn": "2021-02-03T05:24:00Z",
      "civilDusk": "2021-02-03T14:51:00Z",
      "date": "2021-02-02T23:00:00Z"
    },
    "thumbprint": "7d800c7e24d44018c9aa4bf62cb71732cd1bec7128045a5c09886d10da667e2f"
  },
  {
    "coordinate": {
      "index": 0,
      "latitude": 49.1175,
      "longitude": 16.7033
    },
    "handle": 1697895814,
    "identification": "LKTBA",
    "link": "LKTB",
    "name": "LKTB ALFA",
    "sun": {
      "astronomicalDawn": "2021-02-03T04:49:00Z",
      "astronomicalDusk": "2021-02-03T15:25:00Z",
      "civilDawn": "2021-02-03T05:23:00Z",
      "civilDusk": "2021-02-03T14:51:00Z",
      "date": "2021-02-02T23:00:00Z"
    },
    "thumbprint": "166f92a6bc6d4347132b43175a92a55c10cdc0fc7e136d16d035c9c22f5dd251"
  }
]