[
  {
    "coordinate": {
      "index": 0,
      "latitude": 49.93,
      "longitude": 15.2335
    },
    "handle": 2028334637,
    "identification": "LKCVA",
    "link": "LKCV",
    "name": "LKCV ALFA",
    "sun": {
      "astronomicalDawn": "2021-01-30T05:02:00Z",
      "astronomicalDusk": "2021-01-30T15:23:00Z",
      "civilDawn": "2021-01-30T05:37:00Z",
      "civilDusk": "2021-01-30T14:48:00Z",
      "date": "2021-01-29T23:00:00Z"
    },
    "thumbprint": "6677fcd77657ec3602513ab33b9deb763df31263e660177b11bf1b7a33f182e7"
  },
  {
    "coordinate": {
      "index": 0,
      "latitude": 49.9014,
      "longitude": 15.9358
    },
    "handle": 3988094965,
    "identification": "LKPDS",
    "link": "LKPD",
    "name": "LKPD SIERRA",
    "sun": {
      "astronomicalDawn": "2021-01-30T04:59:00Z",
      "astronomicalDusk": "2021-01-30T15:20:00Z",
      "civilDawn": "2021-01-30T05:34:00Z",
      "civilDusk": "2021-01-30T14:45:00Z",
      "date": "2021-01-29T23:00:00Z"
    },
    "thumbprint": "20eaca91fdc0098e62f326eecd38ffc46ca7dfae05ea440468609cc8f3a002fd"
  },
  {
    "coordinate": {
      "index": 0,
      "latitude": 49.1939,
      "longitude": 16.22
    },
    "handle": 3143890161,
    "identification": "LKNAB",
    "link": "LKNA",
    "name": "LKNA BRAVO",
    "sun": {
      "astronomicalDawn": "2021-01-30T04:56:00Z",
      "astronomicalDusk": "2021-01-30T15:21:00Z",
      "civilDawn": "2021-01-30T05:31:00Z",
      "civilDusk": "2021-01-30T14:46:00Z",
      "date": "2021-01-29T23:00:00Z"
    },
    "thumbprint": "d7670594eb0acbe9731a7edcba31d3309768b154ed382898f748552a1a8e1456"
  },
  {
    "coordinate": {
      "index": 0,
      "latitude": 49.1397,
      "longitude": 16.0625
    },
    "handle": 3773285370,
    "identification": "LKNAA",
    "link": "LKNA",
    "name": "LKNA ALFA",
    "sun": {
      "astronomicalDawn": "2021-01-30T04:57:00Z",
      "astronomicalDusk": "2021-01-30T15:22:00Z",
      "civilDawn": "2021-01-30T05:31:00Z",
      "civilDusk": "2021-01-30T14:47:00Z",
      "date": "2021-01-29T23:00:00Z"
    },
    "thumbprint": "8584446d63f81f477852b56c4ae3eb34273977046bc18a61fe81072dfaf8fffa"
  },
  {
    "coordinate": {
      "index": 0,
      "latitude": 49.8627,
      "longitude": 15.0666
    },
    "handle": 1001427972,
    "identification": "LKCVJ",
    "link": "LKCV",
    "name": "LKCV JANO",
    "sun": {
      "astronomicalDawn": "2021-01-30T05:03:00Z",
      "astronomicalDusk": "2021-01-30T15:24:00Z",
      "civilDawn": "2021-01-30T05:38:00Z",
      "civilDusk": "2021-01-30T14:49:00Z",
      "date": "2021-01-29T23:00:00Z"
    },
    "thumbprint": "749c7e548a4985572d3349d619a7ab7ea6185c66585b76363d12cd26b5327568"
  },
  {
    "coordinate": {
      "index": 0,
      "latitude": 50.1653,
      "longitude": 15.795
    },
    "handle": 432786003,
    "identification": "LKHKO",
    "link": "LKHK",
    "name": "LKHK OPAT",
    "sun": {
      "astronomicalDawn": "2021-01-30T05:00:00Z",
      "astronomicalDusk": "2021-01-30T15:20:00Z",
      "civilDawn": "2021-01-30T05:36:00Z",
      "civilDusk": "2021-01-30T14:45:00Z",
      "date": "2021-01-29T23:00:00Z"
    },
    "thumbprint": "ec51d80828fdd7cf1a8ecda5e2cbad07bf4a4c8b0ce3c268bd0cee5b4211aa6f"
  },
  {
    "coordinate": {
      "index": 0,
      "latitude": 50.3333,
      "longitude": 15.7242
    },
    "handle": 4025535953,
    "identification": "LKHKE",
    "link": "LKHK",
    "name": "LKHK CEPRO",
    "sun": {
      "astronomicalDawn": "2021-01-30T05:01:00Z",
      "astronomicalDusk": "2021-01-30T15:20:00Z",
      "civilDawn": "2021-01-30T05:37:00Z",
      "civilDusk": "2021-01-30T14:45:00Z",
      "date": "2021-01-29T23:00:00Z"
    },
    "thumbprint": "b7ae2e8fbb28ec9600fe19d65a205011fcde02c21d4eb37b7be7d116d51a383e"
  },
  {
    "coordinate": {
      "index": 0,
      "latitude": 50.2631,
      "longitude": 15.9322
    },
    "handle": 1744274457,
    "identification": "LKHKC",
    "link": "LKHK",
    "name": "LKHK CELOV",
    "sun": {
      "astronomicalDawn": "2021-01-30T05:00:00Z",
      "astronomicalDusk": "2021-01-30T15:20:00Z",
      "civilDawn": "2021-01-30T05:36:00Z",
      "civilDusk": "2021-01-30T14:44:00Z",
      "date": "2021-01-29T23:00:00Z"
    },
    "thumbprint": "35a03549dfd09de63d832bbec48130e3cb2759622d38c6a1b0af301208e6a804"
  },
  {
    "coordinate": {
      "index": 0,
      "latitude": 49.2222,
      "longitude": 16.2931
    },
    "handle": 3456041642,
    "identification": "LKNAZ",
    "link": "LKNA",
    "name": "LKNA ZULU",
    "sun": {
      "astronomicalDawn": "2021-01-30T04:56:00Z",
      "astronomicalDusk": "2021-01-30T15:21:00Z",
      "civilDawn": "2021-01-30T05:31:00Z",
      "civilDusk": "2021-01-30T14:46:00Z",
      "date": "2021-01-29T23:00:00Z"
    },
    "thumbprint": "b134f5637e13858d4985352750d371f4def952c4f183103255716ad3f74f887d"
  },
  {
    "coordinate": {
      "index": 0,
      "latitude": 49.17,
      "longitude": 15.925
    },
    "handle": 1588660229,
    "identification": "LKNAW",
    "link": "LKNA",
    "name": "LKNA WHISKY",
    "sun": {
      "astronomicalDawn": "2021-01-30T04:58:00Z",
      "astronomicalDusk": "2021-01-30T15:22:00Z",
      "civilDawn": "2021-01-30T05:32:00Z",
      "civilDusk": "2021-01-30T14:48:00Z",
      "date": "2021-01-29T23:00:00Z"
    },
    "thumbprint": "16525e06d16e3b371d68f959a619e8c52509dd8119ad62481d4d6511660edead"
  },
  {
    "coordinate": {
      "index": 0,
      "latitude": 49.0331,
      "longitude": 16.1075
    },
    "handle": 3654831936,
    "identification": "LKNAS",
    "link": "LKNA",
    "name": "LKNA SIERRA",
    "sun": {
      "astronomicalDawn": "2021-01-30T04:56:00Z",
      "astronomicalDusk": "2021-01-30T15:22:00Z",
      "civilDawn": "2021-01-30T05:31:00Z",
      "civilDusk": "2021-01-30T14:47:00Z",
      "date": "2021-01-29T23:00:00Z"
    },
    "thumbprint": "004047d8eb1e2ec71c1ddb164f9beba13cdbb0995923e6339eb83d0868bf0661"
  },
  {
    "coordinate": {
      "index": 0,
      "latitude": 49.0831,
      "longitude": 16.4356
    },
    "handle": 1609642896,
    "identification": "LKNAE",
    "link": "LKNA",
    "name": "LKNA ECHO",
    "sun": {
      "astronomicalDawn": "2021-01-30T04:55:00Z",
      "astronomicalDusk": "2021-01-30T15:20:00Z",
      "civilDawn": "2021-01-30T05:30:00Z",
      "civilDusk": "2021-01-30T14:46:00Z",
      "date": "2021-01-29T23:00:00Z"
    },
    "thumbprint": "f5e1ce4d304bd1bf538467410ecfeaf58f4451da0fab5e08cc9d7ea44168aff1"
  },
  {
    "coordinate": {
      "index": 0,
      "latitude": 49.3031,
      "longitude": 16.0619
    },
    "handle": 4252163888,
    "identification": "LKNAN",
    "link": "LKNA",
    "name": "LKNA NOVEMBER",
    "sun": {
      "astronomicalDawn": "2021-01-30T04:57:00Z",
      "astronomicalDusk": "2021-01-30T15:21:00Z",
      "civilDawn": "2021-01-30T05:32:00Z",
      "civilDusk": "2021-01-30T14:47:00Z",
      "date": "2021-01-29T23:00:00Z"
    },
    "thumbprint": "05a1e10a91b34ce59d69139290a8d36a954a68e3cd535d91817c0af16da33be7"
  },
  {
    "coordinate": {
      "index": 0,
      "latitude": 50.1392,
      "longitude": 15.2919
    },
    "handle": 3475897737,
    "identification": "LKCVZ",
    "link": "LKCV",
    "name": "LKCV ZEHU",
    "sun": {
      "astronomicalDawn": "2021-01-30T05:02:00Z",
      "astronomicalDusk": "2021-01-30T15:22:00Z",
      "civilDawn": "2021-01-30T05:38:00Z",
      "civilDusk": "2021-01-30T14:47:00Z",
      "date": "2021-01-29T23:00:00Z"
    },
    "thumbprint": "3785654cac27f40497dbb4267c18d4c7a2524d9e8cac3e99eb696369009bc958"
  },
  {
    "coordinate": {
      "index": 0,
      "latitude": 49.8972,
      "longitude": 15.6406
    },
    "handle": 796682559,
    "identification": "LKCVX",
    "link": "LKCV",
    "name": "LKCV XRAY",
    "sun": {
      "astronomicalDawn": "2021-01-30T05:00:00Z",
      "astronomicalDusk": "2021-01-30T15:22:00Z",
      "civilDawn": "2021-01-30T05:36:00Z",
      "civilDusk": "2021-01-30T14:46:00Z",
      "date": "2021-01-29T23:00:00Z"
    },
    "thumbprint": "a68b760dacd5920583f024326d8eef89936b0813e969bc852456c99695bae468"
  },
  {
    "coordinate": {
      "index": 0,
      "latitude": 49.7867,
      "longitude": 15.8186
    },
    "handle": 4145530292,
    "identification": "LKCVT",
    "link": "LKCV",
    "name": "LKCV TRHO",
    "sun": {
      "astronomicalDawn": "2021-01-30T04:59:00Z",
      "astronomicalDusk": "2021-01-30T15:21:00Z",
      "civilDawn": "2021-01-30T05:35:00Z",
      "civilDusk": "2021-01-30T14:46:00Z",
      "date": "2021-01-29T23:00:00Z"
    },
    "thumbprint": "218e81f79a4a37719c734ea552d8fb634d8c148f752178bc57a9d2ac606f0a64"
  },
  {
    "coordinate": {
      "index": 0,
      "latitude": 49.6793,
      "longitude": 15.5696
    },
    "handle": 2652611502,
    "identification": "LKCVS",
    "link": "LKCV",
    "name": "LKCV SUKAV",
    "sun": {
      "astronomicalDawn": "2021-01-30T05:00:00Z",
      "astronomicalDusk": "2021-01-30T15:22:00Z",
      "civilDawn": "2021-01-30T05:35:00Z",
      "civilDusk": "2021-01-30T14:47:00Z",
      "date": "2021-01-29T23:00:00Z"
    },
    "thumbprint": "2433d8cd21fab91edcde3190297f23644eca42dde21d422dfbac79edfd86aa7b"
  },
  {
    "coordinate": {
      "index": 0,
      "latitude": 50.0514,
      "longitude": 15.0331
    },
    "handle": 2971985063,
    "identification": "LKCVP",
    "link": "LKCV",
    "name": "LKCV PLAN",
    "sun": {
      "astronomicalDawn": "2021-01-30T05:03:00Z",
      "astronomicalDusk": "2021-01-30T15:24:00Z",
      "civilDawn": "2021-01-30T05:39:00Z",
      "civilDusk": "2021-01-30T14:48:00Z",
      "date": "2021-01-29T23:00:00Z"
    },
    "thumbprint": "1c1d4fd4ef0d12d53f1e681eb7eb892a0d5dbd6effad38b81dea3b4f8665c428"
  },
  {
    "coordinate": {
      "index": 0,
      "latitude": 50.0335,
      "longitude": 15.4069
    },
    "handle": 2691346638,
    "identification": "LKCVC",
    "link": "LKCV",
    "name": "LKCV CHARLIE",
    "sun": {
      "astronomicalDawn": "2021-01-30T05:02:00Z",
      "astronomicalDusk": "2021-01-30T15:22:00Z",
      "civilDawn": "2021-01-30T05:37:00Z",
      "civilDusk": "2021-01-30T14:47:00Z",
      "date": "2021-01-29T23:00:00Z"
    },
    "thumbprint": "4dc00abcb27eadb764cb2f7eecbd80ea42941f2aa0023343e179a5b8f0ebe967"
  },
  {
    "coordinate": {
      "index": 0,
      "latitude": 49.7613,
      "longitude": 15.3044
    },
    "handle": 1076813637,
    "identification": "LKCVE",
    "link": "LKCV",
    "name": "LKCV EKNEV",
    "sun": {
      "astronomicalDawn": "2021-01-30T05:01:00Z",
      "astronomicalDusk": "2021-01-30T15:23:00Z",
      "civilDawn": "2021-01-30T05:36:00Z",
      "civilDusk": "2021-01-30T14:48:00Z",
      "date": "2021-01-29T23:00:00Z"
    },
    "thumbprint": "67c39784ff9149dfc451f4b4e602a165f4bfc7faa6601a11a16c62820fbe9c16"
  },
  {
    "coordinate": {
      "index": 0,
      "latitude": 49.9553,
      "longitude": 15.5188
    },
    "handle": 2874022924,
    "identification": "LKCVD",
    "link": "LKCV",
    "name": "LKCV DELTA",
    "sun": {
      "astronomicalDawn": "2021-01-30T05:01:00Z",
      "astronomicalDusk": "2021-01-30T15:22:00Z",
      "civilDawn": "2021-01-30T05:36:00Z",
      "civilDusk": "2021-01-30T14:47:00Z",
      "date": "2021-01-29T23:00:00Z"
    },
    "thumbprint": "9b70e206543a6a959f2580011d0a19f58ed7cf4d5cd8e01dc53b01e10417bb97"
  },
  {
    "coordinate": {
      "index": 0,
      "latitude": 49.8519,
      "longitude": 15.3456
    },
    "handle": 1883115340,
    "identification": "LKCVB",
    "link": "LKCV",
    "name": "LKCV BRAVO",
    "sun": {
      "astronomicalDawn": "2021-01-30T05:01:00Z",
      "astronomicalDusk": "2021-01-30T15:23:00Z",
      "civilDawn": "2021-01-30T05:37:00Z",
      "civilDusk": "2021-01-30T14:48:00Z",
      "date": "2021-01-29T23:00:00Z"
    },
    "thumbprint": "74083a391e94aa199cbf7676d2c1d2c9e07645c8951b6dc915e16c6729e134c4"
  },
  {
    "coordinate": {
      "index": 0,
      "latitude": 49.8972,
      "longitude": 15.6406
    },
    "handle": 1900899368,
    "identification": "LKPDX",
    "link": "LKPD",
    "name": "LKPD XRAY",
    "sun": {
      "astronomicalDawn": "2021-01-30T05:00:00Z",
      "astronomicalDusk": "2021-01-30T15:22:00Z",
      "civilDawn": "2021-01-30T05:36:00Z",
      "civilDusk": "2021-01-30T14:46:00Z",
      "date": "2021-01-29T23:00:00Z"
    },
    "thumbprint": "973e72f44aaca19c24be83ab803a5856c175bb35c800bb32fcf043331b375427"
  },
  {
    "coordinate": {
      "index": 0,
      "latitude": 50.1278,
      "longitude": 15.5367
    },
    "handle": 3702267350,
    "identification": "LKPDW",
    "link": "LKPD",
    "name": "LKPD WHISKY",
    "sun": {
      "astronomicalDawn": "2021-01-30T05:01:00Z",
      "astronomicalDusk": "2021-01-30T15:21:00Z",
      "civilDawn": "2021-01-30T05:37:00Z",
      "civilDusk": "2021-01-30T14:46:00Z",
      "date": "2021-01-29T23:00:00Z"
    },
    "thumbprint": "627d025beeecb36faadb438601500f83537f18c3a05047e56b6253189c8e9ca7"
  },
  {
    "coordinate": {
      "index": 0,
      "latitude": 50.1392,
      "longitude": 15.7886
    },
    "handle": 2049262861,
    "identification": "LKPDN",
    "link": "LKPD",
    "name": "LKPD NOVEMBER",
    "sun": {
      "astronomicalDawn": "2021-01-30T05:00:00Z",
      "astronomicalDusk": "2021-01-30T15:20:00Z",
      "civilDawn": "2021-01-30T05:36:00Z",
      "civilDusk": "2021-01-30T14:45:00Z",
      "date": "2021-01-29T23:00:00Z"
    },
    "thumbprint": "82589fa3628804700cf3cc5bf79cbc6f4acd4d197620f16fdbdb3c4dbc03dbeb"
  },
  {
    "coordinate": {
      "index": 0,
      "latitude": 49.995,
      "longitude": 16.1092
    },
    "handle": 1528510742,
    "identification": "LKPDE",
    "link": "LKPD",
    "name": "LKPD ECHO",
    "sun": {
      "astronomicalDawn": "2021-01-30T04:59:00Z",
      "astronomicalDusk": "2021-01-30T15:19:00Z",
      "civilDawn": "2021-01-30T05:34:00Z",
      "civilDusk": "2021-01-30T14:44:00Z",
      "date": "2021-01-29T23:00:00Z"
    },
    "thumbprint": "67e3597353ed560a30fc749978405a0700883daf66809211245c1a8172e691b3"
  },
  {
    "coordinate": {
      "index": 0,
      "latitude": 50.1025,
      "longitude": 15.8569
    },
    "handle": 2512386973,
    "identification": "LKPDD",
    "link": "LKPD",
    "name": "LKPD DELTA",
    "sun": {
      "astronomicalDawn": "2021-01-30T05:00:00Z",
      "astronomicalDusk": "2021-01-30T15:20:00Z",
      "civilDawn": "2021-01-30T05:35:00Z",
      "civilDusk": "2021-01-30T14:45:00Z",
      "date": "2021-01-29T23:00:00Z"
    },
    "thumbprint": "e0bc4b3c0ee8a75ddc8430cdaaf2481ed9f2179dcdade4360bcd1d00ab2e5b68"
  },
  {
    "coordinate": {
      "index": 0,
      "latitude": 50.1156,
      "longitude": 15.6528
    },
    "handle": 2650607659,
    "identification": "LKPDC",
    "link": "LKPD",
    "name": "LKPD CHARLIE",
    "sun": {
      "astronomicalDawn": "2021-01-30T05:01:00Z",
      "astronomicalDusk": "2021-01-30T15:21:00Z",
      "civilDawn": "2021-01-30T05:36:00Z",
      "civilDusk": "2021-01-30T14:46:00Z",
      "date": "2021-01-29T23:00:00Z"
    },
    "thumbprint": "0e587249a4d1f60de45e528800886ebdece9c36f037bae09a59baee0bd322cad"
  },
  {
    "coordinate": {
      "index": 0,
      "latitude": 49.9742,
      "longitude": 15.8703
    },
    "handle": 2850224242,
    "identification": "LKPDB",
    "link": "LKPD",
    "name": "LKPD BRAVO",
    "sun": {
      "astronomicalDawn": "2021-01-30T05:00:00Z",
      "astronomicalDusk": "2021-01-30T15:20:00Z",
      "civilDawn": "2021-01-30T05:35:00Z",
      "civilDusk": "2021-01-30T14:45:00Z",
      "date": "2021-01-29T23:00:00Z"
    },
    "thumbprint": "18fed5dd131584a3ea6d09a21d6edc4f2d0ffce3ef0a56ed91f2cf790042345c"
  },
  {
    "coordinate": {
      "index": 0,
      "latitude": 49.9753,
      "longitude": 15.6431
    },
    "handle": 1450989525,
    "identification": "LKPDA",
    "link": "LKPD",
    "name": "LKPD ALFA",
    "sun": {
      "astronomicalDawn": "2021-01-30T05:01:00Z",
      "astronomicalDusk": "2021-01-30T15:21:00Z",
      "civilDawn": "2021-01-30T05:36:00Z",
      "civilDusk": "2021-01-30T14:46:00Z",
      "date": "2021-01-29T23:00:00Z"
    },
    "thumbprint": "cef6e1f162dbbb35d70c731b409020a0b70b606c55e700f91ba73577648c84f3"
  },
  {
    "coordinate": {
      "index": 0,
      "latitude": 49.1064,
      "longitude": 17.3153
    },
    "handle": 4027476663,
    "identification": "LKKUW",
    "link": "LKKU",
    "name": "LKKU WHISKY",
    "sun": {
      "astronomicalDawn": "2021-01-30T04:52:00Z",
      "astronomicalDusk": "2021-01-30T15:17:00Z",
      "civilDawn": "2021-01-30T05:26:00Z",
      "civilDusk": "2021-01-30T14:42:00Z",
      "date": "2021-01-29T23:00:00Z"
    },
    "thumbprint": "9dd33e695c0bb5a8a6c850977773c6e2c4d189f997b726557194f96a31e71354"
  },
  {
    "coordinate": {
      "index": 0,
      "latitude": 48.9742,
      "longitude": 17.2681
    },
    "handle": 637564772,
    "identification": "LKKUS",
    "link": "LKKU",
    "name": "LKKU SIERRA",
    "sun": {
      "astronomicalDawn": "2021-01-30T04:52:00Z",
      "astronomicalDusk": "2021-01-30T15:17:00Z",
      "civilDawn": "2021-01-30T05:26:00Z",
      "civilDusk": "2021-01-30T14:43:00Z",
      "date": "2021-01-29T23:00:00Z"
    },
    "thumbprint": "06d98a4b9156301a29e6d794f12455510a3e24d8297b5b802bf00e19355cb68e"
  },
  {
    "coordinate": {
      "index": 0,
      "latitude": 49.1703,
      "longitude": 17.4725
    },
    "handle": 2524281880,
    "identification": "LKKUN",
    "link": "LKKU",
    "name": "LKKU NOVEMBER",
    "sun": {
      "astronomicalDawn": "2021-01-30T04:51:00Z",
      "astronomicalDusk": "2021-01-30T15:16:00Z",
      "civilDawn": "2021-01-30T05:26:00Z",
      "civilDusk": "2021-01-30T14:41:00Z",
      "date": "2021-01-29T23:00:00Z"
    },
    "thumbprint": "d1b9691e6432dd84be10cc9e5e3bfae49f2df0fe54bd6d6f672518586ee9e627"
  },
  {
    "coordinate": {
      "index": 0,
      "latitude": 49.0231,
      "longitude": 17.6408
    },
    "handle": 2237256876,
    "identification": "LKKUE",
    "link": "LKKU",
    "name": "LKKU ECHO",
    "sun": {
      "astronomicalDawn": "2021-01-30T04:50:00Z",
      "astronomicalDusk": "2021-01-30T15:16:00Z",
      "civilDawn": "2021-01-30T05:25:00Z",
      "civilDusk": "2021-01-30T14:41:00Z",
      "date": "2021-01-29T23:00:00Z"
    },
    "thumbprint": "543b2a87fbb98968a65d2fd12a75dd21171f04091401a1cba289a93670fef7a2"
  },
  {
    "coordinate": {
      "index": 0,
      "latitude": 49.9808,
      "longitude": 14.6061
    },
    "handle": 3883718872,
    "identification": "LKKBR",
    "link": "LKKB",
    "name": "LKKB ROMEO",
    "sun": {
      "astronomicalDawn": "2021-01-30T05:05:00Z",
      "astronomicalDusk": "2021-01-30T15:26:00Z",
      "civilDawn": "2021-01-30T05:40:00Z",
      "civilDusk": "2021-01-30T14:50:00Z",
      "date": "2021-01-29T23:00:00Z"
    },
    "thumbprint": "cd36b49156d49afd6a4afd95d6391856449456bc58b4ce9a91de838ca16ff603"
  },
  {
    "coordinate": {
      "index": 0,
      "latitude": 50.0717,
      "longitude": 14.7733
    },
    "handle": 3624557956,
    "identification": "LKKBU",
    "link": "LKKB",
    "name": "LKKB UNIFORM",
    "sun": {
      "astronomicalDawn": "2021-01-30T05:04:00Z",
      "astronomicalDusk": "2021-01-30T15:25:00Z",
      "civilDawn": "2021-01-30T05:40:00Z",
      "civilDusk": "2021-01-30T14:49:00Z",
      "date": "2021-01-29T23:00:00Z"
    },
    "thumbprint": "8231249ffda66a8a589e1e6e10833ad6135db5690fac6a59e62ebc806e7b8917"
  },
  {
    "coordinate": {
      "index": 0,
      "latitude": 50.1772,
      "longitude": 14.8553
    },
    "handle": 277687823,
    "identification": "LKKBL",
    "link": "LKKB",
    "name": "LKKB LIMA",
    "sun": {
      "astronomicalDawn": "2021-01-30T05:04:00Z",
      "astronomicalDusk": "2021-01-30T15:24:00Z",
      "civilDawn": "2021-01-30T05:40:00Z",
      "civilDusk": "2021-01-30T14:49:00Z",
      "date": "2021-01-29T23:00:00Z"
    },
    "thumbprint": "bad46f26a73902b92e413a78fda1ee6326908c9d49fa8f618ba495ae0d5d1569"
  },
  {
    "coordinate": {
      "index": 0,
      "latitude": 50.2075,
      "longitude": 14.6964
    },
    "handle": 825119803,
    "identification": "LKKBM",
    "link": "LKKB",
    "name": "LKKB MIKE",
    "sun": {
      "astronomicalDawn": "2021-01-30T05:05:00Z",
      "astronomicalDusk": "2021-01-30T15:25:00Z",
      "civilDawn": "2021-01-30T05:40:00Z",
      "civilDusk": "2021-01-30T14:49:00Z",
      "date": "2021-01-29T23:00:00Z"
    },
    "thumbprint": "354d090a9aba75a05a76b3784acae1ae9fe05c6bdb88bea1b0c9a6a3cb7b76cc"
  },
  {
    "coordinate": {
      "index": 0,
      "latitude": 50.1528,
      "longitude": 13.9831
    },
    "handle": 1728178990,
    "identification": "LKPRW",
    "link": "LKPR",
    "name": "LKPR WHISKY",
    "sun": {
      "astronomicalDawn": "2021-01-30T05:08:00Z",
      "astronomicalDusk": "2021-01-30T15:28:00Z",
      "civilDawn": "2021-01-30T05:43:00Z",
      "civilDusk": "2021-01-30T14:52:00Z",
      "date": "2021-01-29T23:00:00Z"
    },
    "thumbprint": "f2df985f54d38a1e075500eae6dac5a63697eef55992cdc70eac2d1d2b990a83"
  },
  {
    "coordinate": {
      "index": 0,
      "latitude": 50.0497,
      "longitude": 14.2728
    },
    "handle": 1721447332,
    "identification": "LKPRT",
    "link": "LKPR",
    "name": "LKPR TANGO",
    "sun": {
      "astronomicalDawn": "2021-01-30T05:06:00Z",
      "astronomicalDusk": "2021-01-30T15:27:00Z",
      "civilDawn": "2021-01-30T05:42:00Z",
      "civilDusk": "2021-01-30T14:51:00Z",
      "date": "2021-01-29T23:00:00Z"
    },
    "thumbprint": "58a8ba9fa5eb4178c3e3e38bbb7e7dbfdd8fa54572e91f857b39c4313cdbf8a0"
  },
  {
    "coordinate": {
      "index": 0,
      "latitude": 49.9617,
      "longitude": 14.0828
    },
    "handle": 3691260638,
    "identification": "LKPRS",
    "link": "LKPR",
    "name": "LKPR SIERRA",
    "sun": {
      "astronomicalDawn": "2021-01-30T05:07:00Z",
      "astronomicalDusk": "2021-01-30T15:28:00Z",
      "civilDawn": "2021-01-30T05:42:00Z",
      "civilDusk": "2021-01-30T14:52:00Z",
      "date": "2021-01-29T23:00:00Z"
    },
    "thumbprint": "d262f3c62803dd26a9700ea41aa018a39de64700e069ecb0b51ef5e4a00a4a75"
  },
  {
    "coordinate": {
      "index": 0,
      "latitude": 50.2683,
      "longitude": 14.2392
    },
    "handle": 872389848,
    "identification": "LKPRN",
    "link": "LKPR",
    "name": "LKPR NOVEMBER",
    "sun": {
      "astronomicalDawn": "2021-01-30T05:07:00Z",
      "astronomicalDusk": "2021-01-30T15:26:00Z",
      "civilDawn": "2021-01-30T05:42:00Z",
      "civilDusk": "2021-01-30T14:51:00Z",
      "date": "2021-01-29T23:00:00Z"
    },
    "thumbprint": "5d26e21ed33b9af725eb537b82719be0a4df339a1e2dd042b004421baa18f715"
  },
  {
    "coordinate": {
      "index": 0,
      "latitude": 50.1883,
      "longitude": 14.0411
    },
    "handle": 2770884933,
    "identification": "LKPRC",
    "link": "LKPR",
    "name": "LKPR CHARLIE",
    "sun": {
      "astronomicalDawn": "2021-01-30T05:07:00Z",
      "astronomicalDusk": "2021-01-30T15:27:00Z",
      "civilDawn": "2021-01-30T05:43:00Z",
      "civilDusk": "2021-01-30T14:52:00Z",
      "date": "2021-01-29T23:00:00Z"
    },
    "thumbprint": "ab3555861e0fb9f660b85d00637fe20d261b8fa5ce4583c0e861e21637811c81"
  },
  {
    "coordinate": {
      "index": 0,
      "latitude": 49.9861,
      "longitude": 14.3614
    },
    "handle": 2364648790,
    "identification": "LKPRE",
    "link": "LKPR",
    "name": "LKPR ECHO",
    "sun": {
      "astronomicalDawn": "2021-01-30T05:06:00Z",
      "astronomicalDusk": "2021-01-30T15:26:00Z",
      "civilDawn": "2021-01-30T05:41:00Z",
      "civilDusk": "2021-01-30T14:51:00Z",
      "date": "2021-01-29T23:00:00Z"
    },
    "thumbprint": "25bdfdf272f0fe1b6f83402af554af2e8f4a35b5cfd6a4e11fe2dac68470e7d3"
  },
  {
    "coordinate": {
      "index": 0,
      "latitude": 50.1878,
      "longitude": 14.1858
    },
    "handle": 192147176,
    "identification": "LKPRB",
    "link": "LKPR",
    "name": "LKPR BRAVO",
    "sun": {
      "astronomicalDawn": "2021-01-30T05:07:00Z",
      "astronomicalDusk": "2021-01-30T15:27:00Z",
      "civilDawn": "2021-01-30T05:42:00Z",
      "civilDusk": "2021-01-30T14:51:00Z",
      "date": "2021-01-29T23:00:00Z"
    },
    "thumbprint": "bd27198657da86faf207ecaafa762ad0f932872981ff6955ba3b3e8475e8339e"
  },
  {
    "coordinate": {
      "index": 0,
      "latitude": 50.1381,
      "longitude": 14.2439
    },
    "handle": 1191179236,
    "identification": "LKPRA",
    "link": "LKPR",
    "name": "LKPR ALFA",
    "sun": {
      "astronomicalDawn": "2021-01-30T05:07:00Z",
      "astronomicalDusk": "2021-01-30T15:27:00Z",
      "civilDawn": "2021-01-30T05:42:00Z",
      "civilDusk": "2021-01-30T14:51:00Z",
      "date": "2021-01-29T23:00:00Z"
    },
    "thumbprint": "0c08901b98d87f4a8ff57426f2e6c14081468730d1ce24d3f08d762fb945f69f"
  },
  {
    "coordinate": {
      "index": 0,
      "latitude": 49.7492,
      "longitude": 17.8719
    },
    "handle": 504796840,
    "identification": "LKMTW",
    "link": "LKMT",
    "name": "LKMT WHISKY",
    "sun": {
      "astronomicalDawn": "2021-01-30T04:51:00Z",
      "astronomicalDusk": "2021-01-30T15:13:00Z",
      "civilDawn": "2021-01-30T05:26:00Z",
      "civilDusk": "2021-01-30T14:38:00Z",
      "date": "2021-01-29T23:00:00Z"
    },
    "thumbprint": "9345e6e47077157ad6d1fdbdcacb534f4da4205416803d1eab770b3d006571a1"
  },
  {
    "coordinate": {
      "index": 0,
      "latitude": 49.585,
      "longitude": 17.7997
    },
    "handle": 1815677823,
    "identification": "LKMTT",
    "link": "LKMT",
    "name": "LKMT TANGO",
    "sun": {
      "astronomicalDawn": "2021-01-30T04:51:00Z",
      "astronomicalDusk": "2021-01-30T15:14:00Z",
      "civilDawn": "2021-01-30T05:26:00Z",
      "civilDusk": "2021-01-30T14:39:00Z",
      "date": "2021-01-29T23:00:00Z"
    },
    "thumbprint": "9469985f18f39fb99a1fbd4ed2bf966e3ca4e478b526223e51feac518bb0ba1f"
  },
  {
    "coordinate": {
      "index": 0,
      "latitude": 49.5389,
      "longitude": 18.0236
    },
    "handle": 2758314290,
    "identification": "LKMTS",
    "link": "LKMT",
    "name": "LKMT SIERRA",
    "sun": {
      "astronomicalDawn": "2021-01-30T04:50:00Z",
      "astronomicalDusk": "2021-01-30T15:13:00Z",
      "civilDawn": "2021-01-30T05:25:00Z",
      "civilDusk": "2021-01-30T14:38:00Z",
      "date": "2021-01-29T23:00:00Z"
    },
    "thumbprint": "9bc29e6da10b3c8f4b1588387c2a837762f9ea31802d8474e5baa6167b7cf6cb"
  },
  {
    "coordinate": {
      "index": 0,
      "latitude": 49.8831,
      "longitude": 18.0547
    },
    "handle": 1169090226,
    "identification": "LKMTN",
    "link": "LKMT",
    "name": "LKMT NOVEMBER",
    "sun": {
      "astronomicalDawn": "2021-01-30T04:51:00Z",
      "astronomicalDusk": "2021-01-30T15:12:00Z",
      "civilDawn": "2021-01-30T05:26:00Z",
      "civilDusk": "2021-01-30T14:37:00Z",
      "date": "2021-01-29T23:00:00Z"
    },
    "thumbprint": "183dc8de15c79b91ef04e1a04ed4987e19aaab64077e25b1b6a57272d3bfafa9"
  },
  {
    "coordinate": {
      "index": 0,
      "latitude": 49.7861,
      "longitude": 18.3747
    },
    "handle": 1262183706,
    "identification": "LKMTF",
    "link": "LKMT",
    "name": "LKMT FOXTROT",
    "sun": {
      "astronomicalDawn": "2021-01-30T04:49:00Z",
      "astronomicalDusk": "2021-01-30T15:11:00Z",
      "civilDawn": "2021-01-30T05:24:00Z",
      "civilDusk": "2021-01-30T14:36:00Z",
      "date": "2021-01-29T23:00:00Z"
    },
    "thumbprint": "03af95f6931a31fc919f60c05e50760c333229d3dec896d2be9a7ce75c837f82"
  },
  {
    "coordinate": {
      "index": 0,
      "latitude": 49.6633,
      "longitude": 18.3203
    },
    "handle": 2228394964,
    "identification": "LKMTE",
    "link": "LKMT",
    "name": "LKMT ECHO",
    "sun": {
      "astronomicalDawn": "2021-01-30T04:49:00Z",
      "astronomicalDusk": "2021-01-30T15:11:00Z",
      "civilDawn": "2021-01-30T05:24:00Z",
      "civilDusk": "2021-01-30T14:36:00Z",
      "date": "2021-01-29T23:00:00Z"
    },
    "thumbprint": "e103520279495b15820cec65654d02cd1338f7a21899bd755e4e46eb6924e6a6"
  },
  {
    "coordinate": {
      "index": 0,
      "latitude": 49.7047,
      "longitude": 18.0511
    },
    "handle": 2108341947,
    "identification": "LKMTB",
    "link": "LKMT",
    "name": "LKMT BRAVO",
    "sun": {
      "astronomicalDawn": "2021-01-30T04:50:00Z",
      "astronomicalDusk": "2021-01-30T15:12:00Z",
      "civilDawn": "2021-01-30T05:25:00Z",
      "civilDusk": "2021-01-30T14:37:00Z",
      "date": "2021-01-29T23:00:00Z"
    },
    "thumbprint": "3217853f5a92855f48ed2df2cdd3a1974bffd8651bf1a4216e33a55b2314129a"
  },
  {
    "coordinate": {
      "index": 0,
      "latitude": 49.65,
      "longitude": 18.1411
    },
    "handle": 3592307425,
    "identification": "LKMTA",
    "link": "LKMT",
    "name": "LKMT ALFA",
    "sun": {
      "astronomicalDawn": "2021-01-30T04:50:00Z",
      "astronomicalDusk": "2021-01-30T15:12:00Z",
      "civilDawn": "2021-01-30T05:25:00Z",
      "civilDusk": "2021-01-30T14:37:00Z",
      "date": "2021-01-29T23:00:00Z"
    },
    "thumbprint": "b91eadbcb3e9c5c2b95d6acb1581c6c007544e694308361187fdfd5a3d9181a9"
  },
  {
    "coordinate": {
      "index": 0,
      "latitude": 50.1894,
      "longitude": 12.7581
    },
    "handle": 4273673348,
    "identification": "LKKVW",
    "link": "LKKV",
    "name": "LKKV WHISKY",
    "sun": {
      "astronomicalDawn": "2021-01-30T05:13:00Z",
      "astronomicalDusk": "2021-01-30T15:32:00Z",
      "civilDawn": "2021-01-30T05:48:00Z",
      "civilDusk": "2021-01-30T14:57:00Z",
      "date": "2021-01-29T23:00:00Z"
    },
    "thumbprint": "420c6eeff086c1b15344a3d9eeba43799ef6828904999fc46968e2e8a35ff626"
  },
  {
    "coordinate": {
      "index": 0,
      "latitude": 50.0839,
      "longitude": 12.84
    },
    "handle": 3308748918,
    "identification": "LKKVS",
    "link": "LKKV",
    "name": "LKKV SIERRA",
    "sun": {
      "astronomicalDawn": "2021-01-30T05:12:00Z",
      "astronomicalDusk": "2021-01-30T15:32:00Z",
      "civilDawn": "2021-01-30T05:47:00Z",
      "civilDusk": "2021-01-30T14:57:00Z",
      "date": "2021-01-29T23:00:00Z"
    },
    "thumbprint": "beca07bd907f4b72efd03545d04a79da51d62513cd4a4dbc8bf32b21c5ca6cd9"
  },
  {
    "coordinate": {
      "index": 0,
      "latitude": 50.2817,
      "longitude": 12.9386
    },
    "handle": 4011879393,
    "identification": "LKKVN",
    "link": "LKKV",
    "name": "LKKV NOVEMBER",
    "sun": {
      "astronomicalDawn": "2021-01-30T05:12:00Z",
      "astronomicalDusk": "2021-01-30T15:31:00Z",
      "civilDawn": "2021-01-30T05:48:00Z",
      "civilDusk": "2021-01-30T14:56:00Z",
      "date": "2021-01-29T23:00:00Z"
    },
    "thumbprint": "c0aa66689876a3c96a6782aa00e66aa3ed5eaacd4c9b485f17bd5624401adcb6"
  },
  {
    "coordinate": {
      "index": 0,
      "latitude": 50.0842,
      "longitude": 13.1267
    },
    "handle": 247919859,
    "identification": "LKKVE",
    "link": "LKKV",
    "name": "LKKV ECHO",
    "sun": {
      "astronomicalDawn": "2021-01-30T05:11:00Z",
      "astronomicalDusk": "2021-01-30T15:31:00Z",
      "civilDawn": "2021-01-30T05:46:00Z",
      "civilDusk": "2021-01-30T14:56:00Z",
      "date": "2021-01-29T23:00:00Z"
    },
    "thumbprint": "5139bb98901e2bfe926729ac6bf8260819e6ae64c1297f09e5d14f0bbe4a950e"
  },
  {
    "coordinate": {
      "index": 0,
      "latitude": 50.1708,
      "longitude": 12.8917
    },
    "handle": 1438401872,
    "identification": "LKKVB",
    "link": "LKKV",
    "name": "LKKV BRAVO",
    "sun": {
      "astronomicalDawn": "2021-01-30T05:12:00Z",
      "astronomicalDusk": "2021-01-30T15:32:00Z",
      "civilDawn": "2021-01-30T05:47:00Z",
      "civilDusk": "2021-01-30T14:57:00Z",
      "date": "2021-01-29T23:00:00Z"
    },
    "thumbprint": "2bac5367560d3cb8ccc87f8689ebc68fba7815575429a50714be0974905e3118"
  },
  {
    "coordinate": {
      "index": 0,
      "latitude": 50.2378,
      "longitude": 12.9278
    },
    "handle": 1837332672,
    "identification": "LKKVA",
    "link": "LKKV",
    "name": "LKKV ALFA",
    "sun": {
      "astronomicalDawn": "2021-01-30T05:12:00Z",
      "astronomicalDusk": "2021-01-30T15:32:00Z",
      "civilDawn": "2021-01-30T05:48:00Z",
      "civilDusk": "2021-01-30T14:56:00Z",
      "date": "2021-01-29T23:00:00Z"
    },
    "thumbprint": "631590214e6969074a0b6aba50a2c0712f537b079e6f4a421ddda174b9119a77"
  },
  {
    "coordinate": {
      "index": 0,
      "latitude": 48.9964,
      "longitude": 16.6889
    },
    "handle": 226001826,
    "identification": "LKTBZ",
    "link": "LKTB",
    "name": "LKTB ZULU",
    "sun": {
      "astronomicalDawn": "2021-01-30T04:54:00Z",
      "astronomicalDusk": "2021-01-30T15:19:00Z",
      "civilDawn": "2021-01-30T05:29:00Z",
      "civilDusk": "2021-01-30T14:45:00Z",
      "date": "2021-01-29T23:00:00Z"
    },
    "thumbprint": "963958772a3f94922f729b8283cfa576f312fefcc7067a2d32ec3318d57632e6"
  },
  {
    "coordinate": {
      "index": 0,
      "latitude": 49.1108,
      "longitude": 16.5208
    },
    "handle": 2193948759,
    "identification": "LKTBW",
    "link": "LKTB",
    "name": "LKTB WHISKY",
    "sun": {
      "astronomicalDawn": "2021-01-30T04:55:00Z",
      "astronomicalDusk": "2021-01-30T15:20:00Z",
      "civilDawn": "2021-01-30T05:30:00Z",
      "civilDusk": "2021-01-30T14:45:00Z",
      "date": "2021-01-29T23:00:00Z"
    },
    "thumbprint": "f921cfdf614bcdc03d3fa5bb7c6d1a325a68d9a7eddb147b157a9aeace21d55b"
  },
  {
    "coordinate": {
      "index": 0,
      "latitude": 48.9978,
      "longitude": 16.8622
    },
    "handle": 3541909726,
    "identification": "LKTBS",
    "link": "LKTB",
    "name": "LKTB SIERRA",
    "sun": {
      "astronomicalDawn": "2021-01-30T04:53:00Z",
      "astronomicalDusk": "2021-01-30T15:19:00Z",
      "civilDawn": "2021-01-30T05:28:00Z",
      "civilDusk": "2021-01-30T14:44:00Z",
      "date": "2021-01-29T23:00:00Z"
    },
    "thumbprint": "b9192347a8e5678a7e2f1844f48d10dda477faca2cc0bac176dfb19fe613cd3c"
  },
  {
    "coordinate": {
      "index": 0,
      "latitude": 49.2922,
      "longitude": 16.5603
    },
    "handle": 3940578100,
    "identification": "LKTBN",
    "link": "LKTB",
    "name": "LKTB NOVEMBER",
    "sun": {
      "astronomicalDawn": "2021-01-30T04:55:00Z",
      "astronomicalDusk": "2021-01-30T15:19:00Z",
      "civilDawn": "2021-01-30T05:30:00Z",
      "civilDusk": "2021-01-30T14:45:00Z",
      "date": "2021-01-29T23:00:00Z"
    },
    "thumbprint": "8ea9c0a91769b89d2df4e8cc19de08f373061ebb4c0b01282f13c26652962857"
  },
  {
    "coordinate": {
      "index": 0,
      "latitude": 49.2036,
      "longitude": 16.8861
    },
    "handle": 3846094,
    "identification": "LKTBE",
    "link": "LKTB",
    "name": "LKTB ECHO",
    "sun": {
      "astronomicalDawn": "2021-01-30T04:54:00Z",
      "astronomicalDusk": "2021-01-30T15:18:00Z",
      "civilDawn": "2021-01-30T05:28:00Z",
      "civilDusk": "2021-01-30T14:44:00Z",
      "date": "2021-01-29T23:00:00Z"
    },
    "thumbprint": "b8a3327505a002071f5ee90b7577915624c942edeaf91a9b05a8b122a39d9182"
  },
  {
    "coordinate": {
      "index": 0,
      "latitude": 49.1817,
      "longitude": 16.7125
    },
    "handle": 449300123,
    "identification": "LKTBB",
    "link": "LKTB",
    "name": "LKTB BRAVO",
    "sun": {
      "astronomicalDawn": "2021-01-30T04:54:00Z",
      "astronomicalDusk": "2021-01-30T15:19:00Z",
      "civilDawn": "2021-01-30T05:29:00Z",
      "civilDusk": "2021-01-30T14:44:00Z",
      "date": "2021-01-29T23:00:00Z"
    },
    "thumbprint": "b1be2eb0abf9a3a9e999abf4ffb20dce71a07ba8b316fdeb77cdd86be17cafbb"
  },
  {
    "coordinate": {
      "index": 0,
      "latitude": 49.1175,
      "longitude": 16.7033
    },
    "handle": 3192835557,
    "identification": "LKTBA",
    "link": "LKTB",
    "name": "LKTB ALFA",
    "sun": {
      "astronomicalDawn": "2021-01-30T04:54:00Z",
      "astronomicalDusk": "2021-01-30T15:19:00Z",
      "civilDawn": "2021-01-30T05:29:00Z",
      "civilDusk": "2021-01-30T14:45:00Z",
      "date": "2021-01-29T23:00:00Z"
    },
    "thumbprint": "c899586785195a24cc21062bae81ab9a0c8494f90af689c061ba8b4af4909353"
  }
]