[
  {
    "coordinate": {
      "index": 0,
      "latitude": 49.93,
      "longitude": 15.2335
    },
    "handle": 2456807290,
    "identification": "LKCVA",
    "link": "LKCV",
    "name": "LKCV ALFA",
    "sun": {
      "astronomicalDawn": "2021-01-26T05:07:00Z",
      "astronomicalDusk": "2021-01-26T15:17:00Z",
      "civilDawn": "2021-01-26T05:42:00Z",
      "civilDusk": "2021-01-26T14:41:00Z",
      "date": "2021-01-25T23:00:00Z"
    },
    "thumbprint": "8f0b7eea0ad5e77c9c2b06c834e24d6c28d9481070a01cec7235e710d5875b46"
  },
  {
    "coordinate": {
      "index": 0,
      "latitude": 49.9014,
      "longitude": 15.9358
    },
    "handle": 1572921757,
    "identification": "LKPDS",
    "link": "LKPD",
    "name": "LKPD SIERRA",
    "sun": {
      "astronomicalDawn": "2021-01-26T05:04:00Z",
      "astronomicalDusk": "2021-01-26T15:14:00Z",
      "civilDawn": "2021-01-26T05:39:00Z",
      "civilDusk": "2021-01-26T14:39:00Z",
      "date": "2021-01-25T23:00:00Z"
    },
    "thumbprint": "9dc380ec44459d5ef7cb34b9d5c29735974c4dc4a42b98014538572e4bdb6eec"
  },
  {
    "coordinate": {
      "index": 0,
      "latitude": 49.1939,
      "longitude": 16.22
    },
    "handle": 3553128677,
    "identification": "LKNAB",
    "link": "LKNA",
    "name": "LKNA BRAVO",
    "sun": {
      "astronomicalDawn": "2021-01-26T05:01:00Z",
      "astronomicalDusk": "2021-01-26T15:15:00Z",
      "civilDawn": "2021-01-26T05:36:00Z",
      "civilDusk": "2021-01-26T14:40:00Z",
      "date": "2021-01-25T23:00:00Z"
    },
    "thumbprint": "9987d9de1e443e7123a57ec51e8746a11d057a379d3673f3bb67ef418db22288"
  },
  {
    "coordinate": {
      "index": 0,
      "latitude": 49.1397,
      "longitude": 16.0625
    },
    "handle": 3093904582,
    "identification": "LKNAA",
    "link": "LKNA",
    "name": "LKNA ALFA",
    "sun": {
      "astronomicalDawn": "2021-01-26T05:01:00Z",
      "astronomicalDusk": "2021-01-26T15:16:00Z",
      "civilDawn": "2021-01-26T05:36:00Z",
      "civilDusk": "2021-01-26T14:41:00Z",
      "date": "2021-01-25T23:00:00Z"
    },
    "thumbprint": "3ae3c467d6bf8a92794e94b6a5444592eaf0ae3f2dfdb6871a884f05be3cb88c"
  },
  {
    "coordinate": {
      "index": 0,
      "latitude": 49.8627,
      "longitude": 15.0666
    },
    "handle": 1028514831,
    "identification": "LKCVJ",
    "link": "LKCV",
    "name": "LKCV JANO",
    "sun": {
      "astronomicalDawn": "2021-01-26T05:07:00Z",
      "astronomicalDusk": "2021-01-26T15:18:00Z",
      "civilDawn": "2021-01-26T05:43:00Z",
      "civilDusk": "2021-01-26T14:42:00Z",
      "date": "2021-01-25T23:00:00Z"
    },
    "thumbprint": "04529e180fe6edf856de882598301dfa44a537f6969e571dc070b450ffc301d8"
  },
  {
    "coordinate": {
      "index": 0,
      "latitude": 50.1653,
      "longitude": 15.795
    },
    "handle": 3470393865,
    "identification": "LKHKO",
    "link": "LKHK",
    "name": "LKHK OPAT",
    "sun": {
      "astronomicalDawn": "2021-01-26T05:05:00Z",
      "astronomicalDusk": "2021-01-26T15:14:00Z",
      "civilDawn": "2021-01-26T05:41:00Z",
      "civilDusk": "2021-01-26T14:38:00Z",
      "date": "2021-01-25T23:00:00Z"
    },
    "thumbprint": "b697809f073c8028180c8776f0a3e93a839053b2d47098c082f7ea0ce8413afd"
  },
  {
    "coordinate": {
      "index": 0,
      "latitude": 50.3333,
      "longitude": 15.7242
    },
    "handle": 4167527803,
    "identification": "LKHKE",
    "link": "LKHK",
    "name": "LKHK CEPRO",
    "sun": {
      "astronomicalDawn": "2021-01-26T05:06:00Z",
      "astronomicalDusk": "2021-01-26T15:14:00Z",
      "civilDawn": "2021-01-26T05:42:00Z",
      "civilDusk": "2021-01-26T14:38:00Z",
      "date": "2021-01-25T23:00:00Z"
    },
    "thumbprint": "7fd738f2ead6978d04948c5b4a0218dd0a24d19ac61d1e99cd681d416185ad36"
  },
  {
    "coordinate": {
      "index": 0,
      "latitude": 50.2631,
      "longitude": 15.9322
    },
    "handle": 3052401994,
    "identification": "LKHKC",
    "link": "LKHK",
    "name": "LKHK CELOV",
    "sun": {
      "astronomicalDawn": "2021-01-26T05:05:00Z",
      "astronomicalDusk": "2021-01-26T15:13:00Z",
      "civilDawn": "2021-01-26T05:41:00Z",
      "civilDusk": "2021-01-26T14:37:00Z",
      "date": "2021-01-25T23:00:00Z"
    },
    "thumbprint": "238980bc67082faf2f71db04860447ba5f93f8135cc2afe37a983963d833451f"
  },
  {
    "coordinate": {
      "index": 0,
      "latitude": 49.2222,
      "longitude": 16.2931
    },
    "handle": 2410107939,
    "identification": "LKNAZ",
    "link": "LKNA",
    "name": "LKNA ZULU",
    "sun": {
      "astronomicalDawn": "2021-01-26T05:01:00Z",
      "astronomicalDusk": "2021-01-26T15:14:00Z",
      "civilDawn": "2021-01-26T05:36:00Z",
      "civilDusk": "2021-01-26T14:39:00Z",
      "date": "2021-01-25T23:00:00Z"
    },
    "thumbprint": "0a750447d6d3866f78c4f145ea5b6e30f447c6b35b719a93f40b8d07cc79b4d7"
  },
  {
    "coordinate": {
      "index": 0,
      "latitude": 49.17,
      "longitude": 15.925
    },
    "handle": 2026485513,
    "identification": "LKNAW",
    "link": "LKNA",
    "name": "LKNA WHISKY",
    "sun": {
      "astronomicalDawn": "2021-01-26T05:02:00Z",
      "astronomicalDusk": "2021-01-26T15:16:00Z",
      "civilDawn": "2021-01-26T05:37:00Z",
      "civilDusk": "2021-01-26T14:41:00Z",
      "date": "2021-01-25T23:00:00Z"
    },
    "thumbprint": "0c94c46d0daca59ffe41988b56daa6f4e0bc569c232b2d18aca2df004b84f648"
  },
  {
    "coordinate": {
      "index": 0,
      "latitude": 49.0331,
      "longitude": 16.1075
    },
    "handle": 869466193,
    "identification": "LKNAS",
    "link": "LKNA",
    "name": "LKNA SIERRA",
    "sun": {
      "astronomicalDawn": "2021-01-26T05:01:00Z",
      "astronomicalDusk": "2021-01-26T15:16:00Z",
      "civilDawn": "2021-01-26T05:36:00Z",
      "civilDusk": "2021-01-26T14:41:00Z",
      "date": "2021-01-25T23:00:00Z"
    },
    "thumbprint": "e0f53662e1d440d5a01cdba78f471d5605fbf2d3df3df0c86695dbca58026646"
  },
  {
    "coordinate": {
      "index": 0,
      "latitude": 49.0831,
      "longitude": 16.4356
    },
    "handle": 4188309425,
    "identification": "LKNAE",
    "link": "LKNA",
    "name": "LKNA ECHO",
    "sun": {
      "astronomicalDawn": "2021-01-26T05:00:00Z",
      "astronomicalDusk": "2021-01-26T15:14:00Z",
      "civilDawn": "2021-01-26T05:35:00Z",
      "civilDusk": "2021-01-26T14:39:00Z",
      "date": "2021-01-25T23:00:00Z"
    },
    "thumbprint": "898d2c0ed2add844dc637af2c2123458c670dc3d42227df7eff59b4425a10f12"
  },
  {
    "coordinate": {
      "index": 0,
      "latitude": 49.3031,
      "longitude": 16.0619
    },
    "handle": 884391203,
    "identification": "LKNAN",
    "link": "LKNA",
    "name": "LKNA NOVEMBER",
    "sun": {
      "astronomicalDawn": "2021-01-26T05:02:00Z",
      "astronomicalDusk": "2021-01-26T15:15:00Z",
      "civilDawn": "2021-01-26T05:37:00Z",
      "civilDusk": "2021-01-26T14:40:00Z",
      "date": "2021-01-25T23:00:00Z"
    },
    "thumbprint": "da3fd30830e9af4de00aa1ce242d0c7269d4ae9eecdb75d978c45d8f56d570d8"
  },
  {
    "coordinate": {
      "index": 0,
      "latitude": 50.1392,
      "longitude": 15.2919
    },
    "handle": 2963015888,
    "identification": "LKCVZ",
    "link": "LKCV",
    "name": "LKCV ZEHU",
    "sun": {
      "astronomicalDawn": "2021-01-26T05:07:00Z",
      "astronomicalDusk": "2021-01-26T15:16:00Z",
      "civilDawn": "2021-01-26T05:43:00Z",
      "civilDusk": "2021-01-26T14:40:00Z",
      "date": "2021-01-25T23:00:00Z"
    },
    "thumbprint": "5aabcb8cb8df9558dd153fc59214531dd7712f0cd7ea582a85738b1364537b58"
  },
  {
    "coordinate": {
      "index": 0,
      "latitude": 49.8972,
      "longitude": 15.6406
    },
    "handle": 2418298487,
    "identification": "LKCVX",
    "link": "LKCV",
    "name": "LKCV XRAY",
    "sun": {
      "astronomicalDawn": "2021-01-26T05:05:00Z",
      "astronomicalDusk": "2021-01-26T15:15:00Z",
      "civilDawn": "2021-01-26T05:41:00Z",
      "civilDusk": "2021-01-26T14:40:00Z",
      "date": "2021-01-25T23:00:00Z"
    },
    "thumbprint": "a354cd567a89f2e530df3ec32a296b3d95e1083bafc5f4d5179f4f6ddee0298b"
  },
  {
    "coordinate": {
      "index": 0,
      "latitude": 49.7867,
      "longitude": 15.8186
    },
    "handle": 3185463965,
    "identification": "LKCVT",
    "link": "LKCV",
    "name": "LKCV TRHO",
    "sun": {
      "astronomicalDawn": "2021-01-26T05:04:00Z",
      "astronomicalDusk": "2021-01-26T15:15:00Z",
      "civilDawn": "2021-01-26T05:39:00Z",
      "civilDusk": "2021-01-26T14:39:00Z",
      "date": "2021-01-25T23:00:00Z"
    },
    "thumbprint": "ccb739bd1fd77de4ea45e2604f5c618e1306805ce50cbc62c809285196109d4d"
  },
  {
    "coordinate": {
      "index": 0,
      "latitude": 49.6793,
      "longitude": 15.5696
    },
    "handle": 1453454102,
    "identification": "LKCVS",
    "link": "LKCV",
    "name": "LKCV SUKAV",
    "sun": {
      "astronomicalDawn": "2021-01-26T05:05:00Z",
      "astronomicalDusk": "2021-01-26T15:16:00Z",
      "civilDawn": "2021-01-26T05:40:00Z",
      "civilDusk": "2021-01-26T14:41:00Z",
      "date": "2021-01-25T23:00:00Z"
    },
    "thumbprint": "50a0b19130bb71a55f472621ce9b795e076097c2ede54b583a717dc8a40717f6"
  },
  {
    "coordinate": {
      "index": 0,
      "latitude": 50.0514,
      "longitude": 15.0331
    },
    "handle": 1548059992,
    "identification": "LKCVP",
    "link": "LKCV",
    "name": "LKCV PLAN",
    "sun": {
      "astronomicalDawn": "2021-01-26T05:08:00Z",
      "astronomicalDusk": "2021-01-26T15:17:00Z",
      "civilDawn": "2021-01-26T05:44:00Z",
      "civilDusk": "2021-01-26T14:42:00Z",
      "date": "2021-01-25T23:00:00Z"
    },
    "thumbprint": "1d29cd729d051079bb7497ddb571d538898970c21876a5f9952599e1a8614573"
  },
  {
    "coordinate": {
      "index": 0,
      "latitude": 50.0335,
      "longitude": 15.4069
    },
    "handle": 4018783113,
    "identification": "LKCVC",
    "link": "LKCV",
    "name": "LKCV CHARLIE",
    "sun": {
      "astronomicalDawn": "2021-01-26T05:06:00Z",
      "astronomicalDusk": "2021-01-26T15:16:00Z",
      "civilDawn": "2021-01-26T05:42:00Z",
      "civilDusk": "2021-01-26T14:40:00Z",
      "date": "2021-01-25T23:00:00Z"
    },
    "thumbprint": "8d29bd28f24959fb7158a43d926ccce6656676f4becaa732e9520210a9f16b29"
  },
  {
    "coordinate": {
      "index": 0,
      "latitude": 49.7613,
      "longitude": 15.3044
    },
    "handle": 3243914458,
    "identification": "LKCVE",
    "link": "LKCV",
    "name": "LKCV EKNEV",
    "sun": {
      "astronomicalDawn": "2021-01-26T05:06:00Z",
      "astronomicalDusk": "2021-01-26T15:17:00Z",
      "civilDawn": "2021-01-26T05:41:00Z",
      "civilDusk": "2021-01-26T14:42:00Z",
      "date": "2021-01-25T23:00:00Z"
    },
    "thumbprint": "5a9084db7ed0988c35f30c122d3db29c74ee01de9bcc82ffd2bc7d79ad148eef"
  },
  {
    "coordinate": {
      "index": 0,
      "latitude": 49.9553,
      "longitude": 15.5188
    },
    "handle": 2871258798,
    "identification": "LKCVD",
    "link": "LKCV",
    "name": "LKCV DELTA",
    "sun": {
      "astronomicalDawn": "2021-01-26T05:06:00Z",
      "astronomicalDusk": "2021-01-26T15:16:00Z",
      "civilDawn": "2021-01-26T05:41:00Z",
      "civilDusk": "2021-01-26T14:40:00Z",
      "date": "2021-01-25T23:00:00Z"
    },
    "thumbprint": "4000b695b48a309c0eca369b4b5aa2039ccd493cabede87de4c43b6c898671d7"
  },
  {
    "coordinate": {
      "index": 0,
      "latitude": 49.8519,
      "longitude": 15.3456
    },
    "handle": 1513823458,
    "identification": "LKCVB",
    "link": "LKCV",
    "name": "LKCV BRAVO",
    "sun": {
      "astronomicalDawn": "2021-01-26T05:06:00Z",
      "astronomicalDusk": "2021-01-26T15:17:00Z",
      "civilDawn": "2021-01-26T05:42:00Z",
      "civilDusk": "2021-01-26T14:41:00Z",
      "date": "2021-01-25T23:00:00Z"
    },
    "thumbprint": "87f89785d2e4d728700824fd3ddf3748d10390cea270285256a36cfcf1ba7fed"
  },
  {
    "coordinate": {
      "index": 0,
      "latitude": 49.8972,
      "longitude": 15.6406
    },
    "handle": 3706961047,
    "identification": "LKPDX",
    "link": "LKPD",
    "name": "LKPD XRAY",
    "sun": {
      "astronomicalDawn": "2021-01-26T05:05:00Z",
      "astronomicalDusk": "2021-01-26T15:15:00Z",
      "civilDawn": "2021-01-26T05:41:00Z",
      "civilDusk": "2021-01-26T14:40:00Z",
      "date": "2021-01-25T23:00:00Z"
    },
    "thumbprint": "35dd158099100b20fea4c07695b71ef41bd4decc30dbe534c539f6e14f3a3b3c"
  },
  {
    "coordinate": {
      "index": 0,
      "latitude": 50.1278,
      "longitude": 15.5367
    },
    "handle": 3915299582,
    "identification": "LKPDW",
    "link": "LKPD",
    "name": "LKPD WHISKY",
    "sun": {
      "astronomicalDawn": "2021-01-26T05:06:00Z",
      "astronomicalDusk": "2021-01-26T15:15:00Z",
      "civilDawn": "2021-01-26T05:42:00Z",
      "civilDusk": "2021-01-26T14:39:00Z",
      "date": "2021-01-25T23:00:00Z"
    },
    "thumbprint": "773ca9c4025f7f1d5c6cb50a2257ba0288c4fe9e87753ed6d24ce451e8e9c5bc"
  },
  {
    "coordinate": {
      "index": 0,
      "latitude": 50.1392,
      "longitude": 15.7886
    },
    "handle": 562087006,
    "identification": "LKPDN",
    "link": "LKPD",
    "name": "LKPD NOVEMBER",
    "sun": {
      "astronomicalDawn": "2021-01-26T05:05:00Z",
      "astronomicalDusk": "2021-01-26T15:14:00Z",
      "civilDawn": "2021-01-26T05:41:00Z",
      "civilDusk": "2021-01-26T14:38:00Z",
      "date": "2021-01-25T23:00:00Z"
    },
    "thumbprint": "ee49223ed1728cf2b57dc83b0ef78200bc450f50e72913f171109adbd3d84e42"
  },
  {
    "coordinate": {
      "index": 0,
      "latitude": 49.995,
      "longitude": 16.1092
    },
    "handle": 40766943,
    "identification": "LKPDE",
    "link": "LKPD",
    "name": "LKPD ECHO",
    "sun": {
      "astronomicalDawn": "2021-01-26T05:03:00Z",
      "astronomicalDusk": "2021-01-26T15:13:00Z",
      "civilDawn": "2021-01-26T05:39:00Z",
      "civilDusk": "2021-01-26T14:38:00Z",
      "date": "2021-01-25T23:00:00Z"
    },
    "thumbprint": "37679a095de0f87b7b31644e6d468a2959f309ce09c354586d6c1ee8afeef3e4"
  },
  {
    "coordinate": {
      "index": 0,
      "latitude": 50.1025,
      "longitude": 15.8569
    },
    "handle": 2007836360,
    "identification": "LKPDD",
    "link": "LKPD",
    "name": "LKPD DELTA",
    "sun": {
      "astronomicalDawn": "2021-01-26T05:05:00Z",
      "astronomicalDusk": "2021-01-26T15:14:00Z",
      "civilDawn": "2021-01-26T05:40:00Z",
      "civilDusk": "2021-01-26T14:38:00Z",
      "date": "2021-01-25T23:00:00Z"
    },
    "thumbprint": "0554c88485b086143d2dfdb0bf5736f773c263a43a5bb0221e6cc8a04e3b7903"
  },
  {
    "coordinate": {
      "index": 0,
      "latitude": 50.1156,
      "longitude": 15.6528
    },
    "handle": 1079351278,
    "identification": "LKPDC",
    "link": "LKPD",
    "name": "LKPD CHARLIE",
    "sun": {
      "astronomicalDawn": "2021-01-26T05:05:00Z",
      "astronomicalDusk": "2021-01-26T15:15:00Z",
      "civilDawn": "2021-01-26T05:41:00Z",
      "civilDusk": "2021-01-26T14:39:00Z",
      "date": "2021-01-25T23:00:00Z"
    },
    "thumbprint": "a7a2a671bc84417df061e3757c4a9e675c12b65462ec974d4d2c8be3c6db2940"
  },
  {
    "coordinate": {
      "index": 0,
      "latitude": 49.9742,
      "longitude": 15.8703
    },
    "handle": 2632131156,
    "identification": "LKPDB",
    "link": "LKPD",
    "name": "LKPD BRAVO",
    "sun": {
      "astronomicalDawn": "2021-01-26T05:04:00Z",
      "astronomicalDusk": "2021-01-26T15:14:00Z",
      "civilDawn": "2021-01-26T05:40:00Z",
      "civilDusk": "2021-01-26T14:39:00Z",
      "date": "2021-01-25T23:00:00Z"
    },
    "thumbprint": "990e133a21dfe68ec2b8a91ca1272bd9bf913a2cea618673767aa3fc130afba0"
  },
  {
    "coordinate": {
      "index": 0,
      "latitude": 49.9753,
      "longitude": 15.6431
    },
    "handle": 3378210591,
    "identification": "LKPDA",
    "link": "LKPD",
    "name": "LKPD ALFA",
    "sun": {
      "astronomicalDawn": "2021-01-26T05:05:00Z",
      "astronomicalDusk": "2021-01-26T15:15:00Z",
      "civilDawn": "2021-01-26T05:41:00Z",
      "civilDusk": "2021-01-26T14:39:00Z",
      "date": "2021-01-25T23:00:00Z"
    },
    "thumbprint": "3690e57deb9b4dcc18d69451785761ad0a44d8cdee1b3017f62868b6c1827091"
  },
  {
    "coordinate": {
      "index": 0,
      "latitude": 49.1064,
      "longitude": 17.3153
    },
    "handle": 484268384,
    "identification": "LKKUW",
    "link": "LKKU",
    "name": "LKKU WHISKY",
    "sun": {
      "astronomicalDawn": "2021-01-26T04:56:00Z",
      "astronomicalDusk": "2021-01-26T15:11:00Z",
      "civilDawn": "2021-01-26T05:31:00Z",
      "civilDusk": "2021-01-26T14:36:00Z",
      "date": "2021-01-25T23:00:00Z"
    },
    "thumbprint": "a522e26abb41e2d18121c070fae7f53f0c8da83f5dad314361d98cfb5977ba6c"
  },
  {
    "coordinate": {
      "index": 0,
      "latitude": 48.9742,
      "longitude": 17.2681
    },
    "handle": 2549129763,
    "identification": "LKKUS",
    "link": "LKKU",
    "name": "LKKU SIERRA",
    "sun": {
      "astronomicalDawn": "2021-01-26T04:56:00Z",
      "astronomicalDusk": "2021-01-26T15:11:00Z",
      "civilDawn": "2021-01-26T05:31:00Z",
      "civilDusk": "2021-01-26T14:36:00Z",
      "date": "2021-01-25T23:00:00Z"
    },
    "thumbprint": "6215a83f919a26301f222572e6fb8c35c4c4d8bef9f96850b42ccb9ff2d5e875"
  },
  {
    "coordinate": {
      "index": 0,
      "latitude": 49.1703,
      "longitude": 17.4725
    },
    "handle": 92310245,
    "identification": "LKKUN",
    "link": "LKKU",
    "name": "LKKU NOVEMBER",
    "sun": {
      "astronomicalDawn": "2021-01-26T04:56:00Z",
      "astronomicalDusk": "2021-01-26T15:10:00Z",
      "civilDawn": "2021-01-26T05:31:00Z",
      "civilDusk": "2021-01-26T14:35:00Z",
      "date": "2021-01-25T23:00:00Z"
    },
    "thumbprint": "3a598ddd312a9af1a409fa461e8ff5d5f9ab1af3ec0c9742e35ee456486dde0e"
  },
  {
    "coordinate": {
      "index": 0,
      "latitude": 49.0231,
      "longitude": 17.6408
    },
    "handle": 1520603714,
    "identification": "LKKUE",
    "link": "LKKU",
    "name": "LKKU ECHO",
    "sun": {
      "astronomicalDawn": "2021-01-26T04:55:00Z",
      "astronomicalDusk": "2021-01-26T15:10:00Z",
      "civilDawn": "2021-01-26T05:30:00Z",
      "civilDusk": "2021-01-26T14:35:00Z",
      "date": "2021-01-25T23:00:00Z"
    },
    "thumbprint": "74d3c76b9e2e7f15737a78c0d527986486e173ecdd86340b00d6291064ab1aa3"
  },
  {
    "coordinate": {
      "index": 0,
      "latitude": 49.9808,
      "longitude": 14.6061
    },
    "handle": 1034302177,
    "identification": "LKKBR",
    "link": "LKKB",
    "name": "LKKB ROMEO",
    "sun": {
      "astronomicalDawn": "2021-01-26T05:09:00Z",
      "astronomicalDusk": "2021-01-26T15:19:00Z",
      "civilDawn": "2021-01-26T05:45:00Z",
      "civilDusk": "2021-01-26T14:44:00Z",
      "date": "2021-01-25T23:00:00Z"
    },
    "thumbprint": "03c0043159438868876c78d0a3513dc7bb674317241dabb7501794e5cbcd52f5"
  },
  {
    "coordinate": {
      "index": 0,
      "latitude": 50.0717,
      "longitude": 14.7733
    },
    "handle": 3255605328,
    "identification": "LKKBU",
    "link": "LKKB",
    "name": "LKKB UNIFORM",
    "sun": {
      "astronomicalDawn": "2021-01-26T05:09:00Z",
      "astronomicalDusk": "2021-01-26T15:18:00Z",
      "civilDawn": "2021-01-26T05:45:00Z",
      "civilDusk": "2021-01-26T14:43:00Z",
      "date": "2021-01-25T23:00:00Z"
    },
    "thumbprint": "91ebafd952d776e13fd385985dc485eb21c0ed642c613f138bea2189ccee199d"
  },
  {
    "coordinate": {
      "index": 0,
      "latitude": 50.1772,
      "longitude": 14.8553
    },
    "handle": 1726150045,
    "identification": "LKKBL",
    "link": "LKKB",
    "name": "LKKB LIMA",
    "sun": {
      "astronomicalDawn": "2021-01-26T05:09:00Z",
      "astronomicalDusk": "2021-01-26T15:18:00Z",
      "civilDawn": "2021-01-26T05:45:00Z",
      "civilDusk": "2021-01-26T14:42:00Z",
      "date": "2021-01-25T23:00:00Z"
    },
    "thumbprint": "d945375817f4aa9a4d10b2ebd436f87728cb3027597e239aa255efac9534b5c0"
  },
  {
    "coordinate": {
      "index": 0,
      "latitude": 50.2075,
      "longitude": 14.6964
    },
    "handle": 307383371,
    "identification": "LKKBM",
    "link": "LKKB",
    "name": "LKKB MIKE",
    "sun": {
      "astronomicalDawn": "2021-01-26T05:09:00Z",
      "astronomicalDusk": "2021-01-26T15:18:00Z",
      "civilDawn": "2021-01-26T05:45:00Z",
      "civilDusk": "2021-01-26T14:42:00Z",
      "date": "2021-01-25T23:00:00Z"
    },
    "thumbprint": "b5e82b24273c9c28fd368abe5da5e6c278f39a78fe16cf920dcc1aab08fa365a"
  },
  {
    "coordinate": {
      "index": 0,
      "latitude": 50.1528,
      "longitude": 13.9831
    },
    "handle": 4074094422,
    "identification": "LKPRW",
    "link": "LKPR",
    "name": "LKPR WHISKY",
    "sun": {
      "astronomicalDawn": "2021-01-26T05:12:00Z",
      "astronomicalDusk": "2021-01-26T15:21:00Z",
      "civilDawn": "2021-01-26T05:48:00Z",
      "civilDusk": "2021-01-26T14:46:00Z",
      "date": "2021-01-25T23:00:00Z"
    },
    "thumbprint": "00483e8e5c1365f7f6232a3b399e0cf334e86a85f4643c2353afa8e7f7c00fb1"
  },
  {
    "coordinate": {
      "index": 0,
      "latitude": 50.0497,
      "longitude": 14.2728
    },
    "handle": 1482482152,
    "identification": "LKPRT",
    "link": "LKPR",
    "name": "LKPR TANGO",
    "sun": {
      "astronomicalDawn": "2021-01-26T05:11:00Z",
      "astronomicalDusk": "2021-01-26T15:20:00Z",
      "civilDawn": "2021-01-26T05:47:00Z",
      "civilDusk": "2021-01-26T14:45:00Z",
      "date": "2021-01-25T23:00:00Z"
    },
    "thumbprint": "87bc6df881bec06bfe7b81699f814e112a2c63035de22a922827c900495916ab"
  },
  {
    "coordinate": {
      "index": 0,
      "latitude": 49.9617,
      "longitude": 14.0828
    },
    "handle": 2967186047,
    "identification": "LKPRS",
    "link": "LKPR",
    "name": "LKPR SIERRA",
    "sun": {
      "astronomicalDawn": "2021-01-26T05:11:00Z",
      "astronomicalDusk": "2021-01-26T15:21:00Z",
      "civilDawn": "2021-01-26T05:47:00Z",
      "civilDusk": "2021-01-26T14:46:00Z",
      "date": "2021-01-25T23:00:00Z"
    },
    "thumbprint": "fe743584a53a22d1a353dccb62a6466961e8bb8fb30f73e8f60db19a76e78d23"
  },
  {
    "coordinate": {
      "index": 0,
      "latitude": 50.2683,
      "longitude": 14.2392
    },
    "handle": 3259445378,
    "identification": "LKPRN",
    "link": "LKPR",
    "name": "LKPR NOVEMBER",
    "sun": {
      "astronomicalDawn": "2021-01-26T05:11:00Z",
      "astronomicalDusk": "2021-01-26T15:20:00Z",
      "civilDawn": "2021-01-26T05:47:00Z",
      "civilDusk": "2021-01-26T14:44:00Z",
      "date": "2021-01-25T23:00:00Z"
    },
    "thumbprint": "85c6d59b5e2a602a6a120f0c53ab7cdb84e1bd3470b14c37d8634fac37747618"
  },
  {
    "coordinate": {
      "index": 0,
      "latitude": 50.1883,
      "longitude": 14.0411
    },
    "handle": 3658181200,
    "identification": "LKPRC",
    "link": "LKPR",
    "name": "LKPR CHARLIE",
    "sun": {
      "astronomicalDawn": "2021-01-26T05:12:00Z",
      "astronomicalDusk": "2021-01-26T15:21:00Z",
      "civilDawn": "2021-01-26T05:48:00Z",
      "civilDusk": "2021-01-26T14:45:00Z",
      "date": "2021-01-25T23:00:00Z"
    },
    "thumbprint": "32910502066de33baaf6b23307780a2ab2e2bc94126905aceb0ec8091bb51698"
  },
  {
    "coordinate": {
      "index": 0,
      "latitude": 49.9861,
      "longitude": 14.3614
    },
    "handle": 3200188217,
    "identification": "LKPRE",
    "link": "LKPR",
    "name": "LKPR ECHO",
    "sun": {
      "astronomicalDawn": "2021-01-26T05:10:00Z",
      "astronomicalDusk": "2021-01-26T15:20:00Z",
      "civilDawn": "2021-01-26T05:46:00Z",
      "civilDusk": "2021-01-26T14:45:00Z",
      "date": "2021-01-25T23:00:00Z"
    },
    "thumbprint": "a9be1155f7e5fd70761700a712c5991446767eb7c7c00404f8f1db33d5975ec8"
  },
  {
    "coordinate": {
      "index": 0,
      "latitude": 50.1878,
      "longitude": 14.1858
    },
    "handle": 2636130084,
    "identification": "LKPRB",
    "link": "LKPR",
    "name": "LKPR BRAVO",
    "sun": {
      "astronomicalDawn": "2021-01-26T05:11:00Z",
      "astronomicalDusk": "2021-01-26T15:20:00Z",
      "civilDawn": "2021-01-26T05:47:00Z",
      "civilDusk": "2021-01-26T14:45:00Z",
      "date": "2021-01-25T23:00:00Z"
    },
    "thumbprint": "cc6255f0a87b3f14a0d4de86eba68c366ac7c5d5d78440eaa6bcf01d39402a34"
  },
  {
    "coordinate": {
      "index": 0,
      "latitude": 50.1381,
      "longitude": 14.2439
    },
    "handle": 3030445257,
    "identification": "LKPRA",
    "link": "LKPR",
    "name": "LKPR ALFA",
    "sun": {
      "astronomicalDawn": "2021-01-26T05:11:00Z",
      "astronomicalDusk": "2021-01-26T15:20:00Z",
      "civilDawn": "2021-01-26T05:47:00Z",
      "civilDusk": "2021-01-26T14:45:00Z",
      "date": "2021-01-25T23:00:00Z"
    },
    "thumbprint": "57874cf4b92b2e7857aaa0cfc3fd1c30e7eb5619c51445a586afb002c69ebbcf"
  },
  {
    "coordinate": {
      "index": 0,
      "latitude": 49.7492,
      "longitude": 17.8719
    },
    "handle": 3934575679,
    "identification": "LKMTW",
    "link": "LKMT",
    "name": "LKMT WHISKY",
    "sun": {
      "astronomicalDawn": "2021-01-26T04:56:00Z",
      "astronomicalDusk": "2021-01-26T15:07:00Z",
      "civilDawn": "2021-01-26T05:31:00Z",
      "civilDusk": "2021-01-26T14:31:00Z",
      "date": "2021-01-25T23:00:00Z"
    },
    "thumbprint": "ae5d00081935cfb997f57f1021a5cb9354b3ef6ca07ea80288ca301b537d37c9"
  },
  {
    "coordinate": {
      "index": 0,
      "latitude": 49.585,
      "longitude": 17.7997
    },
    "handle": 3380563361,
    "identification": "LKMTT",
    "link": "LKMT",
    "name": "LKMT TANGO",
    "sun": {
      "astronomicalDawn": "2021-01-26T04:55:00Z",
      "astronomicalDusk": "2021-01-26T15:08:00Z",
      "civilDawn": "2021-01-26T05:31:00Z",
      "civilDusk": "2021-01-26T14:32:00Z",
      "date": "2021-01-25T23:00:00Z"
    },
    "thumbprint": "80d2b8cb5459667aca0f00acfb2d1cd3dfc54bb8b0f3e206cd72c971d1cf7b7d"
  },
  {
    "coordinate": {
      "index": 0,
      "latitude": 49.5389,
      "longitude": 18.0236
    },
    "handle": 4279656813,
    "identification": "LKMTS",
    "link": "LKMT",
    "name": "LKMT SIERRA",
    "sun": {
      "astronomicalDawn": "2021-01-26T04:54:00Z",
      "astronomicalDusk": "2021-01-26T15:07:00Z",
      "civilDawn": "2021-01-26T05:30:00Z",
      "civilDusk": "2021-01-26T14:31:00Z",
      "date": "2021-01-25T23:00:00Z"
    },
    "thumbprint": "a249395c6f0094f69d37722274bdfb7bce9cca471a638cf0a733d87ab1a8278e"
  },
  {
    "coordinate": {
      "index": 0,
      "latitude": 49.8831,
      "longitude": 18.0547
    },
    "handle": 563414470,
    "identification": "LKMTN",
    "link": "LKMT",
    "name": "LKMT NOVEMBER",
    "sun": {
      "astronomicalDawn": "2021-01-26T04:55:00Z",
      "astronomicalDusk": "2021-01-26T15:06:00Z",
      "civilDawn": "2021-01-26T05:31:00Z",
      "civilDusk": "2021-01-26T14:30:00Z",
      "date": "2021-01-25T23:00:00Z"
    },
    "thumbprint": "64562309188506bbd32cad24772d42cd21cf792ad44715e4df1334fe1dd5bcc0"
  },
  {
    "coordinate": {
      "index": 0,
      "latitude": 49.7861,
      "longitude": 18.3747
    },
    "handle": 1009222171,
    "identification": "LKMTF",
    "link": "LKMT",
    "name": "LKMT FOXTROT",
    "sun": {
      "astronomicalDawn": "2021-01-26T04:54:00Z",
      "astronomicalDusk": "2021-01-26T15:05:00Z",
      "civilDawn": "2021-01-26T05:29:00Z",
      "civilDusk": "2021-01-26T14:29:00Z",
      "date": "2021-01-25T23:00:00Z"
    },
    "thumbprint": "ec469f7886922d6dcf51071a69026591114e9b94bbc7c72ae985d2c0a3574144"
  },
  {
    "coordinate": {
      "index": 0,
      "latitude": 49.6633,
      "longitude": 18.3203
    },
    "handle": 2790417902,
    "identification": "LKMTE",
    "link": "LKMT",
    "name": "LKMT ECHO",
    "sun": {
      "astronomicalDawn": "2021-01-26T04:54:00Z",
      "astronomicalDusk": "2021-01-26T15:05:00Z",
      "civilDawn": "2021-01-26T05:29:00Z",
      "civilDusk": "2021-01-26T14:30:00Z",
      "date": "2021-01-25T23:00:00Z"
    },
    "thumbprint": "30cce97e7d6ae5aeeb1316683df2a8c1ef9e2d03004e8e6dc576d3eb6821bb87"
  },
  {
    "coordinate": {
      "index": 0,
      "latitude": 49.7047,
      "longitude": 18.0511
    },
    "handle": 587506746,
    "identification": "LKMTB",
    "link": "LKMT",
    "name": "LKMT BRAVO",
    "sun": {
      "astronomicalDawn": "2021-01-26T04:55:00Z",
      "astronomicalDusk": "2021-01-26T15:06:00Z",
      "civilDawn": "2021-01-26T05:30:00Z",
      "civilDusk": "2021-01-26T14:31:00Z",
      "date": "2021-01-25T23:00:00Z"
    },
    "thumbprint": "b26e78f273420435a9bb9778d745224a19394db55359eb4aceaa7cacee92c09d"
  },
  {
    "coordinate": {
      "index": 0,
      "latitude": 49.65,
      "longitude": 18.1411
    },
    "handle": 2705693884,
    "identification": "LKMTA",
    "link": "LKMT",
    "name": "LKMT ALFA",
    "sun": {
      "astronomicalDawn": "2021-01-26T04:54:00Z",
      "astronomicalDusk": "2021-01-26T15:06:00Z",
      "civilDawn": "2021-01-26T05:30:00Z",
      "civilDusk": "2021-01-26T14:31:00Z",
      "date": "2021-01-25T23:00:00Z"
    },
    "thumbprint": "2adbc6fdf00c45ebe6619dc9583c913f3535714415d8fb7d689b46c6ba7eec75"
  },
  {
    "coordinate": {
      "index": 0,
      "latitude": 50.1894,
      "longitude": 12.7581
    },
    "handle": 3404167811,
    "identification": "LKKVW",
    "link": "LKKV",
    "name": "LKKV WHISKY",
    "sun": {
      "astronomicalDawn": "2021-01-26T05:17:00Z",
      "astronomicalDusk": "2021-01-26T15:26:00Z",
      "civilDawn": "2021-01-26T05:53:00Z",
      "civilDusk": "2021-01-26T14:50:00Z",
      "date": "2021-01-25T23:00:00Z"
    },
    "thumbprint": "cf93cc57a79adfd6bcae531fcca9dab1fe9c809f29f6cc8a2a2a319dcac6d3c6"
  },
  {
    "coordinate": {
      "index": 0,
      "latitude": 50.0839,
      "longitude": 12.84
    },
    "handle": 3742728270,
    "identification": "LKKVS",
    "link": "LKKV",
    "name": "LKKV SIERRA",
    "sun": {
      "astronomicalDawn": "2021-01-26T05:17:00Z",
      "astronomicalDusk": "2021-01-26T15:26:00Z",
      "civilDawn": "2021-01-26T05:52:00Z",
      "civilDusk": "2021-01-26T14:50:00Z",
      "date": "2021-01-25T23:00:00Z"
    },
    "thumbprint": "6b5242e7031c6734158e287de24ed7d72bc4058628d2e261d967a857625cea3b"
  },
  {
    "coordinate": {
      "index": 0,
      "latitude": 50.2817,
      "longitude": 12.9386
    },
    "handle": 890487876,
    "identification": "LKKVN",
    "link": "LKKV",
    "name": "LKKV NOVEMBER",
    "sun": {
      "astronomicalDawn": "2021-01-26T05:17:00Z",
      "astronomicalDusk": "2021-01-26T15:25:00Z",
      "civilDawn": "2021-01-26T05:53:00Z",
      "civilDusk": "2021-01-26T14:49:00Z",
      "date": "2021-01-25T23:00:00Z"
    },
    "thumbprint": "c1e32cfc1e66d6d02f3e901b49b40f3d30e2cef79e51dac73028badf417557cb"
  },
  {
    "coordinate": {
      "index": 0,
      "latitude": 50.0842,
      "longitude": 13.1267
    },
    "handle": 1267518332,
    "identification": "LKKVE",
    "link": "LKKV",
    "name": "LKKV ECHO",
    "sun": {
      "astronomicalDawn": "2021-01-26T05:15:00Z",
      "astronomicalDusk": "2021-01-26T15:25:00Z",
      "civilDawn": "2021-01-26T05:51:00Z",
      "civilDusk": "2021-01-26T14:49:00Z",
      "date": "2021-01-25T23:00:00Z"
    },
    "thumbprint": "549bb007b89b34d17330a5a346b932bd0d3bcf8a10e2488cd026639d42612f94"
  },
  {
    "coordinate": {
      "index": 0,
      "latitude": 50.1708,
      "longitude": 12.8917
    },
    "handle": 3530466068,
    "identification": "LKKVB",
    "link": "LKKV",
    "name": "LKKV BRAVO",
    "sun": {
      "astronomicalDawn": "2021-01-26T05:17:00Z",
      "astronomicalDusk": "2021-01-26T15:26:00Z",
      "civilDawn": "2021-01-26T05:53:00Z",
      "civilDusk": "2021-01-26T14:50:00Z",
      "date": "2021-01-25T23:00:00Z"
    },
    "thumbprint": "c32003d50440d29450c94dc7915b664b73e3b5f02c22c584b76c8b66ab25ec72"
  },
  {
    "coordinate": {
      "index": 0,
      "latitude": 50.2378,
      "longitude": 12.9278
    },
    "handle": 976480045,
    "identification": "LKKVA",
    "link": "LKKV",
    "name": "LKKV ALFA",
    "sun": {
      "astronomicalDawn": "2021-01-26T05:17:00Z",
      "astronomicalDusk": "2021-01-26T15:25:00Z",
      "civilDawn": "2021-01-26T05:53:00Z",
      "civilDusk": "2021-01-26T14:49:00Z",
      "date": "2021-01-25T23:00:00Z"
    },
    "thumbprint": "bac2167963ba09892dc91a58e36815f87587bd08bbd455824ab203d0a983648d"
  },
  {
    "coordinate": {
      "index": 0,
      "latitude": 48.9964,
      "longitude": 16.6889
    },
    "handle": 182032336,
    "identification": "LKTBZ",
    "link": "LKTB",
    "name": "LKTB ZULU",
    "sun": {
      "astronomicalDawn": "2021-01-26T04:58:00Z",
      "astronomicalDusk": "2021-01-26T15:13:00Z",
      "civilDawn": "2021-01-26T05:33:00Z",
      "civilDusk": "2021-01-26T14:39:00Z",
      "date": "2021-01-25T23:00:00Z"
    },
    "thumbprint": "1d775b2f4a35aece9f89ed8bd5d92a1d24257e5b61913507aeba1a5edd2fef9b"
  },
  {
    "coordinate": {
      "index": 0,
      "latitude": 49.1108,
      "longitude": 16.5208
    },
    "handle": 3932909070,
    "identification": "LKTBW",
    "link": "LKTB",
    "name": "LKTB WHISKY",
    "sun": {
      "astronomicalDawn": "2021-01-26T04:59:00Z",
      "astronomicalDusk": "2021-01-26T15:14:00Z",
      "civilDawn": "2021-01-26T05:34:00Z",
      "civilDusk": "2021-01-26T14:39:00Z",
      "date": "2021-01-25T23:00:00Z"
    },
    "thumbprint": "c46d1a281bf9080dd49e27d73c238648e12ca4d60708c4e38ac0867693432094"
  },
  {
    "coordinate": {
      "index": 0,
      "latitude": 48.9978,
      "longitude": 16.8622
    },
    "handle": 2803981697,
    "identification": "LKTBS",
    "link": "LKTB",
    "name": "LKTB SIERRA",
    "sun": {
      "astronomicalDawn": "2021-01-26T04:58:00Z",
      "astronomicalDusk": "2021-01-26T15:13:00Z",
      "civilDawn": "2021-01-26T05:33:00Z",
      "civilDusk": "2021-01-26T14:38:00Z",
      "date": "2021-01-25T23:00:00Z"
    },
    "thumbprint": "118f2511b734624a30091c56b993962a55c28bf540c3ed59167c34402c153d7e"
  },
  {
    "coordinate": {
      "index": 0,
      "latitude": 49.2922,
      "longitude": 16.5603
    },
    "handle": 3066927282,
    "identification": "LKTBN",
    "link": "LKTB",
    "name": "LKTB NOVEMBER",
    "sun": {
      "astronomicalDawn": "2021-01-26T05:00:00Z",
      "astronomicalDusk": "2021-01-26T15:13:00Z",
      "civilDawn": "2021-01-26T05:35:00Z",
      "civilDusk": "2021-01-26T14:38:00Z",
      "date": "2021-01-25T23:00:00Z"
    },
    "thumbprint": "e6b784b26536e0ad0f64851679a1dec4bd34aa73767755a49ef224e58737cc3e"
  },
  {
    "coordinate": {
      "index": 0,
      "latitude": 49.2036,
      "longitude": 16.8861
    },
    "handle": 492937421,
    "identification": "LKTBE",
    "link": "LKTB",
    "name": "LKTB ECHO",
    "sun": {
      "astronomicalDawn": "2021-01-26T04:58:00Z",
      "astronomicalDusk": "2021-01-26T15:12:00Z",
      "civilDawn": "2021-01-26T05:33:00Z",
      "civilDusk": "2021-01-26T14:37:00Z",
      "date": "2021-01-25T23:00:00Z"
    },
    "thumbprint": "47eab63fc23f68c40a5b15b86aef0dc015339c4e6ed2c2babf6fa058954a78bc"
  },
  {
    "coordinate": {
      "index": 0,
      "latitude": 49.1817,
      "longitude": 16.7125
    },
    "handle": 3597939936,
    "identification": "LKTBB",
    "link": "LKTB",
    "name": "LKTB BRAVO",
    "sun": {
      "astronomicalDawn": "2021-01-26T04:59:00Z",
      "astronomicalDusk": "2021-01-26T15:13:00Z",
      "civilDawn": "2021-01-26T05:34:00Z",
      "civilDusk": "2021-01-26T14:38:00Z",
      "date": "2021-01-25T23:00:00Z"
    },
    "thumbprint": "faf1351e9fe356658204a4594ed42338dca79359bc4a3a29c9028bd8de0cdbfe"
  },
  {
    "coordinate": {
      "index": 0,
      "latitude": 49.1175,
      "longitude": 16.7033
    },
    "handle": 3124945898,
    "identification": "LKTBA",
    "link": "LKTB",
    "name": "LKTB ALFA",
    "sun": {
      "astronomicalDawn": "2021-01-26T04:59:00Z",
      "astronomicalDusk": "2021-01-26T15:13:00Z",
      "civilDawn": "2021-01-26T05:34:00Z",
      "civilDusk": "2021-01-26T14:38:00Z",
      "date": "2021-01-25T23:00:00Z"
    },
    "thumbprint": "22116a1b76d79a09409291ae17b7cb6684ee50161daffb60c5052efea71977cf"
  }
]