{
  "items": [
    {
      "asset": "adc/lklt_adc.jpg",
      "hash": "BNF8M/uVdMuFalW/1VKFcUaS0GJuFseZdSeHq+oB0F4="
    },
    {
      "asset": "voc/lklt_voc.jpg",
      "hash": "hFGVsJYB5bOcWY1h7kE3rQTs6xNjSLxJWGYIskWWkJA="
    },
    {
      "asset": "adc/lklb_adc.jpg",
      "hash": "+TiqcpC2sk1KIeFu7qO5vxr764xvYm/S2lPt3TauVCs="
    },
    {
      "asset": "voc/lklb_voc.jpg",
      "hash": "dKzinHBKpi1AzmYmV5sLlQostMwNY5XN91tT277+msI="
    },
    {
      "asset": "adc/lkmr_adc.jpg",
      "hash": "J20rKok+LQBg9GcZnjudAjixLy8w6BZUqQklu/umGYs="
    },
    {
      "asset": "voc/lkmr_voc.jpg",
      "hash": "Gt5wW8Kq8Nehuoasy4SNDSud4x0RB9adjZehQZFA7a0="
    },
    {
      "asset": "adc/lkvo_adc.jpg",
      "hash": "vdGtp7yI/u+oipNbtICm995fNLdaGcYQJDeSk8NwT68="
    },
    {
      "asset": "voc/lkvo_voc.jpg",
      "hash": "oC89LZKM2MS2MNOT4dRMw/Fo8rYWp2XrG3cZOl4TevA="
    },
    {
      "asset": "adc/lkpj_adc.jpg",
      "hash": "oEEJ01EdyjuNn1KeWBXyKq5ha4h+Fa7BH8Adyh6Y9Mg="
    },
    {
      "asset": "voc/lkpj_voc.jpg",
      "hash": "zh/GPGzjP9mLsSVdhlI5kFxDS/0HHu8JsHTp0hzZHZk="
    },
    {
      "asset": "adc/lkpo_adc.jpg",
      "hash": "XohIh/PJvvl70ZB+U7rxausVuEatIAf/js6H7dkh2vE="
    },
    {
      "asset": "voc/lkpo_voc.jpg",
      "hash": "W+Mgjh14KZpGe5h7pPnNj4ag7U6d2gLmpwUUMHXBoGw="
    },
    {
      "asset": "adc/lkcs_adc.jpg",
      "hash": "y4k/uxYkZBvOfcS8YD+6LuGuwSJUqnLEEqKUbvVfWtY="
    },
    {
      "asset": "voc/lkcs_voc.jpg",
      "hash": "ILnBL/AmsZ2Nt7jfiSnpJwG5e93DMg0ekG6KcvZULpE="
    },
    {
      "asset": "adc/lkdk_adc.jpg",
      "hash": "80kubap47DpSJDMT0FB5w0AiMpC60bpmOvjzg8bkzVg="
    },
    {
      "asset": "voc/lkdk_voc.jpg",
      "hash": "TO3CPDP5r2a8bsH5DK+1W3LIHHART07bHdEWwFgUY6g="
    },
    {
      "asset": "adc/lker_adc.jpg",
      "hash": "Y4C7GptkIt3Z+WUGCrAydV3fEG08znZ1DwEt3jB5G4A="
    },
    {
      "asset": "voc/lker_voc.jpg",
      "hash": "dAhf7LNk0tWOUBqe5HXOFeA0BSxROUZoHeNN2pQjaaI="
    },
    {
      "asset": "adc/lkfr_adc.jpg",
      "hash": "8LcvmCoCyV2vcSgPLMdFHIIvJLJ5HAI3wLD4PQyUTIE="
    },
    {
      "asset": "voc/lkfr_voc.jpg",
      "hash": "7T0Q2pLtvGd3GlE8LQPR6/a11NJqoF/aA5HQthSULA4="
    },
    {
      "asset": "adc/lkhb_adc.jpg",
      "hash": "7tVFI+SBEpjkntNpc6A/+vvfIT35KXNKfChbjsaOyAQ="
    },
    {
      "asset": "voc/lkhb_voc.jpg",
      "hash": "jXbkE09MWC0plUVFdMUY3+Pu5Bx7rjPYd3w/eh5J8m0="
    },
    {
      "asset": "adc/lkhd_adc.jpg",
      "hash": "6XgquUAAhKtUY1Z4p3Dtws8ALpr1uX7Yph7fDOO+VQY="
    },
    {
      "asset": "voc/lkhd_voc.jpg",
      "hash": "P9mxRzS3re9EhDjaf2lE2dm1Vwf1EdY7IFB6PBm6SFk="
    },
    {
      "asset": "adc/lkhc_adc.jpg",
      "hash": "fiKcetMKDKnWiayKwukVRdepRlQbf74CF/fdykdBu1c="
    },
    {
      "asset": "voc/lkhc_voc.jpg",
      "hash": "GL9yBhY+mSPMopZpBurKGhPcXvOJU0Lyp/m5VqJ4Qys="
    },
    {
      "asset": "adc/lkcr_adc.jpg",
      "hash": "kGaEnfymX3wne/bDnhxaTeyl7aLWRYx3NvhE7Llo4E8="
    },
    {
      "asset": "voc/lkcr_voc.jpg",
      "hash": "5XJDzV+b5sbJz6tl23faPROz51V5hv2t/aUyVcJkGRc="
    },
    {
      "asset": "adc/lkja_adc.jpg",
      "hash": "CnZk4xhHqpxEn4ZbxIKtu1wvnM7rLZk3XGBfV9Zf274="
    },
    {
      "asset": "voc/lkja_voc.jpg",
      "hash": "e6/t4vk+XbV1uvN+ufmSZAT9wx1fImpelc/g49yldg8="
    },
    {
      "asset": "adc/lkjc_adc.jpg",
      "hash": "eYf/vNOK2aXH1O8OKgiCd33j826N8xYQExXGkgEIPfQ="
    },
    {
      "asset": "voc/lkjc_voc.jpg",
      "hash": "Wq4muNNkMPwgc+kc9+0aKkTo05rrsfhMs2TCT73xtmQ="
    },
    {
      "asset": "adc/lkji_adc.jpg",
      "hash": "hLmF810OhJABcLD4XlQCu/TULDP8OIOcTMkSCf3UG44="
    },
    {
      "asset": "voc/lkji_voc.jpg",
      "hash": "+YDjOseqIScbfsw2khM9fX/tIo+KCJhaxdd14SZcnTs="
    },
    {
      "asset": "adc/lkjh_adc.jpg",
      "hash": "VU9lama3IABoJtItrgbygVqVMogy7GVOMtMGmuG+J/c="
    },
    {
      "asset": "voc/lkjh_voc.jpg",
      "hash": "wU3yzw6xsiEunUQxVzjlbfYg+57qvEs0ogrj5dOEhKo="
    },
    {
      "asset": "adc/lkkv_adc.jpg",
      "hash": "gbwHJ/Ul6NfieXfokl1lMVeiwcwYHuAcDQDevVoqGU0="
    },
    {
      "asset": "voc/lkkv_voc.jpg",
      "hash": "PHPPYFLZ5vV2J2+VvEzY1BSaF0G33GDBtLQdJReFwgM="
    },
    {
      "asset": "adc/lkkl_adc.jpg",
      "hash": "F9o6xHvO9i7F03UyWufkvuBMuPdU8qM8MH4YByWLUZQ="
    },
    {
      "asset": "voc/lkkl_voc.jpg",
      "hash": "UMtMKNrVU3/1Vk1+Ru6WHUBncuEJVT/07+SbpQ3vtAs="
    },
    {
      "asset": "adc/lkkt_adc.jpg",
      "hash": "vbuhwll14pUHlR/JlzC9zR0dE9aZnz4p03knPuvL9wM="
    },
    {
      "asset": "voc/lkkt_voc.jpg",
      "hash": "GKR8VR2fqPPn0OI818A3MJdLqMqcBIdes66W/1HLmfY="
    },
    {
      "asset": "adc/lkko_adc.jpg",
      "hash": "loe9heyOBkENyfBko/XezBaSmixbztj2HgpMsVO6ZeU="
    },
    {
      "asset": "voc/lkko_voc.jpg",
      "hash": "o/Zue60X8Yr9bsUpkmaPlxOZihbsvzUVZYjYnb7Vz1M="
    },
    {
      "asset": "adc/lkkr_adc.jpg",
      "hash": "ug7Izn3G1sAeslQOLpMe6sRZc4VM1zDreN9e4eFlyRU="
    },
    {
      "asset": "voc/lkkr_voc.jpg",
      "hash": "gQsUlnJio0u50xHaIGyo32Xqljaej8uha/hT98SJK3o="
    },
    {
      "asset": "adc/lkkm_adc.jpg",
      "hash": "toVJhN5osBfbKdWLEYWHns/k6p0YNJMWaYl5RowFtGY="
    },
    {
      "asset": "voc/lkkm_voc.jpg",
      "hash": "Lf7ULCGF48AXbE08E0BZGdK/EKLyZUt139FQw5P34NI="
    },
    {
      "asset": "adc/lkka_adc.jpg",
      "hash": "uZY6vdc8VHzyx4lvMbJPoFV4xgBDckAy8fFKdHfeV48="
    },
    {
      "asset": "voc/lkka_voc.jpg",
      "hash": "tM95xaI/EixzXn2bJKjmAImckEUMJPib4vTS2XHmxtI="
    },
    {
      "asset": "adc/lkku_adc.jpg",
      "hash": "MwyoyrIK4g9TBY9I8dM2boxNZ9gtCe/MMAxMKwRRpp4="
    },
    {
      "asset": "voc/lkku_voc.jpg",
      "hash": "fogr7mU1FGmvQWQ/8Lw0cLLLVR7oQ3y9wpQYhbn+EoA="
    },
    {
      "asset": "adc/lkky_adc.jpg",
      "hash": "9/5Z3YpiBpuqSsJ2QHXWBJoWr+qva1Ruyo8NjXGWRTU="
    },
    {
      "asset": "voc/lkky_voc.jpg",
      "hash": "36ylLuFJnOoQcwPl8IblMfmvPTUOGooQ+p5iwOuWUF8="
    },
    {
      "asset": "adc/lkpl_adc.jpg",
      "hash": "OW3xh4DK9J/6fnom8fmGevtUSSr/LdvQKbeu23GO5nA="
    },
    {
      "asset": "voc/lkpl_voc.jpg",
      "hash": "GOAppQEx9+chQSON6RTiOVwvnvq1EB3bRTEE+J83LWo="
    },
    {
      "asset": "adc/lkbe_adc.jpg",
      "hash": "cG+/3Xkw6FyccpcZHpP33kKSMVTe1zJe9wQ1IC69M1E="
    },
    {
      "asset": "voc/lkbe_voc.jpg",
      "hash": "V9Hrrqhm1tS7hsmmrcTubl3LXLR9e/QD5Axo7hawhcQ="
    },
    {
      "asset": "adc/lkbo_adc.jpg",
      "hash": "o42WuRSbjzF/6R5DXRdzjcGhe8EgULl9u+tdXKxWy6A="
    },
    {
      "asset": "voc/lkbo_voc.jpg",
      "hash": "brfFvKN23RkZa7p/4oEoDxLI7CK7YEoynIORKb2lapY="
    },
    {
      "asset": "adc/lktb_adc.jpg",
      "hash": "CO4FpH1/0hIXIrrtBg2Q6WE7X4P1W0Teo3cfaGyU7vA="
    },
    {
      "asset": "voc/lktb_voc.jpg",
      "hash": "3R1ZppHbpRCkuUC/AGrztW1NfKCtZCzFfC5Ji61zJYE="
    },
    {
      "asset": "adc/lkbr_adc.jpg",
      "hash": "AEJLna1N5SaKNINjax6lhsHAMS612iZFbD/L79/hUCw="
    },
    {
      "asset": "voc/lkbr_voc.jpg",
      "hash": "6gx+yaT3DusIjjmXDUj35DEMpL4ej6yd5tE8Q3Wp58Q="
    },
    {
      "asset": "adc/lkba_adc.jpg",
      "hash": "Sd/7VNdT2oCtYVuJ7c0n3e62ETElaLB9tZA9AyNHwrQ="
    },
    {
      "asset": "voc/lkba_voc.jpg",
      "hash": "fg8O/XRo2bnIdX3HCgTJ6z+yaWTj+tlLCyyzOM6t2DA="
    },
    {
      "asset": "adc/lkbu_adc.jpg",
      "hash": "OOptglzjBP4mhWI+qFkjWjLwYv4+hM4ZVX/LvRfZJpk="
    },
    {
      "asset": "voc/lkbu_voc.jpg",
      "hash": "zhyGo3+C2b4aC9HeaWtyZj5Q61WqIOycpLl74gG5h2s="
    },
    {
      "asset": "adc/lkce_adc.jpg",
      "hash": "sOyEeS86qWY+csOdyCus06ukNS/BrJT2E7xEgOoyR88="
    },
    {
      "asset": "voc/lkce_voc.jpg",
      "hash": "Vmb+MFPIl0qQCqBigidY7lvZnSGwKbQ4n7TQcQfnGcA="
    },
    {
      "asset": "adc/lkta_adc.jpg",
      "hash": "9S0rKqAxDYr47BGrab/hM5lZ3bV30dg1+vYOJDIy9Gc="
    },
    {
      "asset": "voc/lkta_voc.jpg",
      "hash": "GcigjjakvIgyI0d4PMosDIwGdfmCIRHakxmNUIzNZCI="
    },
    {
      "asset": "adc/lktd_adc.jpg",
      "hash": "Uzi29IEhxFr9ADyCTf6/ixj3t0WSYxjQzCMUiwBjSuo="
    },
    {
      "asset": "voc/lktd_voc.jpg",
      "hash": "BUFlE1OPI0ZTHD0/zStdvUxuFxT/PeLKr2lPb3t+iw4="
    },
    {
      "asset": "adc/lktc_adc.jpg",
      "hash": "LjuHqC7iurcjyFZD04OWDJ79/jkLTqqX6dp/fCQk/Nk="
    },
    {
      "asset": "voc/lktc_voc.jpg",
      "hash": "OweEE5FpIWgpkWjWHdN74yji21fP7zvHk/j3muUGQ34="
    },
    {
      "asset": "adc/lkto_adc.jpg",
      "hash": "Y47YuDrLaY100Q+a7H+WpyYegygrXT5lsIVAj1rLI6M="
    },
    {
      "asset": "voc/lkto_voc.jpg",
      "hash": "wHilf/2W3whx5gEcoD2TSBrAXWn6756w6pcj9Q0YfV4="
    },
    {
      "asset": "adc/lkul_adc.jpg",
      "hash": "o8flIEpokRjzzGlzyp7HkjRPcOzhh/kfE+V3XV0V1ks="
    },
    {
      "asset": "voc/lkul_voc.jpg",
      "hash": "6ifaLNcvQP4nmc2nEVw2bfPkD0uINKvvIlgnChVAVJg="
    },
    {
      "asset": "adc/lkuo_adc.jpg",
      "hash": "nsrjH8ijr+eXzgstWLsibu3ZLFv3Wg2vzqjg5kJHBtU="
    },
    {
      "asset": "voc/lkuo_voc.jpg",
      "hash": "5K6rdR9c2iRFJI591g4johUol1YPMar9Kb+tuuZUnUg="
    },
    {
      "asset": "adc/lkvp_adc.jpg",
      "hash": "aEuoBjR80XQQsZ/8zOkiDo48TmIAmCItGhIdP+uSRuI="
    },
    {
      "asset": "voc/lkvp_voc.jpg",
      "hash": "qV/5eLqPf354kNjp+3VL3Tkr4SdpPzcZPxoopBTZoO0="
    },
    {
      "asset": "adc/lkpm_adc.jpg",
      "hash": "HKxyMRAV15G2O905HpJY8WGSmzZ0tLYeYScUY0Vok8E="
    },
    {
      "asset": "voc/lkpm_voc.jpg",
      "hash": "jKszCqUaCwPksLw/I1RjTsOVsPA++SiPQUjC31H3AQs="
    },
    {
      "asset": "adc/lkpi_adc.jpg",
      "hash": "Ca4yAeN00Ln3Y6kS4VirdiBahMirpRgXuN5pkSvHYSs="
    },
    {
      "asset": "voc/lkpi_voc.jpg",
      "hash": "+TSY7ROLyifNww/ipDYn3U768W2L9CxdCJwTD3Wu4qU="
    },
    {
      "asset": "adc/lkrk_adc.jpg",
      "hash": "QIcQ4JITYltp0sSTTqWG8mazZQAGounKFig01oB7W2g="
    },
    {
      "asset": "voc/lkrk_voc.jpg",
      "hash": "86kab3bQGVgDwX+ZuZFGea5bU50U1CNegYSX7YTaoLg="
    },
    {
      "asset": "adc/lkra_adc.jpg",
      "hash": "Qd8KqmJDEliHkfiOqMxB8ZKWIlR4K+th3MgcbtZmOVQ="
    },
    {
      "asset": "voc/lkra_voc.jpg",
      "hash": "fy95RGj7ioNhjOAPIzF3jqizUxeAbNj5ZvN1I2HaSKM="
    },
    {
      "asset": "adc/lkry_adc.jpg",
      "hash": "jLH15zpcA2eXr1S7AkC/meiGHyPzL1XAw/QbZPLQrHQ="
    },
    {
      "asset": "voc/lkry_voc.jpg",
      "hash": "jVzS0f3ygsdTn/Pkbt4of+VObJFIryQseXWfuRafuRQ="
    },
    {
      "asset": "adc/lkro_adc.jpg",
      "hash": "IiKEE9Go3emQl/Q+AuIVKki8pE5YL+d/yZFbx1rdb00="
    },
    {
      "asset": "voc/lkro_voc.jpg",
      "hash": "75Ww+xTl/+wgtuFupyohjZEIQzeGCoFSuQ1M7RZT/Aw="
    },
    {
      "asset": "adc/lksz_adc.jpg",
      "hash": "iq83SDEmILnPyFwnhuYUTwt4HpSIvby3JJU9GuZ6LqI="
    },
    {
      "asset": "voc/lksz_voc.jpg",
      "hash": "+Ad3Kt4XOmEYgBnVrh8E9PpkNauyHdLeINpYAfck618="
    },
    {
      "asset": "adc/lksk_adc.jpg",
      "hash": "7c/h/GhqtM23HorCu2hUMVd82gR2QtiTXhG7ocxtRMY="
    },
    {
      "asset": "voc/lksk_voc.jpg",
      "hash": "rbC7EABxRFoDz50swgPcNEpcxUeayIZ2ah60+vWQt5c="
    },
    {
      "asset": "adc/lksn_adc.jpg",
      "hash": "rOeNp7I2CZlTv+CW1nOYPJVSINrBkWfX2Oaa+2R/gv0="
    },
    {
      "asset": "voc/lksn_voc.jpg",
      "hash": "oSDa9FzHk0RNvrcPRFkFN5Yt0RUxWK4q31frfPhElp8="
    },
    {
      "asset": "adc/lkso_adc.jpg",
      "hash": "oZsuwhOtTSYKDADrhspsd5x06fNcaaaHmvRT5NNQryA="
    },
    {
      "asset": "voc/lkso_voc.jpg",
      "hash": "Q+OKNBrOFqq3TlIQb6u+Zdj8kDkZXPut9iTXCHOnXSg="
    },
    {
      "asset": "adc/lksa_adc.jpg",
      "hash": "7cLumsEwlvVNY+lm/UN9SLIat87ZsHydPaeRPOOAvT4="
    },
    {
      "asset": "voc/lksa_voc.jpg",
      "hash": "eJHo4O4UcFrxVn/d7M92DhkjZgoZ7/AUJjnrpF3MdgY="
    },
    {
      "asset": "adc/lksb_adc.jpg",
      "hash": "omcebsW0P7RxaL8nPecu6JCLhrk7fMMmWdZe8CkZECE="
    },
    {
      "asset": "voc/lksb_voc.jpg",
      "hash": "6a2ZfhvRq22x3CLBQ2lbvzukblS6EObVYl/rsKGV/Nc="
    },
    {
      "asset": "adc/lkst_adc.jpg",
      "hash": "JiATdyHnZaHetcpBdlsUXDr1h4F8qjBn0ekoNGTsdqk="
    },
    {
      "asset": "voc/lkst_voc.jpg",
      "hash": "TK9EnqpFlev+NbM/DuXxBjUgAbdCAWvvL1FgUWXoxfA="
    },
    {
      "asset": "adc/lksr_adc.jpg",
      "hash": "fdf89JqybNM7ZUt7IVYgvytT7lm9O2t4POlY6uVFGgE="
    },
    {
      "asset": "voc/lksr_voc.jpg",
      "hash": "c0dYB1K+SfVBlJB8iUcf8HT042foCpbOCMh2rKYfNmY="
    },
    {
      "asset": "adc/lksu_adc.jpg",
      "hash": "P25fMYpb9ivI+uSVG8+J1UoCD93jWz8SURcDjv6IaHM="
    },
    {
      "asset": "voc/lksu_voc.jpg",
      "hash": "oym6CIPphrps7uE2OnIdjye3YIgbG6mBcfztCwy4DbQ="
    },
    {
      "asset": "adc/lkpoca_adc.jpg",
      "hash": "tATaYKYOJ6q2oTp0SfmIyuCnTlRBLRGTtpIIs2J0tFU="
    },
    {
      "asset": "voc/lkpoca_voc.jpg",
      "hash": "4Yu1R45fRDGQzOBpTVWrSxZLmLquBwKDV6LPzIr+nuM="
    },
    {
      "asset": "adc/lkprim_adc.jpg",
      "hash": "yoD9KUTVctDCIUopnh6XiGPZ2fWM4oMKyORXNOgHboU="
    },
    {
      "asset": "voc/lkprim_voc.jpg",
      "hash": "FJuSaFXXRSvwriPOB0n6mCblT8ahDI+3pr7JnYcCvL8="
    },
    {
      "asset": "adc/lkhrad_adc.jpg",
      "hash": "2tqY/GsO5RScZ/NMTDPPsX72v+sEskW6TDZbXeSoAmc="
    },
    {
      "asset": "voc/lkhrad_voc.jpg",
      "hash": "5BMJAD9m7oblp+CwJfbNPpvs2UAqMsSYzhKgZB5FgWQ="
    },
    {
      "asset": "adc/lkchar_adc.jpg",
      "hash": "5Eqqsxiw0BGWbgjDx9A5C3czwVztO0L/ZDJqDXNjiKQ="
    },
    {
      "asset": "voc/lkchar_voc.jpg",
      "hash": "x0H+sezOIHxajWsUSbN0nAnaByxQ9Wtbh7aX3lHlwMI="
    },
    {
      "asset": "adc/lkchoc_adc.jpg",
      "hash": "X56uk+aNkdwN1PkGjm9vz63/602wF0xOm5c46GBinQU="
    },
    {
      "asset": "voc/lkchoc_voc.jpg",
      "hash": "k8/6owxi2CaveB5mHcFFJBIKoRH2BW+e3SpQ0gnhdKg="
    },
    {
      "asset": "adc/lkchot_adc.jpg",
      "hash": "s+yHKKfDjhjwYtzeqWvhDMq7Tw2Dwdzx2VJvxE235xk="
    },
    {
      "asset": "voc/lkchot_voc.jpg",
      "hash": "kyEVIIwkxS+RGjrismQ6J4+8Dc9yVr5Jgn2v5LP3POQ="
    },
    {
      "asset": "adc/lkchov_adc.jpg",
      "hash": "00ygYKt41DJhaWT/8Qr9/6wpTDrFz1FrDtB6VEtgVWk="
    },
    {
      "asset": "voc/lkchov_voc.jpg",
      "hash": "Mdhwcxp+9vXDLqL1CYbJzcMUk1aFM4SurcHhAR3ZxnE="
    },
    {
      "asset": "adc/lkmiro_adc.jpg",
      "hash": "BZU8U07ZRnzg0ueLuLDBM3oXDULX2KibSenMtGYePYc="
    },
    {
      "asset": "voc/lkmiro_voc.jpg",
      "hash": "eZJSzROXXc5T6KahI+pSuwZkDwSHTKj07WtfXomPQns="
    },
    {
      "asset": "adc/lkmira_adc.jpg",
      "hash": "5gWLHxvjUge2eHUgF/VvPHHLRCiZZVoMXFTbdHl0vxw="
    },
    {
      "asset": "voc/lkmira_voc.jpg",
      "hash": "6m3LSQvaJXHyOqV9v6nmf3si4oC6sEGnro2kPrf4nfo="
    },
    {
      "asset": "adc/lkmist_adc.jpg",
      "hash": "D/uXfjf4HfrPY0kQ+NZGJTsTq6RaxjaG6ir/6KbjHDQ="
    },
    {
      "asset": "voc/lkmist_voc.jpg",
      "hash": "x14kkCMJKTQErRc3DyzOiiBYMHYQ09zgxzd5oCUV0SA="
    },
    {
      "asset": "adc/lkpavl_adc.jpg",
      "hash": "KTy4GQGz1DpagdehnHz4QVAjYSjVeht08t1OrhU/cBg="
    },
    {
      "asset": "voc/lkpavl_voc.jpg",
      "hash": "F4MchUWGWL94gNVxbMY3zrXAek4SbelLt6l1HwS5ebs="
    },
    {
      "asset": "adc/lkvrat_adc.jpg",
      "hash": "iiwPhjZEalxkWa6BeFKVyucuXR2+Soag5zPWg7yOPJA="
    },
    {
      "asset": "voc/lkvrat_voc.jpg",
      "hash": "ZEt6lC0oC66HigBXl6FxJcpo1Y7jrR8bDM8X0XAv7ug="
    },
    {
      "asset": "adc/lkstip_adc.jpg",
      "hash": "4NIvqxToSmMEBBKWORqOlxTu0JoZX4udYEecUmpboNY="
    },
    {
      "asset": "voc/lkstip_voc.jpg",
      "hash": "FYlWyeBXQff9YtH+3rdQzvEnwMa5MLk9/2pS21nZuJk="
    },
    {
      "asset": "adc/lkcm_adc.jpg",
      "hash": "5tSNV7TmLxXxIoPVrex4iAQFAKnP9RDlqLkwfrtPRpI="
    },
    {
      "asset": "voc/lkcm_voc.jpg",
      "hash": "Sk7uvdaFp9KANwBIBYUPea8u46VqmAgcbROPnXNfZGg="
    },
    {
      "asset": "adc/lkmi_adc.jpg",
      "hash": "zYC2jJZlbLRXOp92Z0MP/FtCGm4Nycj6pwHw1iLEAcw="
    },
    {
      "asset": "voc/lkmi_voc.jpg",
      "hash": "IUKZBsTgvKhIkKAvN5TFEt+/cvaYpkHm8yfso2z8e84="
    },
    {
      "asset": "adc/lkmb_adc.jpg",
      "hash": "L0mBQKp4VO5Cqn7hAYr7Hq0A4fv9iMMnIBzuECD3HmY="
    },
    {
      "asset": "voc/lkmb_voc.jpg",
      "hash": "nNQz7tt354e2qRzD8sW5LYb7m2Ow7nTodJnEw/sVVNI="
    },
    {
      "asset": "adc/lkmh_adc.jpg",
      "hash": "qVOJDnbvX15w9P1i3Fl5V7A8ssbvPPyGPnFCiNDQweQ="
    },
    {
      "asset": "voc/lkmh_voc.jpg",
      "hash": "0UEaJdBS/ZcbHNNDEeUwJfdy6/1vRuWanviRk6TkCsQ="
    },
    {
      "asset": "adc/lkmk_adc.jpg",
      "hash": "I49vaJyG130MXZMb7Sj9FJbaybVvzbRo8Do7wDyJayg="
    },
    {
      "asset": "voc/lkmk_voc.jpg",
      "hash": "NRhv24SGAeVzacPJPFAFIKF+jN4PGB4rUYvV8wQIRVY="
    },
    {
      "asset": "adc/lkmo_adc.jpg",
      "hash": "JQDbHr9Yx/Wma4vKInKXmksDfXLJ4ntddTmfodlSTBM="
    },
    {
      "asset": "voc/lkmo_voc.jpg",
      "hash": "QHYPUGv5RdpwbJeTHJPALk3fKuvVYrtrfeZfCrVPAC8="
    },
    {
      "asset": "adc/lknm_adc.jpg",
      "hash": "YRQ2v8+/d1P5NTY3Ju9nS37g8T/HJo4MftzXOtvmj/Y="
    },
    {
      "asset": "voc/lknm_voc.jpg",
      "hash": "aqqO7aFWSaZDLmEdhEZmWhF5EIfN2T6D/iqDGDZrxxM="
    },
    {
      "asset": "adc/lkol_adc.jpg",
      "hash": "VRym6NaXEvb1ZL04CjqX+QdkWeaRUUllgqhV4no5f2w="
    },
    {
      "asset": "voc/lkol_voc.jpg",
      "hash": "h0q233DT65fdd0AweT/McIIyQOsIlzmqL51ZSAriUpk="
    },
    {
      "asset": "adc/lkmt_adc.jpg",
      "hash": "qLAREDYeZX37HLBj58fABxiJZtefzCNRRSr6u2k3YDs="
    },
    {
      "asset": "voc/lkmt_voc.jpg",
      "hash": "AfcDsVEyYfyllSeF7g+pjJO61f5HELXx2Gfkrdm1SVY="
    },
    {
      "asset": "adc/lkpc_adc.jpg",
      "hash": "QqKRSf1JrkSYPMxbZyzWosIA5kMv6qvRMvkAAq2YaRU="
    },
    {
      "asset": "voc/lkpc_voc.jpg",
      "hash": "MFmGKddDnqIlRoGxLcV3ykSVW5/n68D323djxgh9uEQ="
    },
    {
      "asset": "adc/lkpd_adc.jpg",
      "hash": "38YFgFWZNu+BvE017YWjyUdZ6PbKB1dsW57IkfZM24I="
    },
    {
      "asset": "voc/lkpd_voc.jpg",
      "hash": "612k6RMkO0q1mAbh/1Vpl2j1KwAWibEAsJnFo9HboAA="
    },
    {
      "asset": "adc/lkps_adc.jpg",
      "hash": "GZamUEtwjT0f/qo2RBwZ/jbHvskOHxiPV0iTYvaOKvU="
    },
    {
      "asset": "voc/lkps_voc.jpg",
      "hash": "bl1FMTvOCYOGox+M05DfHD0OAdTOMFKsnsK+eMt9TSI="
    },
    {
      "asset": "adc/lkln_adc.jpg",
      "hash": "EsIVspVR7S9zNKhRM/ewXrHOA7EDbrW9dVHSZJMJDHQ="
    },
    {
      "asset": "voc/lkln_voc.jpg",
      "hash": "iY3ssK8Hqa8zbee1geACQA9fnREB4EZ+SobHFlPESI4="
    },
    {
      "asset": "adc/lkpn_adc.jpg",
      "hash": "rTFJuW4D/oTtQvKCkHH4rY41a6RjgzJ7QxZ4qwm2esg="
    },
    {
      "asset": "voc/lkpn_voc.jpg",
      "hash": "+lnUkK727Zen6Mu0r9PQpEwmJVLiDq0HNvnk9HEOkgY="
    },
    {
      "asset": "adc/lkpa_adc.jpg",
      "hash": "SgwuD23WAEKi7tiJfVMa2AA0DE5bgWBKGIZOhote/so="
    },
    {
      "asset": "voc/lkpa_voc.jpg",
      "hash": "8Y0Ho5+RFwYPD1MzHBntOw/6uIvst/AoAjHS2+bWnJE="
    },
    {
      "asset": "adc/lkpr_adc.jpg",
      "hash": "oHfjKQ+IDv2Aw/9JtP074ESjYUOF7jdPP8/GTUq5B/A="
    },
    {
      "asset": "voc/lkpr_voc.jpg",
      "hash": "Z8e/GTRKtpRwM3KjoJXM+6lvTMSUYfFbbQK1/4i5jqY="
    },
    {
      "asset": "adc/lkzn_adc.jpg",
      "hash": "oy8eyNbku/zsOIRSUYRHawTPOLBWcmjMXAwNaO7yA5w="
    },
    {
      "asset": "voc/lkzn_voc.jpg",
      "hash": "B8kjCjeWP6ll6QGAhP0Zt2qQIo71/3vkxlz5fMoggDE="
    },
    {
      "asset": "adc/lkzm_adc.jpg",
      "hash": "b2+exl+3TmYcBKF9crVCdL8UdV+r5bs/O2zslOB4hh8="
    },
    {
      "asset": "voc/lkzm_voc.jpg",
      "hash": "PY/sdrKk+aCCY/dP4ELz4/4NVBAglLk4MN9JJvYAPck="
    },
    {
      "asset": "adc/lkzd_adc.jpg",
      "hash": "HhYWSYVR7KPE0F5o+uwof/4gx0OMK4gb2RjhK2P8lBI="
    },
    {
      "asset": "voc/lkzd_voc.jpg",
      "hash": "lSwD7/ZAqhlfrA7pykNj4x9yACdVR3enJeb9hiKm7ag="
    },
    {
      "asset": "adc/lkbore_adc.jpg",
      "hash": "dc4nUqajjA0Dmj+4dOAqL1Yui1OT4Tq1hWXxRlvORr4="
    },
    {
      "asset": "voc/lkbore_voc.jpg",
      "hash": "MwjdBS37dgkHtgwBW9AoeG2BZeHXcuXOk5Y/iv2mG2U="
    },
    {
      "asset": "adc/lkbrto_adc.jpg",
      "hash": "RxVSVEu5QeNIOJypdQS3kVpPTYZmZuNXT8puicEvga0="
    },
    {
      "asset": "voc/lkbrto_voc.jpg",
      "hash": "Lty2CXKQdh3GgcGEP5/yjKFJr5nhxq3cs/y3ZJeIwa0="
    },
    {
      "asset": "adc/lkbudk_adc.jpg",
      "hash": "Y1iyLpH6kx0s15iE7pnlky1v550xU5+8nLb2SHlO9Sk="
    },
    {
      "asset": "voc/lkbudk_voc.jpg",
      "hash": "V/UwFcPqy7E6vnjooNE5L9ysWPosgEaitgLAYeO68hE="
    },
    {
      "asset": "adc/lkbyno_adc.jpg",
      "hash": "BayLOaXbIqaMaVwr6zKoTqgskv4Mc3NsRZlYwCCN3b8="
    },
    {
      "asset": "voc/lkbyno_voc.jpg",
      "hash": "TrNsQ67yj2Vnb4zJVnOsavdf+f1a/XvRL3ef988Gqow="
    },
    {
      "asset": "adc/lkbyst_adc.jpg",
      "hash": "2VE7CyHO5QPYr+uLrItI+DTov6RlYQV0l1UHNxyH9QA="
    },
    {
      "asset": "voc/lkbyst_voc.jpg",
      "hash": "VNbC3FUwABmRyuOh3Uhl/mnUcFmhQvjeN1SLH5x8EBY="
    },
    {
      "asset": "adc/lkcast_adc.jpg",
      "hash": "la724ekqvS0t/6x6JJNq7gN0L0EICx3tzg+rvuKIQxU="
    },
    {
      "asset": "voc/lkcast_voc.jpg",
      "hash": "RYFFCpspOtSGGMAqJFZFdgA0oGJKvh5JXPfFOlsBEc0="
    },
    {
      "asset": "adc/lkdetr_adc.jpg",
      "hash": "bhff1KyvEdXbeQ6yC1+ArEeRghNGmLRIQiUmENAnQzY="
    },
    {
      "asset": "voc/lkdetr_voc.jpg",
      "hash": "v+QUqxZnxwb6PnBiytlaIdWv1UdW5332i3cM7gbCLxY="
    },
    {
      "asset": "adc/lkdoud_adc.jpg",
      "hash": "eaXeWJkRVhdfrqmFtKt8a+HHz5UfIGa3T1OoHo1ienA="
    },
    {
      "asset": "voc/lkdoud_voc.jpg",
      "hash": "F0bJjiKeKauHSA/c7IhUhincq+EDYErnv+3EatYvw9I="
    },
    {
      "asset": "adc/lkdruz_adc.jpg",
      "hash": "hF3Eexkt2pNbKLB2nT93Pa7RhEnJG9RUQ3/O6q7nEC0="
    },
    {
      "asset": "voc/lkdruz_voc.jpg",
      "hash": "MODb2agEJZDf7iGLuBNWytLUhNNRcLWtbh84un7rbtU="
    },
    {
      "asset": "adc/lkdusn_adc.jpg",
      "hash": "osYa4PF79Rm6V+/rinbcGBvluO4iA/x8OaKvIucbY7w="
    },
    {
      "asset": "voc/lkdusn_voc.jpg",
      "hash": "OtldaM+lk7ccK4SHOEBVCt6kmxqYb0XVbpqJSnx58SI="
    },
    {
      "asset": "adc/lkexca_adc.jpg",
      "hash": "E1B5IldAJsuyM7rLiP2CiW9BUdXhSLFrJFGfJCK1yKo="
    },
    {
      "asset": "voc/lkexca_voc.jpg",
      "hash": "aXO3G9SKWIkXV6guiY9+k9eao9stUyNeka+aGaWwJVM="
    },
    {
      "asset": "adc/lkhath_adc.jpg",
      "hash": "DrieszG3c2R2BG3unKlhZTjCqNp3BpCa2FZpDGj6Kt0="
    },
    {
      "asset": "voc/lkhath_voc.jpg",
      "hash": "354P1ZUkOENTRpc4x6UCuul/bbt27cu+jMFS8/Oxex8="
    },
    {
      "asset": "adc/lkhv_adc.jpg",
      "hash": "pY0V7NF1uBPhCXpp0O9xHdRviIsNs9WWWn1mACtgaIw="
    },
    {
      "asset": "voc/lkhv_voc.jpg",
      "hash": "lKxoBram7MkUrCLpk4AccCzuIRb9YpC6WK3WVu+BSIc="
    },
    {
      "asset": "adc/lkhs_adc.jpg",
      "hash": "v17w4dfY2Hu5qSjobjz4EJo2ypmGrs+8EGwpgVv/G3U="
    },
    {
      "asset": "voc/lkhs_voc.jpg",
      "hash": "Sj8XVCb3T10jTQjONRf24AjM6LS9qr5nGZU35GIgG84="
    },
    {
      "asset": "adc/lkhk_adc.jpg",
      "hash": "6LNiJAhFHXHwpUVGrXqI+pvrx88dMKbaPtNTkzVi4qs="
    },
    {
      "asset": "voc/lkhk_voc.jpg",
      "hash": "1J5L6HQF524ud3ZTNlN9pRDsL/vp45yCN3q+JeKzBew="
    },
    {
      "asset": "adc/lkhn_adc.jpg",
      "hash": "n34D6sf3Cumofk0YSN9XWlSG1Q4z9QOx/OyIiw3Tmik="
    },
    {
      "asset": "voc/lkhn_voc.jpg",
      "hash": "bPCTMr5sR9IPxzU/rV8i4oQihlN/htTALVaCeugXmTk="
    },
    {
      "asset": "adc/lkcb_adc.jpg",
      "hash": "YMqM78aL9BLYKawoJG3fJekWT5qU7dZp08UWUEg8Gd0="
    },
    {
      "asset": "voc/lkcb_voc.jpg",
      "hash": "Mn6/0m0rD5ixsNAAqtPMszDoYIGe0mzLiaFFOvkTI2g="
    },
    {
      "asset": "adc/lkch_adc.jpg",
      "hash": "5oW7YtlNpfA8ERqfPNFbi4NtM6x71eebRgeRVQ5hvWM="
    },
    {
      "asset": "voc/lkch_voc.jpg",
      "hash": "fiNCYu39H0g7JPPJ11npKOuYa/Q3S5Dt52ZSHxyu3Lg="
    },
    {
      "asset": "adc/lkct_adc.jpg",
      "hash": "MPHL9VrfBfqSIPzgHndIshlypJxEsYQ/78NpyWK7z70="
    },
    {
      "asset": "voc/lkct_voc.jpg",
      "hash": "bX8KPMjHlfe6n35UenyRqGtzbMoaNfO/teKu2u1xtW4="
    },
    {
      "asset": "adc/lkvl_adc.jpg",
      "hash": "vTt//zm1fIXric7Prh8fuasJE4EYgYA4AARBTdVQdiI="
    },
    {
      "asset": "voc/lkvl_voc.jpg",
      "hash": "w2Qa31bhdC/D7nPVAuB0AKh8OYXxy0siC6ZS3NfOyPM="
    },
    {
      "asset": "adc/lkvr_adc.jpg",
      "hash": "IuPrDWmCA0zbkeZnTiiGPqoRKy3m2IS5TCCxjwd7b3c="
    },
    {
      "asset": "voc/lkvr_voc.jpg",
      "hash": "Va42ije3s2BCaD8U2O81S7YOX5D2fBG189iGv2I1xFE="
    },
    {
      "asset": "adc/lkvm_adc.jpg",
      "hash": "bPj2JW1kzWkU13hQ3pHrHLE+6PRrl9SJe266SxNx82M="
    },
    {
      "asset": "voc/lkvm_voc.jpg",
      "hash": "tWg2c00bC+BRrqRrt8ZQrtflQk/XiitBcjCwV6zfRH8="
    },
    {
      "asset": "adc/lkvy_adc.jpg",
      "hash": "J6Hbv0Y0JQdNwCazpgNMDOrHR8rhA0CSRASX56Mh3O4="
    },
    {
      "asset": "voc/lkvy_voc.jpg",
      "hash": "qQO8Ss9NkPN9hcVtqedGB/9TohQjTePHIleKmCm98ks="
    },
    {
      "asset": "adc/lkza_adc.jpg",
      "hash": "U06mZWRjSIH8EaV2+x4pTK+ljPzpos03k3QTFdjTnOE="
    },
    {
      "asset": "voc/lkza_voc.jpg",
      "hash": "UoC/GHldG/wUzHGs14oMmilFOl6nzSpRH0mNjOcE9H0="
    },
    {
      "asset": "adc/lkzb_adc.jpg",
      "hash": "+D6jandxpke8SbU8E4o80xVRffMD6EQ1ZgHHPf25PjQ="
    },
    {
      "asset": "voc/lkzb_voc.jpg",
      "hash": "qA1igdn8Ln/GX6VjKaLZzOULRtXIfo3VMAjMi6/oAo0="
    },
    {
      "asset": "adc/lkzl_adc.jpg",
      "hash": "LyNKCcpQ+RmzIdj7rd92vw2sxxKdvX/TxuLRIrBCx9w="
    },
    {
      "asset": "voc/lkzl_voc.jpg",
      "hash": "Mya0iXdmpdG/O8gg1AZbDzS9zPyi/k1epkQS6MQbKU4="
    },
    {
      "asset": "adc/lkchra_adc.jpg",
      "hash": "N5A64DStkuf/GtvqdCW6OT6Jk0ceNCRw3EwKw2xcMoY="
    },
    {
      "asset": "voc/lkchra_voc.jpg",
      "hash": "a4JOJg428re1Cd1YMIKe747N+dCL/Q5ftawjc5HT2ao="
    },
    {
      "asset": "adc/lkchri_adc.jpg",
      "hash": "2D0Gq+2oQJ57lDHQLSlwnBBmS0HOqZmtkDcOs8Dw2Ng="
    },
    {
      "asset": "voc/lkchri_voc.jpg",
      "hash": "pj0oYN/Rju4xgyzD2JZjZMOjd7O7DS8vXcEuz/RU7rM="
    },
    {
      "asset": "adc/lkchvo_adc.jpg",
      "hash": "nhYYUTEOF5u2alXfUoavmw+jwRRnwh/Z7IMs/wcvJKA="
    },
    {
      "asset": "voc/lkchvo_voc.jpg",
      "hash": "/Pq70ubg+Vj8ZjkuVt89wbMsgHT408xfxX1NH7qJqHE="
    },
    {
      "asset": "adc/lkkejz_adc.jpg",
      "hash": "YHf2R7+CenhxGxjuI8dTo5w45t5HVglQuE3GBbR9vOU="
    },
    {
      "asset": "voc/lkkejz_voc.jpg",
      "hash": "+Co6r2BXxv0xqfUWR2XJv8L6UpaqBwauOuBiiat4lBI="
    },
    {
      "asset": "adc/lkkotv_adc.jpg",
      "hash": "me1UaySvkf3c6dVdIr1ZP6hqTie9Hx+amuFjmy5IXEg="
    },
    {
      "asset": "voc/lkkotv_voc.jpg",
      "hash": "jxkNZ4+zrpi0L44+82IjvXERHWis8QzNumooy/yEhsk="
    },
    {
      "asset": "adc/lkkram_adc.jpg",
      "hash": "nmaJSXP8CAZrDXXCp0hV+6w1GxUyjXHV8kcJq6iKaPw="
    },
    {
      "asset": "voc/lkkram_voc.jpg",
      "hash": "EdVFX7ngPNfJYJ1m5vxJOzPYQQ1cpW07rzDonkoVTPw="
    },
    {
      "asset": "adc/lkkrpy_adc.jpg",
      "hash": "V8BZd4VsaZtupenQ8k5hEj0Utt+FIQ9hBYZ020qNn/I="
    },
    {
      "asset": "voc/lkkrpy_voc.jpg",
      "hash": "5AE71bZhU4t2YK7ZMlU/aQGknMOAkABvThtn0aOemmM="
    },
    {
      "asset": "adc/lkkriz_adc.jpg",
      "hash": "7QH2W3b+wnvXnQcq9/Ff8ro+VsQovyiRsPhda+HTMSA="
    },
    {
      "asset": "voc/lkkriz_voc.jpg",
      "hash": "BZkAFFUtDq25EEQgJ+eWIgl+22BixhFEAUg8GRbqflw="
    },
    {
      "asset": "adc/lkkvas_adc.jpg",
      "hash": "HmGjulH57pLICkdoWXxH78YTuW07deUMVUCD48TIIWU="
    },
    {
      "asset": "voc/lkkvas_voc.jpg",
      "hash": "IPJJNfgC0qu1/SLoZLhUY4Wb65vUdhuHnF0odzjKxCQ="
    },
    {
      "asset": "adc/lkleto_adc.jpg",
      "hash": "Sprf2bbIHvXs86yKqDDSpxGIiNSrjGIXf4bTv4N88TU="
    },
    {
      "asset": "voc/lkleto_voc.jpg",
      "hash": "c5gPBTS+h34/wZFA9NaAJv70MXfcaq1QHhB7COuSs+s="
    },
    {
      "asset": "adc/lkliba_adc.jpg",
      "hash": "LepDr5jLA0BWWxlOJVoo8x7rrXWiYwA4kbYEpkM1Nw4="
    },
    {
      "asset": "voc/lkliba_voc.jpg",
      "hash": "IPG1UdmRd6XiGbA3TW+xGMHuiW6u9gw407hzjzoWDKQ="
    },
    {
      "asset": "adc/lklomn_adc.jpg",
      "hash": "J7xHtVA+lSj1/zjEmThhM7jfz3UslkNtMs8Z0t7yLlk="
    },
    {
      "asset": "voc/lklomn_voc.jpg",
      "hash": "1r00V77d8wJwIjL7RgzqL5qkfZ0AY279PqSwsrCD+Vc="
    },
    {
      "asset": "adc/lklouc_adc.jpg",
      "hash": "WqDLlzqLMLozIfMQZn5epyqwiMERwzN38VY++0JpzTc="
    },
    {
      "asset": "voc/lklouc_voc.jpg",
      "hash": "Lw/X+Lj5c8bofr/L4dIFLDfMFs8v1hHSp/k7b8wooH4="
    },
    {
      "asset": "adc/lkluha_adc.jpg",
      "hash": "pnuAXFzZjlfUKXsPUNWe3aK2KYU9zWRujs6U+cXWoH4="
    },
    {
      "asset": "voc/lkluha_voc.jpg",
      "hash": "PeU0TO6j679ZkKGoDLtfYLffclMGolzwKQIwBkg8lyQ="
    },
    {
      "asset": "adc/lkmilo_adc.jpg",
      "hash": "zPFXckMPdmBiCY0nBrj0apIvv8hTL7hsvq1TFdZ2Mts="
    },
    {
      "asset": "voc/lkmilo_voc.jpg",
      "hash": "w150r+DMCsr0A187F5/OyR6C8V/1DOd6uHhAowiURPg="
    },
    {
      "asset": "adc/lkmlad_adc.jpg",
      "hash": "UXIXpRlTxIRLiUXj42kDelOUjXFB4LMuvappnfuNWGo="
    },
    {
      "asset": "voc/lkmlad_voc.jpg",
      "hash": "tgUJd79YbXBp/qKbAnyVV/odQsrbv+xnMcKox6t/VuM="
    },
    {
      "asset": "adc/lknach_adc.jpg",
      "hash": "CdxSM5wbrX23xtMO6fnM0OSjtCsHo2v2m/N65xosHQM="
    },
    {
      "asset": "voc/lknach_voc.jpg",
      "hash": "UFXgU8PYdl1b7tVClaXAQFhEktWNzb1JX+Gme/GpIWQ="
    },
    {
      "asset": "adc/lknapa_adc.jpg",
      "hash": "vgEVY0CavZpCbSGzjS+I/qCchBzxGTqhs8A1kDtka38="
    },
    {
      "asset": "voc/lknapa_voc.jpg",
      "hash": "mH+EIpTJ9S8PCgIyzsQQsf0oAhmMhTK29xKgAwijSeM="
    },
    {
      "asset": "adc/lknvce_adc.jpg",
      "hash": "G0o/Hz1AD+7LtiiZSFGlW0bj4TioG3cC3/tOJyCC/6M="
    },
    {
      "asset": "voc/lknvce_voc.jpg",
      "hash": "XjYcnRyY6Qw9cSzzisvlzTYRKHa8c0a+luqpfQqSzwo="
    },
    {
      "asset": "adc/lknymb_adc.jpg",
      "hash": "p/p9MKr+ulTv0CLxGgi9sLEiipvQnKGvlaDwb9ms0e8="
    },
    {
      "asset": "voc/lknymb_voc.jpg",
      "hash": "LYZGrIWmoo+9Jy36fcsNtfiCzbMjDkbt7+12iZXw3yU="
    },
    {
      "asset": "adc/lkopav_adc.jpg",
      "hash": "sMLv/Pbbf7wP6PiEXxpfjFjROJoleJ+rPYur3BWku/w="
    },
    {
      "asset": "voc/lkopav_voc.jpg",
      "hash": "w9R9pdcefxZSjTXY5/LNn1B8OvYBMO7p8N18dHn1OG4="
    },
    {
      "asset": "adc/lkosic_adc.jpg",
      "hash": "qDW57gsbaJhXUq3ay4mlnfDJPidJXh6tHFxasqLPOHo="
    },
    {
      "asset": "voc/lkosic_voc.jpg",
      "hash": "+By64sHRuzMXdXDHNi/Q6ZBSmLo04vqRXzlhIiXDF0c="
    },
    {
      "asset": "adc/lkostr_adc.jpg",
      "hash": "p3/R0wPKGE4rgIUWZMPbY+VdPnTwBj3TsApoZk5Kl8M="
    },
    {
      "asset": "voc/lkostr_voc.jpg",
      "hash": "NLE4TVkl5Co4x1cYuioHS8UyHyZdBN05rkNxVWAzovw="
    },
    {
      "asset": "adc/lkpisk_adc.jpg",
      "hash": "Bl93qXiprZpKO5HXks6CeQ4GkIX+m3tvyAI/1gAlu5E="
    },
    {
      "asset": "voc/lkpisk_voc.jpg",
      "hash": "zrriUWhCvwj7Iy47oS1UR/WOclGWce3Yd24lboo/TiA="
    },
    {
      "asset": "adc/lkrams_adc.jpg",
      "hash": "7JC29Q75cYUn6lkQPKikMCa53lpVLRpQYlMVHtZG4Vg="
    },
    {
      "asset": "voc/lkrams_voc.jpg",
      "hash": "IJu3gowPs1Zr+U+Guq9VMvatj7zZuJlz66+jHHwk4rk="
    },
    {
      "asset": "adc/lkslus_adc.jpg",
      "hash": "CS5id+A7c7qVzU/oz15VajjZ5HEbw0Kll0Nu+ZYY5rA="
    },
    {
      "asset": "voc/lkslus_voc.jpg",
      "hash": "kvdGOZHEV5E3gLx+294jH5PeWJoFjTyUVzjD0GHvNSU="
    },
    {
      "asset": "adc/lkstrz_adc.jpg",
      "hash": "qjoaahL4kjZe2KNvdPb69zhGDOyrO5dddWu2ADFcUzM="
    },
    {
      "asset": "voc/lkstrz_voc.jpg",
      "hash": "jJCWULKRd5PW3abRgav+fam2bP6coZJ3s7nQunDDLV0="
    },
    {
      "asset": "adc/lkstet_adc.jpg",
      "hash": "APDuMgyE0xbkDUxKddvyJmfipOB39qDUxS7ACSZjRyE="
    },
    {
      "asset": "voc/lkstet_voc.jpg",
      "hash": "4AejoXAFcwAdG+G/2k4iJTjjHUCybPV6BWbHdgDObck="
    },
    {
      "asset": "adc/lktepl_adc.jpg",
      "hash": "uHcyvwJvLHpuYkpEGnpSmPljYLaUlCGWCpJ7G0m8pXo="
    },
    {
      "asset": "voc/lktepl_voc.jpg",
      "hash": "7LhGoXW32HWCL9IjrkFdapBkAG54gADji4GOct3mRdk="
    },
    {
      "asset": "adc/lktere_adc.jpg",
      "hash": "1PoVu10Q4KwHjgGkwXYkC/IrBGTz1zm0T0CanwYpLeU="
    },
    {
      "asset": "voc/lktere_voc.jpg",
      "hash": "uzTsqJU21oxXZApieXI8a1wOTNf66y89MI5FCbI2gdM="
    },
    {
      "asset": "adc/lktrut_adc.jpg",
      "hash": "FyFdACP8gm/7l9cC0JR2ybqluk3HJPEvZVYVtQkpdhs="
    },
    {
      "asset": "voc/lktrut_voc.jpg",
      "hash": "eynKemsXaC5yexAs5fPPpoapEkkJwk43+xYaQoNc+Qg="
    }
  ],
  "hash": "5lNYbm+GS0/Mf+GnSNzLHr3gQnTCynJZjrabEgGwY4Y=",
  "version": "20201210"
}