{
  "items": [
    {
      "asset": "adc/lkstip_adc.jpg",
      "hash": "e0d22fab14e84a6304041296391a8e9714eed09a195f8b9d60479c526a5ba0d6"
    },
    {
      "asset": "voc/lkstip_voc.jpg",
      "hash": "158956c9e05741f7fd62d1fedeb750cef127c0c6b930b93dff6a52db59d9b899"
    },
    {
      "asset": "adc/lkvrat_adc.jpg",
      "hash": "8a2c0f8636446a5c6459ae81785295cae72e5d1dbe4a86a0e733d683bc8e3c90"
    },
    {
      "asset": "voc/lkvrat_voc.jpg",
      "hash": "644b7a942d280bae878a005797a17125ca68d58ee3ad1f1b0ccf17d1702feee8"
    },
    {
      "asset": "adc/lkpavl_adc.jpg",
      "hash": "293cb81901b3d43a5a81d7a19c7cf84150236128d57a1b74f2dd4eae153f7018"
    },
    {
      "asset": "voc/lkpavl_voc.jpg",
      "hash": "17831c85458658bf7880d5716cc637ceb5c07a4e126de94bb7a9751f04b979bb"
    },
    {
      "asset": "adc/lktrut_adc.jpg",
      "hash": "17215d0023fc826ffb97d702d09476c9baa5ba4dc724f12f655615b50929761b"
    },
    {
      "asset": "voc/lktrut_voc.jpg",
      "hash": "7b29ca7a6b17682e727b102ce5f3cfa686a9124909c24e37fb161a42835cf908"
    },
    {
      "asset": "adc/lktere_adc.jpg",
      "hash": "d4fa15bb5d10e0ac078e01a4c176240bf22b0464f3d739b44f409a9f06292de5"
    },
    {
      "asset": "voc/lktere_voc.jpg",
      "hash": "bb34eca89536d68c57640a6279723c6b5c0e4cd7faeb2f3d308e4509b23681d3"
    },
    {
      "asset": "adc/lktepl_adc.jpg",
      "hash": "b87732bf026f2c7a6e624a441a7a5298f96360b6949421960a927b1b49bca57a"
    },
    {
      "asset": "voc/lktepl_voc.jpg",
      "hash": "ecb846a175b7d875822fd223ae415d6a9064006e788000e38b818e72dde645d9"
    },
    {
      "asset": "adc/lkstet_adc.jpg",
      "hash": "00f0ee320c84d316e40d4c4a75dbf22667e2a4e077f6a0d4c52ec00926634721"
    },
    {
      "asset": "voc/lkstet_voc.jpg",
      "hash": "e007a3a1700573001d1be1bfda4e222538e31d40b26cf57a0566c77600ce6dc9"
    },
    {
      "asset": "adc/lkstrz_adc.jpg",
      "hash": "aa3a1a6a12f892365ed8a36f74f6faf738460cecab3b975d756bb600315c5333"
    },
    {
      "asset": "voc/lkstrz_voc.jpg",
      "hash": "8c909650b2917793d6dda6d181abfe7da9b66cfe9ca19277b3b9d0ba70c32d5d"
    },
    {
      "asset": "adc/lkslus_adc.jpg",
      "hash": "092e6277e03b73ba95cd4fe8cf5e556a38d9e4711bc342a597436ef99618e6b0"
    },
    {
      "asset": "voc/lkslus_voc.jpg",
      "hash": "92f7463991c457913780bc7edbde231f93de589a058d3c945738c3d061ef3525"
    },
    {
      "asset": "adc/lkrams_adc.jpg",
      "hash": "ec90b6f50ef9718527ea59103ca8a43026b9de5a552d1a506253151ed646e158"
    },
    {
      "asset": "voc/lkrams_voc.jpg",
      "hash": "209bb7828c0fb3566bf94f86baaf5532f6ad8fbcd9b89973ebafa31c7c24e2b9"
    },
    {
      "asset": "adc/lkpisk_adc.jpg",
      "hash": "065f77a978a9ad9a4a3b91d792ce82790e069085fe9b7b6fc8023fd60025bb91"
    },
    {
      "asset": "voc/lkpisk_voc.jpg",
      "hash": "cebae2516842bf08fb232e3ba12d5447f58e72519671edd8776e256e8a3f4e20"
    },
    {
      "asset": "adc/lkostr_adc.jpg",
      "hash": "a77fd1d303ca184e2b80851664c3db63e55d3e74f0063dd3b00a68664e4a97c3"
    },
    {
      "asset": "voc/lkostr_voc.jpg",
      "hash": "34b1384d5925e42a38c75718ba2a074bc5321f265d04dd39ae4371556033a2fc"
    },
    {
      "asset": "adc/lkosic_adc.jpg",
      "hash": "a835b9ee0b1b68985752addacb89a59df0c93e27495e1ead1c5c5ab2a2cf387a"
    },
    {
      "asset": "voc/lkosic_voc.jpg",
      "hash": "f81cbae2c1d1bb33177570c7362fd0e9905298ba34e2fa915f39612225c31747"
    },
    {
      "asset": "adc/lkopav_adc.jpg",
      "hash": "b0c2effcf6db7fbc0fe8f8845f1a5f8c58d1389a25789fab3d8babdc15a4bbfc"
    },
    {
      "asset": "voc/lkopav_voc.jpg",
      "hash": "c3d47da5d71e7f16528d35d8e7f2cd9f507c3af60130eee9f0dd7c7479f5386e"
    },
    {
      "asset": "adc/lknymb_adc.jpg",
      "hash": "a7fa7d30aafeba54efd022f11a08bdb0b1228a9bd09ca1af95a0f06fd9acd1ef"
    },
    {
      "asset": "voc/lknymb_voc.jpg",
      "hash": "2d8646ac85a6a28fbd272dfa7dcb0db5f882cdb3230e46edefed768995f0df25"
    },
    {
      "asset": "adc/lknvce_adc.jpg",
      "hash": "1b4a3f1f3d400feecbb628994851a55b46e3e138a81b7702dffb4e272082ffa3"
    },
    {
      "asset": "voc/lknvce_voc.jpg",
      "hash": "5e361c9d1c98e90c3d712cf38acbe5cd36112876bc7346be96eaa97d0a92cf0a"
    },
    {
      "asset": "adc/lknapa_adc.jpg",
      "hash": "be011563409abd9a426d21b38d2f88fea09c841cf1193aa1b3c035903b646b7f"
    },
    {
      "asset": "voc/lknapa_voc.jpg",
      "hash": "987f842294c9f52f0f0a0232cec410b1fd2802198c8532b6f712a00308a349e3"
    },
    {
      "asset": "adc/lknach_adc.jpg",
      "hash": "09dc52339c1bad7db7c6d30ee9f9ccd0e4a3b42b07a36bf69bf37ae71a2c1d03"
    },
    {
      "asset": "voc/lknach_voc.jpg",
      "hash": "5055e053c3d8765d5beed54295a5c040584492d58dcdbd495fe1a67bf1a92164"
    },
    {
      "asset": "adc/lkmlad_adc.jpg",
      "hash": "517217a51953c4844b8945e3e369037a53948d7141e0b32ebdaa699dfb8d586a"
    },
    {
      "asset": "voc/lkmlad_voc.jpg",
      "hash": "b6050977bf586d7069fea29b027c9557fa1d42cadbbfec6731c2a8c7ab7f56e3"
    },
    {
      "asset": "adc/lkmist_adc.jpg",
      "hash": "0ffb977e37f81dfacf634910f8d646253b13aba45ac63686ea2affe8a6e31c34"
    },
    {
      "asset": "voc/lkmist_voc.jpg",
      "hash": "c75e24902309293404ad17370f2cce8a2058307610d3dce0c73779a02515d120"
    },
    {
      "asset": "adc/lkmira_adc.jpg",
      "hash": "e6058b1f1be35207b678752017f56f3c71cb442899655a0c5c54db747974bf1c"
    },
    {
      "asset": "voc/lkmira_voc.jpg",
      "hash": "ea6dcb490bda2571f23aa57dbfa9e67f7b22e280bab041a7ae8da43eb7f89dfa"
    },
    {
      "asset": "adc/lkmiro_adc.jpg",
      "hash": "05953c534ed9467ce0d2e78bb8b0c1337a170d42d7d8a89b49e9ccb4661e3d87"
    },
    {
      "asset": "voc/lkmiro_voc.jpg",
      "hash": "799252cd13975dce53e8a6a123ea52bb06640f04874ca8f4ed6b5f5e898f427b"
    },
    {
      "asset": "adc/lkmilo_adc.jpg",
      "hash": "ccf15772430f766062098d2706b8f46a922fbfc8532fb86cbead5315d67632db"
    },
    {
      "asset": "voc/lkmilo_voc.jpg",
      "hash": "c35e74afe0cc0acaf4035f3b179fcec91e82f15ff50ce77ab87840a3089444f8"
    },
    {
      "asset": "adc/lkluha_adc.jpg",
      "hash": "a67b805c5cd98e57d4297b0f50d59edda2b629853dcd646e8ece94f9c5d6a07e"
    },
    {
      "asset": "voc/lkluha_voc.jpg",
      "hash": "3de5344ceea3ebbf5990a1a80cbb5f60b7df725306a25cf029023006483c9724"
    },
    {
      "asset": "adc/lklouc_adc.jpg",
      "hash": "5aa0cb973a8b30ba3321f310667e5ea72ab088c111c33377f1563efb4269cd37"
    },
    {
      "asset": "voc/lklouc_voc.jpg",
      "hash": "2f0fd7f8b8f973c6e87ebfcbe1d2052c37cc16cf2fd611d2a7f93b6fcc28a07e"
    },
    {
      "asset": "adc/lklomn_adc.jpg",
      "hash": "27bc47b5503e9528f5ff38c499386133b8dfcf752c96436d32cf19d2def22e59"
    },
    {
      "asset": "voc/lklomn_voc.jpg",
      "hash": "d6bd3457beddf302702232fb460cea2f9aa47d9d00636efd3ea4b0b2b083f957"
    },
    {
      "asset": "adc/lkliba_adc.jpg",
      "hash": "2dea43af98cb0340565b194e255a28f31eebad75a263003891b604a64335370e"
    },
    {
      "asset": "voc/lkliba_voc.jpg",
      "hash": "20f1b551d99177a5e219b0374d6fb118c1ee896eaef60c38d3b8738f3a160ca4"
    },
    {
      "asset": "adc/lkleto_adc.jpg",
      "hash": "4a9adfd9b6c81ef5ecf3ac8aa830d2a7118888d4ab8c62177f86d3bf837cf135"
    },
    {
      "asset": "voc/lkleto_voc.jpg",
      "hash": "73980f0534be877e3fc19140f4d68026fef43177dc6aad501e107b08eb92b3eb"
    },
    {
      "asset": "adc/lkkvas_adc.jpg",
      "hash": "1e61a3ba51f9ee92c80a4768597c47efc613b96d3b75e50c554083e3c4c82165"
    },
    {
      "asset": "voc/lkkvas_voc.jpg",
      "hash": "20f24935f802d2abb5fd22e864b85463859beb9bd4761b879c5d287738cac424"
    },
    {
      "asset": "adc/lkkriz_adc.jpg",
      "hash": "ed01f65b76fec27bd79d072af7f15ff2ba3e56c428bf2891b0f85d6be1d33120"
    },
    {
      "asset": "voc/lkkriz_voc.jpg",
      "hash": "05990014552d0eadb910442027e79622097edb6062c6114401483c1916ea7e5c"
    },
    {
      "asset": "adc/lkkrpy_adc.jpg",
      "hash": "57c05977856c699b6ea5e9d0f24e61123d14b6df85210f61058674db4a8d9ff2"
    },
    {
      "asset": "voc/lkkrpy_voc.jpg",
      "hash": "e4013bd5b661538b7660aed932553f6901a49cc38090006f4e1b67d1a39e9a63"
    },
    {
      "asset": "adc/lkkram_adc.jpg",
      "hash": "9e66894973fc08066b0d75c2a74855fbac351b15328d71d5f24709aba88a68fc"
    },
    {
      "asset": "voc/lkkram_voc.jpg",
      "hash": "11d5455fb9e03cd7c9609d66e6fc493b33d8410d5ca56d3baf30e89e4a154cfc"
    },
    {
      "asset": "adc/lkkotv_adc.jpg",
      "hash": "99ed546b24af91fddce9d55d22bd593fa86a4e27bd1f1f9a9ae1639b2e485c48"
    },
    {
      "asset": "voc/lkkotv_voc.jpg",
      "hash": "8f190d678fb3ae98b42f8e3ef36223bd71111d68acf10ccdba6a28cbfc8486c9"
    },
    {
      "asset": "adc/lkkejz_adc.jpg",
      "hash": "6077f647bf827a78711b18ee23c753a39c38e6de47560950b84dc605b47dbce5"
    },
    {
      "asset": "voc/lkkejz_voc.jpg",
      "hash": "f82a3aaf6057c6fd31a9f5164765c9bfc2fa5296aa0706ae3ae06289ab789412"
    },
    {
      "asset": "adc/lkchvo_adc.jpg",
      "hash": "9e161851310e179bb66a55df5286af9b0fa3c11467c21fd9ec832cff072f24a0"
    },
    {
      "asset": "voc/lkchvo_voc.jpg",
      "hash": "fcfabbd2e6e0f958fc66392e56df3dc1b32c8074f8d3cc5fc57d4d1fba89a871"
    },
    {
      "asset": "adc/lkchri_adc.jpg",
      "hash": "d83d06abeda8409e7b9431d02d29709c10664b41cea999ad90370eb3c0f0d8d8"
    },
    {
      "asset": "voc/lkchri_voc.jpg",
      "hash": "a63d2860dfd18eee31832cc3d8966364c3a377b3bb0d2f2f5dc12ecff454eeb3"
    },
    {
      "asset": "adc/lkchra_adc.jpg",
      "hash": "37903ae034ad92e7ff1adbea7425ba393e8993471e342470dc4c0ac36c5c3286"
    },
    {
      "asset": "voc/lkchra_voc.jpg",
      "hash": "6b824e260e36f2b7b509dd5830829eef8ecdf9d08bfd0e5fb5ac237391d3d9aa"
    },
    {
      "asset": "adc/lkchov_adc.jpg",
      "hash": "d34ca060ab78d432616964fff10afdffac294c3ac5cf516b0ed07a544b605569"
    },
    {
      "asset": "voc/lkchov_voc.jpg",
      "hash": "31d870731a7ef6f5c32ea2f50986c9cdc3149356853384aeadc1e1011dd9c671"
    },
    {
      "asset": "adc/lkchot_adc.jpg",
      "hash": "b3ec8728a7c38e18f062dcdea96be10ccabb4f0d83c1dcf1d9526fc44db7e719"
    },
    {
      "asset": "voc/lkchot_voc.jpg",
      "hash": "932115208c24c52f911a3ae2b2643a278fbc0dcf7256be49827dafe4b3f73ce4"
    },
    {
      "asset": "adc/lkchoc_adc.jpg",
      "hash": "5f9eae93e68d91dc0dd4f9068e6f6fcfadffeb4db0174c4e9b9738e860629d05"
    },
    {
      "asset": "voc/lkchoc_voc.jpg",
      "hash": "93cffaa30c62d826af781e661dc14524120aa111f6056f9edd2a50d209e174a8"
    },
    {
      "asset": "adc/lkchar_adc.jpg",
      "hash": "e44aaab318b0d011966e08c3c7d0390b7733c15ced3b42ff64326a0d736388a4"
    },
    {
      "asset": "voc/lkchar_voc.jpg",
      "hash": "c741feb1ecce207c5a8d6b1449b3749c09da072c50f56b5b87b697de51e5c0c2"
    },
    {
      "asset": "adc/lkhrad_adc.jpg",
      "hash": "dada98fc6b0ee5149c67f34c4c33cfb17ef6bfeb04b245ba4c365b5de4a80267"
    },
    {
      "asset": "voc/lkhrad_voc.jpg",
      "hash": "e41309003f66ee86e5a7e0b025f6cd3e9becd9402a32c498ce12a0641e458164"
    },
    {
      "asset": "adc/lkprim_adc.jpg",
      "hash": "ca80fd2944d572d0c2214a299e1e978863d9d9f58ce2830ac8e45734e8076e85"
    },
    {
      "asset": "voc/lkprim_voc.jpg",
      "hash": "149b926855d7452bf0ae23ce0749fa9826e54fc6a10c8fb7a6bec99d8702bcbf"
    },
    {
      "asset": "adc/lkpoca_adc.jpg",
      "hash": "b404da60a60e27aab6a13a7449f988cae0a74e54412d1193b69208b36274b455"
    },
    {
      "asset": "voc/lkpoca_voc.jpg",
      "hash": "e18bb5478e5f443190cce0694d55ab4b164b98baae07028357a2cfcc8afe9ee3"
    },
    {
      "asset": "adc/lkhath_adc.jpg",
      "hash": "0eb89eb331b7736476046dee9ca9616538c2a8da7706909ad856690c68fa2add"
    },
    {
      "asset": "voc/lkhath_voc.jpg",
      "hash": "df9e0fd59524384353469738c7a502bae97f6dbb76edcbbe8cc152f3f3b17b1f"
    },
    {
      "asset": "adc/lkexca_adc.jpg",
      "hash": "13507922574026cbb233bacb88fd82896f4151d5e148b16b24519f2422b5c8aa"
    },
    {
      "asset": "voc/lkexca_voc.jpg",
      "hash": "6973b71bd48a58891757a82e898f7e93d79aa3db2d53235e91af9a19a5b02553"
    },
    {
      "asset": "adc/lkdusn_adc.jpg",
      "hash": "a2c61ae0f17bf519ba57efeb8a76dc181be5b8ee2203fc7c39a2af22e71b63bc"
    },
    {
      "asset": "voc/lkdusn_voc.jpg",
      "hash": "3ad95d68cfa593b71c2b84873840550adea49b1a986f45d56e9a894a7c79f122"
    },
    {
      "asset": "adc/lkdruz_adc.jpg",
      "hash": "845dc47b192dda935b28b0769d3f773daed18449c91bd454437fceeaaee7102d"
    },
    {
      "asset": "voc/lkdruz_voc.jpg",
      "hash": "30e0dbd9a8042590dfee218bb81356cad2d484d35170b5ad6e1f38ba7eeb6ed5"
    },
    {
      "asset": "adc/lkdoud_adc.jpg",
      "hash": "79a5de58991156175faea985b4ab7c6be1c7cf951f2066b74f53a81e8d627a70"
    },
    {
      "asset": "voc/lkdoud_voc.jpg",
      "hash": "1746c98e229e29ab87480fdcec88548629dcabe103604ae7bfedc46ad62fc3d2"
    },
    {
      "asset": "adc/lkdetr_adc.jpg",
      "hash": "6e17dfd4acaf11d5db790eb20b5f80ac479182134698b44842252610d0274336"
    },
    {
      "asset": "voc/lkdetr_voc.jpg",
      "hash": "bfe414ab1667c706fa3e7062cad95a21d5afd54756e77df68b770cee06c22f16"
    },
    {
      "asset": "adc/lkcast_adc.jpg",
      "hash": "95aef6e1e92abd2d2dffac7a24936aee03742f41080b1dedce0fabbee2884315"
    },
    {
      "asset": "voc/lkcast_voc.jpg",
      "hash": "4581450a9b293ad48618c02a245645760034a0624abe1e495cf7c53a5b0111cd"
    },
    {
      "asset": "adc/lkbyst_adc.jpg",
      "hash": "d9513b0b21cee503d8afeb8bac8b48f834e8bfa465610574975507371c87f500"
    },
    {
      "asset": "voc/lkbyst_voc.jpg",
      "hash": "54d6c2dc5530001991cae3a1dd4865fe69d47059a142f8de37548b1f9c7c1016"
    },
    {
      "asset": "adc/lkbyno_adc.jpg",
      "hash": "05ac8b39a5db22a68c695c2beb32a84ea82c92fe0c73736c459958c0208dddbf"
    },
    {
      "asset": "voc/lkbyno_voc.jpg",
      "hash": "4eb36c43aef28f65676f8cc95673ac6af75ff9fd5afd7bd12f779ff7cf06aa8c"
    },
    {
      "asset": "adc/lkbudk_adc.jpg",
      "hash": "6358b22e91fa931d2cd79884ee99e5932d6fe79d31539fbc9cb6f648794ef529"
    },
    {
      "asset": "voc/lkbudk_voc.jpg",
      "hash": "57f53015c3eacbb13abe78e8a0d1392fdcac58fa2c8046a2b602c061e3baf211"
    },
    {
      "asset": "adc/lkbrto_adc.jpg",
      "hash": "471552544bb941e348389ca97504b7915a4f4d866666e3574fca6e89c12f81ad"
    },
    {
      "asset": "voc/lkbrto_voc.jpg",
      "hash": "2edcb6097290761dc681c1843f9ff28ca149af99e1c6addcb3fcb7649788c1ad"
    },
    {
      "asset": "adc/lkbore_adc.jpg",
      "hash": "75ce2752a6a38c0d039a3fb874e02a2f562e8b5393e13ab58565f1465bce46be"
    },
    {
      "asset": "voc/lkbore_voc.jpg",
      "hash": "3308dd052dfb760907b60c015bd028786d8165e1d772e5ce93963f8afda61b65"
    },
    {
      "asset": "adc/lkzd_adc.jpg",
      "hash": "1e1616498551eca3c4d05e68faec287ffe20c7438c2b881bd918e12b63fc9412"
    },
    {
      "asset": "voc/lkzd_voc.jpg",
      "hash": "952c03eff640aa195fac0ee9ca4363e31f720027554777a725e6fd8622a6eda8"
    },
    {
      "asset": "adc/lkzm_adc.jpg",
      "hash": "6f6f9ec65fb74e661c04a17d72b54274bf14755fabe5bb3f3b6cec94e078861f"
    },
    {
      "asset": "voc/lkzm_voc.jpg",
      "hash": "3d8fec76b2a4f9a08263f74fe042f3e3fe0d54102094b93830df4926f6003dc9"
    },
    {
      "asset": "adc/lkzn_adc.jpg",
      "hash": "a32f1ec8d6e4bbfcec3884525184476b04cf38b0567268cc5c0c0d68eef2039c"
    },
    {
      "asset": "voc/lkzn_voc.jpg",
      "hash": "07c9230a37963fa965e9018084fd19b76a90228ef5ff7be4c65cf97cca208031"
    },
    {
      "asset": "adc/lkzl_adc.jpg",
      "hash": "2f234a09ca50f919b321d8fbaddf76bf0dacc7129dbd7fd3c6e2d122b042c7dc"
    },
    {
      "asset": "voc/lkzl_voc.jpg",
      "hash": "3326b4897766a5d1bf3bc820d4065b0f34bdccfca2fe4d5ea64412e8c41b294e"
    },
    {
      "asset": "adc/lkzb_adc.jpg",
      "hash": "f83ea36a7771a647bc49b53c138a3cd315517df303e844356601c73dfdb93e34"
    },
    {
      "asset": "voc/lkzb_voc.jpg",
      "hash": "a80d6281d9fc2e7fc65fa56329a2d9cce50b46d5c87e8dd53008cc8bafe8028d"
    },
    {
      "asset": "adc/lkza_adc.jpg",
      "hash": "534ea66564634881fc11a576fb1e294cafa58cfce9a2cd3793741315d8d39ce1"
    },
    {
      "asset": "voc/lkza_voc.jpg",
      "hash": "5280bf18795d1bfc14cc71acd78a0c9a29453a5ea7cd2a511f498d8ce704f47d"
    },
    {
      "asset": "adc/lkvy_adc.jpg",
      "hash": "27a1dbbf463425074dc026b3a6034c0ceac747cae1034092440497e7a321dcee"
    },
    {
      "asset": "voc/lkvy_voc.jpg",
      "hash": "a903bc4acf4d90f37d85c56da9e74607ff53a214234de3c722578a9829bdf24b"
    },
    {
      "asset": "adc/lkvm_adc.jpg",
      "hash": "6cf8f6256d64cd6914d77850de91eb1cb13ee8f46b97d4897b6eba4b1371f363"
    },
    {
      "asset": "voc/lkvm_voc.jpg",
      "hash": "b56836734d1b0be051aea46bb7c650aed7e5424fd78a2b417230b057acdf447f"
    },
    {
      "asset": "adc/lkvr_adc.jpg",
      "hash": "22e3eb0d6982034cdb91e6674e28863eaa112b2de6d884b94c20b18f077b6f77"
    },
    {
      "asset": "voc/lkvr_voc.jpg",
      "hash": "55ae368a37b7b36042683f14d8ef354bb60e5f90f67c11b5f3d886bf6235c451"
    },
    {
      "asset": "adc/lkvl_adc.jpg",
      "hash": "bd3b7fff39b57c85eb89cecfae1f1fb9ab091381188180380004414dd5507622"
    },
    {
      "asset": "voc/lkvl_voc.jpg",
      "hash": "c3641adf56e1742fc3ee73d502e07400a87c3985f1cb4b220ba652dcd7cec8f3"
    },
    {
      "asset": "adc/lkvp_adc.jpg",
      "hash": "684ba806347cd17410b19ffccce9220e8e3c4e620098222d1a121d3feb9246e2"
    },
    {
      "asset": "voc/lkvp_voc.jpg",
      "hash": "a95ff978ba8f7f7e7890d8e9fb754bdd392be127693f37193f1a28a414d9a0ed"
    },
    {
      "asset": "adc/lkuo_adc.jpg",
      "hash": "9ecae31fc8a3afe797ce0b2d58bb226eedd92c5bf75a0dafcea8e0e6424706d5"
    },
    {
      "asset": "voc/lkuo_voc.jpg",
      "hash": "e4aeab751f5cda2445248e7dd60e23a2152897560f31aafd29bfadbae6549d48"
    },
    {
      "asset": "adc/lkul_adc.jpg",
      "hash": "a3c7e5204a689118f3cc6973ca9ec792344f70ece187f91f13e5775d5d15d64b"
    },
    {
      "asset": "voc/lkul_voc.jpg",
      "hash": "ea27da2cd72f40fe2799cda7115c366df3e40f4b8834abef2258270a15405498"
    },
    {
      "asset": "adc/lkto_adc.jpg",
      "hash": "638ed8b83acb698d74d10f9aec7f96a7261e83282b5d3e65b085408f5acb23a3"
    },
    {
      "asset": "voc/lkto_voc.jpg",
      "hash": "c078a57ffd96df0871e6011ca03d93481ac05d69faef9eb0ea9723f50d187d5e"
    },
    {
      "asset": "adc/lktc_adc.jpg",
      "hash": "2e3b87a82ee2bab723c85643d383960c9efdfe390b4eaa97e9da7f7c2424fcd9"
    },
    {
      "asset": "voc/lktc_voc.jpg",
      "hash": "3b07841391692168299168d61dd37be328e2db57cfef3bc793f8f79ae506437e"
    },
    {
      "asset": "adc/lktd_adc.jpg",
      "hash": "5338b6f48121c45afd003c824dfebf8b18f7b745926318d0cc23148b00634aea"
    },
    {
      "asset": "voc/lktd_voc.jpg",
      "hash": "05416513538f2346531c3d3fcd2b5dbd4c6e1714ff3de2caaf694f6f7b7e8b0e"
    },
    {
      "asset": "adc/lkta_adc.jpg",
      "hash": "f52d2b2aa0310d8af8ec11ab69bfe1339959ddb577d1d835faf60e243232f467"
    },
    {
      "asset": "voc/lkta_voc.jpg",
      "hash": "19c8a08e36a4bc88322347783cca2c0c8c0675f9822111da93198d508ccd6422"
    },
    {
      "asset": "adc/lksu_adc.jpg",
      "hash": "3f6e5f318a5bf62bc8fae4951bcf89d54a020fdde35b3f125117038efe886873"
    },
    {
      "asset": "voc/lksu_voc.jpg",
      "hash": "a329ba0883e986ba6ceee1363a721d8f27b760881b1ba98171fced0b0cb80db4"
    },
    {
      "asset": "adc/lksr_adc.jpg",
      "hash": "7dd7fcf49ab26cd33b654b7b215620bf2b53ee59bd3b6b783ce958eae5451a01"
    },
    {
      "asset": "voc/lksr_voc.jpg",
      "hash": "7347580752be49f54194907c89471ff074f4e367e80a96ce08c876aca61f3666"
    },
    {
      "asset": "adc/lkst_adc.jpg",
      "hash": "2620137721e765a1deb5ca41765b145c3af587817caa3067d1e9283464ec76a9"
    },
    {
      "asset": "voc/lkst_voc.jpg",
      "hash": "4caf449eaa4595ebfe35b33f0ee5f106352001b742016bef2f51605165e8c5f0"
    },
    {
      "asset": "adc/lksb_adc.jpg",
      "hash": "a2671e6ec5b43fb47168bf273de72ee8908b86b93b7cc32659d65ef029191021"
    },
    {
      "asset": "voc/lksb_voc.jpg",
      "hash": "e9ad997e1bd1ab6db1dc22c143695bbf3ba46e54ba10e6d5625febb0a195fcd7"
    },
    {
      "asset": "adc/lksa_adc.jpg",
      "hash": "edc2ee9ac13096f54d63e966fd437d48b21ab7ced9b07c9d3da7913ce380bd3e"
    },
    {
      "asset": "voc/lksa_voc.jpg",
      "hash": "7891e8e0ee14705af1567fddeccf760e1923660a19eff0142639eba45dcc7606"
    },
    {
      "asset": "adc/lkso_adc.jpg",
      "hash": "a19b2ec213ad4d260a0c00eb86ca6c779c74e9f35c69a6879af453e4d350af20"
    },
    {
      "asset": "voc/lkso_voc.jpg",
      "hash": "43e38a341ace16aab74e52106fabbe65d8fc9039195cfbadf624d70873a75d28"
    },
    {
      "asset": "adc/lksn_adc.jpg",
      "hash": "ace78da7b236099953bfe096d673983c955220dac19167d7d8e69afb647f82fd"
    },
    {
      "asset": "voc/lksn_voc.jpg",
      "hash": "a120daf45cc793444dbeb70f44590537962dd1153158ae2adf57eb7cf844969f"
    },
    {
      "asset": "adc/lksk_adc.jpg",
      "hash": "edcfe1fc686ab4cdb71e8ac2bb685431577cda047642d8935e11bba1cc6d44c6"
    },
    {
      "asset": "voc/lksk_voc.jpg",
      "hash": "adb0bb100071445a03cf9d2cc203dc344a5cc5479ac886766a1eb4faf590b797"
    },
    {
      "asset": "adc/lksz_adc.jpg",
      "hash": "8aaf3748312620b9cfc85c2786e6144f0b781e9488bdbcb724953d1ae67a2ea2"
    },
    {
      "asset": "voc/lksz_voc.jpg",
      "hash": "f807772ade173a61188019d5ae1f04f4fa6435abb21dd2de20da5801f724eb5f"
    },
    {
      "asset": "adc/lkro_adc.jpg",
      "hash": "22228413d1a8dde99097f43e02e2152a48bca44e582fe77fc9915bc75add6f4d"
    },
    {
      "asset": "voc/lkro_voc.jpg",
      "hash": "ef95b0fb14e5ffec20b6e16ea72a218d91084337860a8152b90d4ced1653fc0c"
    },
    {
      "asset": "adc/lkry_adc.jpg",
      "hash": "8cb1f5e73a5c036797af54bb0240bf99e8861f23f32f55c0c3f41b64f2d0ac74"
    },
    {
      "asset": "voc/lkry_voc.jpg",
      "hash": "8d5cd2d1fdf282c7539ff3e46ede287fe54e6c9148af242c79759fb9169fb914"
    },
    {
      "asset": "adc/lkra_adc.jpg",
      "hash": "41df0aaa624312588791f88ea8cc41f192962254782beb61dcc81c6ed6663954"
    },
    {
      "asset": "voc/lkra_voc.jpg",
      "hash": "7f2f794468fb8a83618ce00f2331778ea8b35317806cd8f966f3752361da48a3"
    },
    {
      "asset": "adc/lkrk_adc.jpg",
      "hash": "408710e09213625b69d2c4934ea586f266b3650006a2e9ca162834d6807b5b68"
    },
    {
      "asset": "voc/lkrk_voc.jpg",
      "hash": "f3a91a6f76d0195803c17f99b9914679ae5b539d14d4235e818497ed84daa0b8"
    },
    {
      "asset": "adc/lkpi_adc.jpg",
      "hash": "09ae3201e374d0b9f763a912e158ab76205a84c8aba51817b8de69912bc7612b"
    },
    {
      "asset": "voc/lkpi_voc.jpg",
      "hash": "f93498ed138bca27cdc30fe2a43627dd4efaf16d8bf42c5d089c130f75aee2a5"
    },
    {
      "asset": "adc/lkpm_adc.jpg",
      "hash": "1cac72311015d791b63bdd391e9258f161929b3674b4b61e61271463456893c1"
    },
    {
      "asset": "voc/lkpm_voc.jpg",
      "hash": "8cab330aa51a0b03e4b0bc3f2354634ec395b0f03ef9288f4148c2df51f7010b"
    },
    {
      "asset": "adc/lkpo_adc.jpg",
      "hash": "fb18139d4aa4d251cd81d9ecbee91c762ac424fc341a0395fdced9a74544b0af"
    },
    {
      "asset": "voc/lkpo_voc.jpg",
      "hash": "ad6d2bf9e6aa3b447a3d8d755223e25a64384c0327c69c1e802838255bdf541a"
    },
    {
      "asset": "adc/lkpj_adc.jpg",
      "hash": "a04109d3511dca3b8d9f529e5815f22aae616b887e15aec11fc01dca1e98f4c8"
    },
    {
      "asset": "voc/lkpj_voc.jpg",
      "hash": "6133a6904de8b8209590cffe39c782e358d50089cd82d0fb596a13a9445822db"
    },
    {
      "asset": "adc/lkvo_adc.jpg",
      "hash": "bdd1ada7bc88feefa88a935bb480a6f7de5f34b75a19c61024379293c3704faf"
    },
    {
      "asset": "voc/lkvo_voc.jpg",
      "hash": "a02f3d2d928cd8c4b630d393e1d44cc3f168f2b616a765eb1b77193a5e137af0"
    },
    {
      "asset": "adc/lkpr_adc.jpg",
      "hash": "a077e3290f880efd80c3ff49b4fd3be044a3614385ee374f3fcfc64d4ab907f0"
    },
    {
      "asset": "voc/lkpr_voc.jpg",
      "hash": "c42ff32a2934ac2871e2a228edf7e905f5b69893fd935099586aa14f8db35a5c"
    },
    {
      "asset": "adc/lkpa_adc.jpg",
      "hash": "4a0c2e0f6dd60042a2eed8897d531ad800340c4e5b81604a18864e868b5efeca"
    },
    {
      "asset": "voc/lkpa_voc.jpg",
      "hash": "f18d07a39f9117060f0f53331c19ed3b0ffab88becb7f0280231d2dbe6d69c91"
    },
    {
      "asset": "adc/lkpn_adc.jpg",
      "hash": "ad3149b96e03fe84ed42f2829071f8ad8e356ba46383327b431678ab09b67ac8"
    },
    {
      "asset": "voc/lkpn_voc.jpg",
      "hash": "fa59d490aef6ed97a7e8cbb4afd3d0a44c262552e20ead0736f9e4f4710e9206"
    },
    {
      "asset": "adc/lkln_adc.jpg",
      "hash": "12c215b29551ed2f7334a85133f7b05eb1ce03b1036eb5bd7551d26493090c74"
    },
    {
      "asset": "voc/lkln_voc.jpg",
      "hash": "898decb0af07a9af336de7b581e002400f5f9d1101e0467e4a86c71653c4488e"
    },
    {
      "asset": "adc/lkps_adc.jpg",
      "hash": "1996a6504b708d3d1ffeaa36441c19fe36c7bec90e1f188f57489362f68e2af5"
    },
    {
      "asset": "voc/lkps_voc.jpg",
      "hash": "6e5d45313bce098386a31f8cd390df1c3d0e01d4ce3052ac9ec2be78cb7d4d22"
    },
    {
      "asset": "adc/lkpd_adc.jpg",
      "hash": "dfc60580559936ef81bc4d35ed85a3c94759e8f6ca07576c5b9ec891f64cdb82"
    },
    {
      "asset": "voc/lkpd_voc.jpg",
      "hash": "eb5da4e913243b4ab59806e1ff55699768f52b001689b100b099c5a3d1dba000"
    },
    {
      "asset": "adc/lkpc_adc.jpg",
      "hash": "42a29149fd49ae44983ccc5b672cd6a2c200e6432feaabd132f90002ad986915"
    },
    {
      "asset": "voc/lkpc_voc.jpg",
      "hash": "30598629d7439ea2254681b12dc577ca44955b9fe7ebc0f7db7763c6087db844"
    },
    {
      "asset": "adc/lkmt_adc.jpg",
      "hash": "a8b01110361e657dfb1cb063e7c7c007188966d79fcc2351452afabb6937603b"
    },
    {
      "asset": "voc/lkmt_voc.jpg",
      "hash": "01f703b1513261fca5952785ee0fa98c93bad5fe4710b5f1d867e4add9b54956"
    },
    {
      "asset": "adc/lkol_adc.jpg",
      "hash": "e23f90e841ec0c22b9f4c9d94aa4dea4e0de8a44ec09e022bde34887005759df"
    },
    {
      "asset": "voc/lkol_voc.jpg",
      "hash": "874ab6df70d3eb97dd774030793fcc70823240eb089739aa2f9d59480ae25299"
    },
    {
      "asset": "adc/lknm_adc.jpg",
      "hash": "611436bfcfbf7753f935363726ef674b7ee0f13fc7268e0c7edcd73adbe68ff6"
    },
    {
      "asset": "voc/lknm_voc.jpg",
      "hash": "6aaa8eeda15649a6432e611d8446665a11791087cdd93e83fe2a8318366bc713"
    },
    {
      "asset": "adc/lkmo_adc.jpg",
      "hash": "2500db1ebf58c7f5a66b8bca2272979a4b037d72c9e27b5d75399fa1d9524c13"
    },
    {
      "asset": "voc/lkmo_voc.jpg",
      "hash": "40760f506bf945da706c97931c93c02e4ddf2aebd562bb6b7de65f0ab54f002f"
    },
    {
      "asset": "adc/lkmk_adc.jpg",
      "hash": "238f6f689c86d77d0c5d931bed28fd1496dac9b56fcdb468f03a3bc03c896b28"
    },
    {
      "asset": "voc/lkmk_voc.jpg",
      "hash": "35186fdb848601e57369c3c93c500520a17e8cde0f181e2b518bd5f304084556"
    },
    {
      "asset": "adc/lkmh_adc.jpg",
      "hash": "a953890e76ef5f5e70f4fd62dc597957b03cb2c6ef3cfc863e714288d0d0c1e4"
    },
    {
      "asset": "voc/lkmh_voc.jpg",
      "hash": "d1411a25d052fd971b1cd34311e53025f772ebfd6f46e59a9ef89193a4e40ac4"
    },
    {
      "asset": "adc/lkmb_adc.jpg",
      "hash": "2f498140aa7854ee42aa7ee1018afb1ead00e1fbfd88c327201cee1020f71e66"
    },
    {
      "asset": "voc/lkmb_voc.jpg",
      "hash": "1bc39370a894a6e98dbacee0ea07c12703d4a11c353215c85bdd2fd73829f459"
    },
    {
      "asset": "adc/lkmi_adc.jpg",
      "hash": "cd80b68c96656cb4573a9f7667430ffc5b421a6e0dc9c8faa701f0d622c401cc"
    },
    {
      "asset": "voc/lkmi_voc.jpg",
      "hash": "21429906c4e0bca84890a02f3794c512dfbf72f698a641e6f327eca36cfc7bce"
    },
    {
      "asset": "adc/lkcm_adc.jpg",
      "hash": "e6d48d57b4e62f15f12283d5adec7888040500a9cff510e5a8b9307ebb4f4692"
    },
    {
      "asset": "voc/lkcm_voc.jpg",
      "hash": "4a4eeebdd685a7d28037004805850f79af2ee3a56a98081c6d138f9d735f6468"
    },
    {
      "asset": "adc/lkmr_adc.jpg",
      "hash": "276d2b2a893e2d0060f467199e3b9d0238b12f2f30e81654a90925bbfba6198b"
    },
    {
      "asset": "voc/lkmr_voc.jpg",
      "hash": "1ade705bc2aaf0d7a1ba86accb848d0d2b9de31d1107d69d8d97a1419140edad"
    },
    {
      "asset": "adc/lklb_adc.jpg",
      "hash": "f938aa7290b6b24d4a21e16eeea3b9bf1afbeb8c6f626fd2da53eddd36ae542b"
    },
    {
      "asset": "voc/lklb_voc.jpg",
      "hash": "74ace29c704aa62d40ce6626579b0b950a2cb4cc0d6395cdf75b53dbbefe9ac2"
    },
    {
      "asset": "adc/lklt_adc.jpg",
      "hash": "04d17c33fb9574cb856a55bfd55285714692d0626e16c799752787abea01d05e"
    },
    {
      "asset": "voc/lklt_voc.jpg",
      "hash": "845195b09601e5b39c598d61ee4137ad04eceb136348bc49586608b245969090"
    },
    {
      "asset": "adc/lkpl_adc.jpg",
      "hash": "396df18780caf49ffa7e7a26f1f9867afb54492aff2ddbd029b7aedb718ee670"
    },
    {
      "asset": "voc/lkpl_voc.jpg",
      "hash": "18e029a50131f7e72141238de914e2395c2f9efab5101ddb453104f89f372d6a"
    },
    {
      "asset": "adc/lkky_adc.jpg",
      "hash": "f7fe59dd8a62069baa4ac2764075d6049a16afeaaf6b546eca8f0d8d71964535"
    },
    {
      "asset": "voc/lkky_voc.jpg",
      "hash": "dfaca52ee1499cea107303e5f086e531f9af3d350e1a8a10fa9e62c0eb96505f"
    },
    {
      "asset": "adc/lkku_adc.jpg",
      "hash": "330ca8cab20ae20f53058f48f1d3366e8c4d67d82d09efcc300c4c2b0451a69e"
    },
    {
      "asset": "voc/lkku_voc.jpg",
      "hash": "7e882bee65351469af41643ff0bc3470b2cb551ee8437cbdc2941885b9fe1280"
    },
    {
      "asset": "adc/lkka_adc.jpg",
      "hash": "b9963abdd73c547cf2c7896f31b24fa05578c60043724032f1f14a7477de578f"
    },
    {
      "asset": "voc/lkka_voc.jpg",
      "hash": "b4cf79c5a23f122c735e7d9b24a8e600899c90450c24f89be2f4d2d971e6c6d2"
    },
    {
      "asset": "adc/lkkm_adc.jpg",
      "hash": "b6854984de68b017db29d58b1185879ecfe4ea9d18349316698979468c05b466"
    },
    {
      "asset": "voc/lkkm_voc.jpg",
      "hash": "2dfed42c2185e3c0176c4d3c13405919d2bf10a2f2654b75dfd150c393f7e0d2"
    },
    {
      "asset": "adc/lkkr_adc.jpg",
      "hash": "ba0ec8ce7dc6d6c01eb2540e2e931eeac45973854cd730eb78df5ee1e165c915"
    },
    {
      "asset": "voc/lkkr_voc.jpg",
      "hash": "810b14967262a34bb9d311da206ca8df65ea96369e8fcba16bf853f7c4892b7a"
    },
    {
      "asset": "adc/lkko_adc.jpg",
      "hash": "9687bd85ec8e06410dc9f064a3f5decc16929a2c5bced8f61e0a4cb153ba65e5"
    },
    {
      "asset": "voc/lkko_voc.jpg",
      "hash": "a3f66e7bad17f18afd6ec52992668f9713998a16ecbf35156588d89dbed5cf53"
    },
    {
      "asset": "adc/lkkt_adc.jpg",
      "hash": "bdbba1c25975e29507951fc99730bdcd1d1d13d6999f3e29d379273eebcbf703"
    },
    {
      "asset": "voc/lkkt_voc.jpg",
      "hash": "18a47c551d9fa8f3e7d0e23cd7c03730974ba8ca9c04875eb3ae96ff51cb99f6"
    },
    {
      "asset": "adc/lkkl_adc.jpg",
      "hash": "17da3ac47bcef62ec5d375325ae7e4bee04cb8f754f2a33c307e1807258b5194"
    },
    {
      "asset": "voc/lkkl_voc.jpg",
      "hash": "50cb4c28dad5537ff5564d7e46ee961d406772e109553ff4efe49ba50defb40b"
    },
    {
      "asset": "adc/lkkv_adc.jpg",
      "hash": "81bc0727f525e8d7e27977e8925d653157a2c1cc181ee01c0d00debd5a2a194d"
    },
    {
      "asset": "voc/lkkv_voc.jpg",
      "hash": "3c73cf6052d9e6f576276f95bc4cd8d4149a1741b7dc60c1b4b41d251785c203"
    },
    {
      "asset": "adc/lkjh_adc.jpg",
      "hash": "554f656a66b720006826d22dae06f2815a95328832ec654e32d3069ae1be27f7"
    },
    {
      "asset": "voc/lkjh_voc.jpg",
      "hash": "c14df2cf0eb1b2212e9d44315738e56df620fb9eeabc4b34a20ae3e5d38484aa"
    },
    {
      "asset": "adc/lkji_adc.jpg",
      "hash": "84b985f35d0e84900170b0f85e5402bbf4d42c33fc38839c4cc91209fdd41b8e"
    },
    {
      "asset": "voc/lkji_voc.jpg",
      "hash": "f980e33ac7aa21271b7ecc3692133d7d7fed228f8a08985ac5d775e1265c9d3b"
    },
    {
      "asset": "adc/lkjc_adc.jpg",
      "hash": "ddde9285105602c3ad7663339c5724fcf2593b434e58b6bbd460fcf2fb5d3ad2"
    },
    {
      "asset": "voc/lkjc_voc.jpg",
      "hash": "5aae26b8d36430fc2073e91cf7ed1a2a44e8d39aebb1f84cb364c24fbdf1b664"
    },
    {
      "asset": "adc/lkja_adc.jpg",
      "hash": "0a7664e31847aa9c449f865bc482adbb5c2f9cceeb2d99375c605f57d65fdbbe"
    },
    {
      "asset": "voc/lkja_voc.jpg",
      "hash": "7bafede2f93e5db575baf37eb9f9926404fdc31d5f226a5e95cfe0e3dca5760f"
    },
    {
      "asset": "adc/lkcr_adc.jpg",
      "hash": "9066849dfca65f7c277bf6c39e1c5a4deca5eda2d6458c7736f844ecb968e04f"
    },
    {
      "asset": "voc/lkcr_voc.jpg",
      "hash": "e57243cd5f9be6c6c9cfab65db77da3d13b3e7557986fdadfda53255c2641917"
    },
    {
      "asset": "adc/lkct_adc.jpg",
      "hash": "30f1cbf55adf05fa9220fce01e7748b21972a49c44b1843fefc369c962bbcfbd"
    },
    {
      "asset": "voc/lkct_voc.jpg",
      "hash": "6d7f0a3cc8c795f7ba9f7e547a7c91a86b736cca1a35f3bfb5e2aedaed71b56e"
    },
    {
      "asset": "adc/lkch_adc.jpg",
      "hash": "e685bb62d94da5f03c111a9f3cd15b8b836d33ac7bd5e79b460791550e61bd63"
    },
    {
      "asset": "voc/lkch_voc.jpg",
      "hash": "7e234262edfd1f483b24f3c9d759e928eb986bf4374b90ede766521f1caedcb8"
    },
    {
      "asset": "adc/lkcb_adc.jpg",
      "hash": "60ca8cefc68bf412d829ac28246ddf25e9164f9a94edd669d3c51650483c19dd"
    },
    {
      "asset": "voc/lkcb_voc.jpg",
      "hash": "327ebfd26d2b0f98b1b0d000aad3ccb330e860819ed26ccb89a1453af9132368"
    },
    {
      "asset": "adc/lkhn_adc.jpg",
      "hash": "9f7e03eac7f70ae9a87e4d1848df575a5486d50e33f503b1fcec888b0dd39a29"
    },
    {
      "asset": "voc/lkhn_voc.jpg",
      "hash": "6cf09332be6c47d20fc7353fad5f22e2842286537f86d4c02d56827ae8179939"
    },
    {
      "asset": "adc/lkhk_adc.jpg",
      "hash": "e8b3622408451d71f0a54546ad7a88fa9bebc7cf1d30a6da3ed353933562e2ab"
    },
    {
      "asset": "voc/lkhk_voc.jpg",
      "hash": "d49e4be87405e76e2e77765336537da510ec2ffbe9e39c82377abe25e2b305ec"
    },
    {
      "asset": "adc/lkhs_adc.jpg",
      "hash": "bf5ef0e1d7d8d87bb9a928e86e3cf8109a36ca9986aecfbc106c29815bff1b75"
    },
    {
      "asset": "voc/lkhs_voc.jpg",
      "hash": "4a3f175426f74f5d234d08ce3517f6e008cce8b4bdaabe67199537e462201bce"
    },
    {
      "asset": "adc/lkhv_adc.jpg",
      "hash": "a58d15ecd175b813e1097a69d0ef711dd46f888b0db3d5965a7d66002b60688c"
    },
    {
      "asset": "voc/lkhv_voc.jpg",
      "hash": "94ac6806b6a6ecc914ac22e993801c702cee2116fd6290ba58add656ef814887"
    },
    {
      "asset": "adc/lkhc_adc.jpg",
      "hash": "7e229c7ad30a0ca9d689ac8ac2e91545d7a946541b7fbe0217f7ddca4741bb57"
    },
    {
      "asset": "voc/lkhc_voc.jpg",
      "hash": "18bf7206163e9923cca2966906eaca1a13dc5ef3895342f2a7f9b956a278432b"
    },
    {
      "asset": "adc/lkhd_adc.jpg",
      "hash": "e9782ab9400084ab54635678a770edc2cf002e9af5b97ed8a61edf0ce3be5506"
    },
    {
      "asset": "voc/lkhd_voc.jpg",
      "hash": "3fd9b14734b7adef448438da7f6944d9d9b55707f511d63b20507a3c19ba4859"
    },
    {
      "asset": "adc/lkhb_adc.jpg",
      "hash": "eed54523e4811298e49ed36973a03ffafbdf213df929734a7c285b8ec68ec804"
    },
    {
      "asset": "voc/lkhb_voc.jpg",
      "hash": "8d76e4134f4c582d2995454574c518dfe3eee41c7bae33d8777c3f7a1e49f26d"
    },
    {
      "asset": "adc/lkfr_adc.jpg",
      "hash": "f0b72f982a02c95daf71280f2cc7451c822f24b2791c0237c0b0f83d0c944c81"
    },
    {
      "asset": "voc/lkfr_voc.jpg",
      "hash": "ed3d10da92edbc67771a513c2d03d1ebf6b5d4d26aa05fda0391d0b614942c0e"
    },
    {
      "asset": "adc/lker_adc.jpg",
      "hash": "6380bb1a9b6422ddd9f965060ab032755ddf106d3cce76750f012dde30791b80"
    },
    {
      "asset": "voc/lker_voc.jpg",
      "hash": "74085fecb364d2d58e501a9ee475ce15e034052c513946681de34dda942369a2"
    },
    {
      "asset": "adc/lkdk_adc.jpg",
      "hash": "f3492e6daa78ec3a52243313d05079c340223290bad1ba663af8f383c6e4cd58"
    },
    {
      "asset": "voc/lkdk_voc.jpg",
      "hash": "4cedc23c33f9af66bc6ec1f90cafb55b72c81c70114f4edb1dd116c0581463a8"
    },
    {
      "asset": "adc/lkcs_adc.jpg",
      "hash": "cb893fbb1624641bce7dc4bc603fba2ee1aec12254aa72c412a2946ef55f5ad6"
    },
    {
      "asset": "voc/lkcs_voc.jpg",
      "hash": "20b9c12ff026b19d8db7b8df8929e92701b97bddc3320d1e906e8a72f6542e91"
    },
    {
      "asset": "adc/lkce_adc.jpg",
      "hash": "b0ec84792f3aa9663e72c39dc82bacd3aba4352fc1ac94f613bc4480ea3247cf"
    },
    {
      "asset": "voc/lkce_voc.jpg",
      "hash": "5666fe3053c8974a900aa062822758ee5bd99d21b029b4389fb4d07107e719c0"
    },
    {
      "asset": "adc/lkbu_adc.jpg",
      "hash": "38ea6d825ce304fe2685623ea859235a32f062fe3e84ce19557fcbbd17d92699"
    },
    {
      "asset": "voc/lkbu_voc.jpg",
      "hash": "ce1c86a37f82d9be1a0bd1de696b72663e50eb55aa20ec9ca4b97be201b9876b"
    },
    {
      "asset": "adc/lkba_adc.jpg",
      "hash": "49dffb54d753da80ad615b89edcd27ddeeb611312568b07db5903d032347c2b4"
    },
    {
      "asset": "voc/lkba_voc.jpg",
      "hash": "7e0f0efd7468d9b9c8757dc70a04c9eb3fb26964e3fad94b0b2cb338ceadd830"
    },
    {
      "asset": "adc/lkbr_adc.jpg",
      "hash": "00424b9dad4de5268a3483636b1ea586c1c0312eb5da26456c3fcbefdfe1502c"
    },
    {
      "asset": "voc/lkbr_voc.jpg",
      "hash": "ea0c7ec9a4f70eeb088e39970d48f7e4310ca4be1e8fac9de6d13c4375a9e7c4"
    },
    {
      "asset": "adc/lktb_adc.jpg",
      "hash": "08ee05a47d7fd2121722baed060d90e9613b5f83f55b44dea3771f686c94eef0"
    },
    {
      "asset": "voc/lktb_voc.jpg",
      "hash": "dd1d59a691dba510a4b940bf006af3b56d4d7ca0ad642cc57c2e498bad732581"
    },
    {
      "asset": "adc/lkbo_adc.jpg",
      "hash": "a38d96b9149b8f317fe91e435d17738dc1a17bc12050b97dbbeb5d5cac56cba0"
    },
    {
      "asset": "voc/lkbo_voc.jpg",
      "hash": "6eb7c5bca376dd19196bba7fe281280f12c8ec22bb604a329c839129bda56a96"
    },
    {
      "asset": "adc/lkbe_adc.jpg",
      "hash": "706fbfdd7930e85c9c7297191e93f7de42923154ded7325ef70435202ebd3351"
    },
    {
      "asset": "voc/lkbe_voc.jpg",
      "hash": "57d1ebaea866d6d4bb86c9a6adc4ee6e5dcb5cb47d7bf403e40c68ee16b085c4"
    }
  ],
  "hash": "e1709d9958acd8be881ec51c7768e3d148c7e125a36bcc5a311719000c199d17",
  "version": "20210109"
}