{
  "items": [
    {
      "asset": "voc/lksb_voc.jpg",
      "hash": "2d299415eb63d355f0614f580b75c3d34126bc4de9efd3de0340ea12861b35ae"
    },
    {
      "asset": "voc/lknapa_voc.jpg",
      "hash": "b4632a0534094a89e4fab5d2566e1438acb63c72881cca7bf299eb6b3ada3dd7"
    },
    {
      "asset": "voc/lklouc_voc.jpg",
      "hash": "756db0c57877413031a0711d7b2b96e88ab6acf28ecd4ca2d5f3adf1c5adfd29"
    },
    {
      "asset": "voc/lkchot_voc.jpg",
      "hash": "6e640345f5721c5cfed015db1ba2d27a2fd0079eb4d916409b3475ecf36880fe"
    },
    {
      "asset": "voc/lkhb_voc.jpg",
      "hash": "121943c5728ef5d61dfc8610e4bc08842b4cb722fd6c5ec17b245e7d69734c9c"
    },
    {
      "asset": "voc/lkhs_voc.jpg",
      "hash": "e3cfad7a8f4db238be64aac10b0c370285446ad5a790862fd72b3c1063ea76cb"
    },
    {
      "asset": "voc/lkmi_voc.jpg",
      "hash": "a9480c3933fb69fc99defd8bcd95e68ce709e7813b75a5d4eb42f80b200cc0fb"
    },
    {
      "asset": "voc/lkta_voc.jpg",
      "hash": "8c65390127d875a4b1093d6bc3ef483722aa63c5cbd82ff00e952bf96129d81a"
    },
    {
      "asset": "voc/lkuo_voc.jpg",
      "hash": "0280350bc33afc3180ce3cf981d13576624f990f7158a547e14968bb8866d15f"
    },
    {
      "asset": "voc/lkpd_voc.jpg",
      "hash": "bb13861890ea2cd2a0ae996713e319c222342ed17c2386be543a26149dc728fe"
    },
    {
      "asset": "voc/lkcm_voc.jpg",
      "hash": "c3207e2c0a5ed6ba963ca71d41fb5c8f447e14fc3f13d8b48ac679c28b0b4181"
    },
    {
      "asset": "voc/lkcr_voc.jpg",
      "hash": "4026c4aa2162717a38a291e6807e64eec3eea97a61401b3dbd9992834941e456"
    },
    {
      "asset": "voc/lkliba_voc.jpg",
      "hash": "8fc0768dc8cc440364c29a0c42141ed76a126a8cdcc5b8538136dc7f99acfcef"
    },
    {
      "asset": "voc/lkpn_voc.jpg",
      "hash": "10afc5b08d50510c87ff3d262a096f97ae9161bbac4e81d5cc4638fd201d2db7"
    },
    {
      "asset": "voc/lkosic_voc.jpg",
      "hash": "b56391ab696a8cb9df28ee54435c4f2eafaed7c2a700d884d745b2c68bc1db03"
    },
    {
      "asset": "voc/lkfr_voc.jpg",
      "hash": "a142968c27f918175a8ff58fc16b74d8a62c33c13e9a865d7f572ebe7ea76cc5"
    },
    {
      "asset": "voc/lkcs_voc.jpg",
      "hash": "a5ef8ef6ed65b192cfa7c7b7b20ff5a7e1609e959a0943f6f18d3c808f9131bb"
    },
    {
      "asset": "voc/lkvl_voc.jpg",
      "hash": "b91440892695255a655bf2e7116666957ba2e73ab53d29d943090f3b722100d9"
    },
    {
      "asset": "voc/lklb_voc.jpg",
      "hash": "f26a0458f295ddfd0408578416f295709e538037a4cd8a5dd23ee2fe969bdd87"
    },
    {
      "asset": "voc/lkhc_voc.jpg",
      "hash": "45717a00bedaced80d31fb32da1de2f1306e96b41ae7ae2f2ec3dae4029bba58"
    },
    {
      "asset": "voc/lkul_voc.jpg",
      "hash": "04c7bb1eaac4e9286060991dfcf4ae381c806725f2a2c8aa569e69ab0e0f5c50"
    },
    {
      "asset": "voc/lkcast_voc.jpg",
      "hash": "cc33de3d2b010b761647c180385caeab4aa429f478b1136472535978a89c9e6f"
    },
    {
      "asset": "voc/lkmilo_voc.jpg",
      "hash": "17a9161b09806a35fd8233fa475fbb1b5e8970a4fee0c0dfbdd7176fd0df2d51"
    },
    {
      "asset": "voc/lkbore_voc.jpg",
      "hash": "4811483a54e803affb0b7d3b9c6cd0c43b2d6cababf052db1c3ec55d118eb952"
    },
    {
      "asset": "voc/lktb_voc.jpg",
      "hash": "cdd7dc858dbf0f18a3bb4f2119a4dd4c0b16e2437fa79c4b43f5cde505b96369"
    },
    {
      "asset": "voc/lkmist_voc.jpg",
      "hash": "62fcbac0d9b08faa96726247a175fadf04b2c309b993caac23d407cdf3219d06"
    },
    {
      "asset": "voc/lkpc_voc.jpg",
      "hash": "3a8d5c0a8a726ba563bc8ae3d28674b533ba229e737c7393b736ec86a33794db"
    },
    {
      "asset": "voc/lkmiro_voc.jpg",
      "hash": "1da65cd8eb4dc5c217c952f72cbf1116d9628bd979b618698a1297f1a6414361"
    },
    {
      "asset": "voc/lkpavl_voc.jpg",
      "hash": "0e041c1273f3c8ffb575e7a1d721b188ffa36d667fa5286e467d77483acc2b1b"
    },
    {
      "asset": "voc/lkkl_voc.jpg",
      "hash": "bf1671d4d33526e5f1d7347526ab669932a4bb422b692b5fc2c51c220d35d357"
    },
    {
      "asset": "voc/lkpisk_voc.jpg",
      "hash": "e9b026131078630530e1535e6d024fdcb647de6380145ff66177049b77c6126c"
    },
    {
      "asset": "voc/lkbr_voc.jpg",
      "hash": "589735c30482ceef7967fe7bc008aa00b1fd20e74172e2c9b8213eccd0b911d4"
    },
    {
      "asset": "voc/lkku_voc.jpg",
      "hash": "99f74e4689142cacbc2670701e872d56930b49a1f10f21ed2e57f54ed241ee9a"
    },
    {
      "asset": "voc/lkrk_voc.jpg",
      "hash": "5d6c9f772973ee8626d20866f2e38782e6b5120566fcc35bec127b28ca7cf466"
    },
    {
      "asset": "voc/lkkotv_voc.jpg",
      "hash": "9319dcc60455f3c28c72f96f8c717dc10dae41d52e5681f52883cd2ddd9e2859"
    },
    {
      "asset": "voc/lkkrpy_voc.jpg",
      "hash": "e0941ecea440091cfaaf10997ba410846456ebf1136ae3d5d2150dcd5e6ed7cd"
    },
    {
      "asset": "voc/lker_voc.jpg",
      "hash": "282e0344a09423bad1f9577ef1495ad1e54597c2f4831316cbc1d32af16e2cc7"
    },
    {
      "asset": "voc/lkjh_voc.jpg",
      "hash": "6f7e6e2d6064d28b3411b3664baecc50029b31af5cc199bb54543da980f6590b"
    },
    {
      "asset": "voc/lkhath_voc.jpg",
      "hash": "83ada22000b91126fe23b72f1179bc7182f5093d19a5ef26e0509c5414ed02c8"
    },
    {
      "asset": "voc/lkzb_voc.jpg",
      "hash": "06109a819400253dbbdcdf9a33d97dbb3f97ed222781e0d5588bc5d0908f8d3c"
    },
    {
      "asset": "voc/lksr_voc.jpg",
      "hash": "90e29dc31db86817a713fde3c170aeb1ce5a574ebb1288ec0b3670bd32217cd5"
    },
    {
      "asset": "voc/lkhv_voc.jpg",
      "hash": "0bed0abc03b5f9d4c76ff6c1cc7de610177e433dee4fee42c4354a20a408481b"
    },
    {
      "asset": "voc/lktd_voc.jpg",
      "hash": "11e10f01e8029ba3578153c8e45c2271a07da31fe270e2b0488644538ff0c37c"
    },
    {
      "asset": "voc/lklt_voc.jpg",
      "hash": "821f09f01a7262c6bdd5156a7ffd47bb29152d222e6f3f38a46f513841175411"
    },
    {
      "asset": "voc/lkkune_voc.jpg",
      "hash": "b2457f25ab0b749873dd860624719a5b981a064484ab02c3447a3f906503aa6c"
    },
    {
      "asset": "voc/lkkv_voc.jpg",
      "hash": "d74634219f21283ad2f5ac2a852fcbaec0c9e2fddb8795aa6eceabc2d5ac5b5a"
    },
    {
      "asset": "voc/lkslus_voc.jpg",
      "hash": "75929baeb5f2a4a7df2325a33a9cf4780327f92b4072f0c4068617af4fb0e5ed"
    },
    {
      "asset": "voc/lkry_voc.jpg",
      "hash": "bba50637e3bca61c98120acadb9407c591709f37d04431c822c4564f7b58c7cf"
    },
    {
      "asset": "voc/lkhd_voc.jpg",
      "hash": "18e57fbf97593a43b28f961d3ed85139fdfe9f38d3040a992ed00fcdac73cc26"
    },
    {
      "asset": "voc/lkpo_voc.jpg",
      "hash": "28c89ca36be2290736e164477c97986aa750c3fbb7e1a21491897f0fc2ace235"
    },
    {
      "asset": "voc/lkka_voc.jpg",
      "hash": "896ca460088dd2059a343d45db0e001580c57827df03f91cc63fe77af1a0a9ec"
    },
    {
      "asset": "voc/lkmira_voc.jpg",
      "hash": "15c2958b1d24e2b9ae0bde736254e8dd6c88606a1ad78c2813ec1d6bea4483fc"
    },
    {
      "asset": "voc/lktrut_voc.jpg",
      "hash": "177768141acd2aed2b4e1c14f0206546fa815320089264a14ddba6ee2dcd55f6"
    },
    {
      "asset": "voc/lkstip_voc.jpg",
      "hash": "a2f369c48a65b8e378fbd27d218cdd65025a7c7a2edafadfda81041356b9518a"
    },
    {
      "asset": "voc/lkchvo_voc.jpg",
      "hash": "36a840bc29d98ffc5b8325c326075e089b6eba1237f05ddf1de0e3c5b0105d8c"
    },
    {
      "asset": "voc/lkzn_voc.jpg",
      "hash": "75295f833c448dba0a6664a1f99781523580838e5089b142c93c123628e9d199"
    },
    {
      "asset": "voc/lktepl_voc.jpg",
      "hash": "f1acca3b45c04fb1aa95ae19a7c51c35f54c9878aa37864e5ed004498f1a7191"
    },
    {
      "asset": "voc/lknymb_voc.jpg",
      "hash": "2f04d9dd524e1ad44f40aeace7786a46c11d0c77b2e37765d640ed3c3746cc46"
    },
    {
      "asset": "voc/lkkr_voc.jpg",
      "hash": "7fc04b355597b9cf3c08e9eda47d05528b98547ed691692d03f312865743cbca"
    },
    {
      "asset": "voc/lkdruz_voc.jpg",
      "hash": "4d5049673b5a351ff2fe13634e9acceb0ee208e29f8e2992438952f192ddc7b5"
    },
    {
      "asset": "voc/lkji_voc.jpg",
      "hash": "30b7e876585dfa19a2a3ad5e5b60de74d5917a8891422aaa3d5d6a714d31f70f"
    },
    {
      "asset": "voc/lkdusn_voc.jpg",
      "hash": "ad3466f914a09414c7e4550c79fd0aae4f3097a7135a5053931e7398c6e7d750"
    },
    {
      "asset": "voc/lkstet_voc.jpg",
      "hash": "e8cd9fb91d4f7532bcf0f867be444e417935d4fa2248fc6abf8ac31e35dbea72"
    },
    {
      "asset": "voc/lkjc_voc.jpg",
      "hash": "ebe8f9041219225a3310bd73a91e987f71c1d0d8ddeaae90b9cb4fdad604ffda"
    },
    {
      "asset": "voc/lknach_voc.jpg",
      "hash": "444d71a2ab5c3d87aee71dfebd1cde33764fa0c0a96c89c47e4c40ade0b2b27c"
    },
    {
      "asset": "voc/lkkriz_voc.jpg",
      "hash": "1ec2a28bf0385c6014e70c03c1e87bc8e0cc1e3b4e58d15425b94d011c8531b2"
    },
    {
      "asset": "voc/lkdoud_voc.jpg",
      "hash": "74a416532143abf2f25cb24304a7016a8ed488b7826c1645a75a7941723064fd"
    },
    {
      "asset": "voc/lkmb_voc.jpg",
      "hash": "5a1cd3d5728ad35475517ddc86b7d7db137619d30491421abf87cbb61c292a48"
    },
    {
      "asset": "voc/lkkvas_voc.jpg",
      "hash": "2bbbd840ee8b90b841f0dcf3b50629061e00851d10317d04874b25a4e4728f27"
    },
    {
      "asset": "voc/lkprim_voc.jpg",
      "hash": "1612355ba8ee97e5aa38b9fcbaa9846065419f128a8a439175b370d508c00dc8"
    },
    {
      "asset": "voc/lkkejz_voc.jpg",
      "hash": "5e6ef3c74690cf634d4d0191c526cd90d7f01faa6bc8aaad758dc6e42e8a93ea"
    },
    {
      "asset": "voc/lkso_voc.jpg",
      "hash": "c2dbe53359f3423f8e639cce62150dc482a62b76e7031aa18e54a7bf1e526e4b"
    },
    {
      "asset": "voc/lknvce_voc.jpg",
      "hash": "59ebba515f1c6b585e9e52991f846c72adce79786445b489b121efef55f84a0c"
    },
    {
      "asset": "voc/lkexca_voc.jpg",
      "hash": "b0997efc186e54f4f2cc5519136c18a5fcdf566060da30ad6c99410a53af5f63"
    },
    {
      "asset": "voc/lkhrad_voc.jpg",
      "hash": "4243d0622517bb8e41628f5066c71060f42af4ff1593bba4e8d8a0e5dd8cadbc"
    },
    {
      "asset": "voc/lkcb_voc.jpg",
      "hash": "ab5936739996c1febaaaf4b2c95afe265a76dbef9b10e55eaec8df42c1096024"
    },
    {
      "asset": "voc/lkostr_voc.jpg",
      "hash": "0b2bcccac14c2ad9850edbd15c7044d1aabc977f092a651609e7ad1bd1a39141"
    },
    {
      "asset": "voc/lkch_voc.jpg",
      "hash": "beebf62a87c3aa15e1bf57cc4cbc0bae6ee61601539e8751f36711fa537a42be"
    },
    {
      "asset": "voc/lkhk_voc.jpg",
      "hash": "5baf8a2651411a72be69ce6146b505703120254c084332e2191fc1b7d728fbf0"
    },
    {
      "asset": "voc/lkpl_voc.jpg",
      "hash": "c25d6b394da03e4e21556c0157104839451e1116153a182e41e5d52b53488aa5"
    },
    {
      "asset": "voc/lkchra_voc.jpg",
      "hash": "566f33fa0ff7b048ddd0d46ec0ff3809d235fdac11a6e0776398fbb2d8ced0f6"
    },
    {
      "asset": "voc/lkpi_voc.jpg",
      "hash": "645f8bb38648fc8c060c3b4341d571530c3700dfd0a80b5e36c576b3463461cb"
    },
    {
      "asset": "voc/lkvp_voc.jpg",
      "hash": "41154a5b073e86e35be753e507025ac73148ee65b1b8338da4b4dcf72a798440"
    },
    {
      "asset": "voc/lksz_voc.jpg",
      "hash": "79aaeb5bd5532076ff8a67d6ef47beb6e8c26bc2da4b56de62a5625f25157268"
    },
    {
      "asset": "voc/lkbe_voc.jpg",
      "hash": "dedc873d0e558c03af44348d55993595d6daf28d4e80941fa767c40315323c64"
    },
    {
      "asset": "voc/lksk_voc.jpg",
      "hash": "83553bdbd5477be29bd70c61ce4dc3eae027d4bd08c5ef93413b85ba3336d862"
    },
    {
      "asset": "voc/lkrams_voc.jpg",
      "hash": "a8c3ce81de33c4a9161f06258c1756d6232dba645d72bc272176ad2c9e1f8ddf"
    },
    {
      "asset": "voc/lkbyst_voc.jpg",
      "hash": "d5b75176c4cd865f92116c8e34eb080e587b7bc09f561e92444b45086abfc313"
    },
    {
      "asset": "voc/lkps_voc.jpg",
      "hash": "84ed7974a8d9779abcb959ce65ab5f977feee684a839353cb01e58f3c7464023"
    },
    {
      "asset": "voc/lkvm_voc.jpg",
      "hash": "e1abbbb0a780b600477bb5756c8cd107e9aeabad13b4d9dcdc80bccf3db9910b"
    },
    {
      "asset": "voc/lkmt_voc.jpg",
      "hash": "51961269eddb037276c4f696f18c01fc8cdb7674518b82e123bd3ff23482eebc"
    },
    {
      "asset": "voc/lksa_voc.jpg",
      "hash": "f1b698195b948970b4038926093af04e08674ad3a6f110028e51976a7f8be695"
    },
    {
      "asset": "voc/lkmr_voc.jpg",
      "hash": "a1b2c55376fe230626bb7e253c4e7d720fba21134baed34b7f884f0e70641519"
    },
    {
      "asset": "voc/lkvo_voc.jpg",
      "hash": "f5a1e9adeb870fbee9d9b7cceb093322c436b90d0b66f512bcb4b261180e766e"
    },
    {
      "asset": "voc/lkleto_voc.jpg",
      "hash": "68772699358fbb1d409411efe3955b31cf71c12c33b249a5ddb38dd1fe56c2a4"
    },
    {
      "asset": "voc/lkpm_voc.jpg",
      "hash": "ffcde1851d0e79d1044a4f1e1585fde057a684192733cf01706e4da39728c68c"
    },
    {
      "asset": "voc/lkce_voc.jpg",
      "hash": "88f73528aa24c5cbb164a2159994d88b582e531a73ec59e699ed016988269633"
    },
    {
      "asset": "voc/lktere_voc.jpg",
      "hash": "21369ab13bf61216e5a8449695e16ec77f1595bd0da40cbca4ae6db2170a224c"
    },
    {
      "asset": "voc/lkct_voc.jpg",
      "hash": "bd7a90d2f8690459ba1c41019f490b58cc89a6c281f34fd6634e4d58967de665"
    },
    {
      "asset": "voc/lkst_voc.jpg",
      "hash": "ef79c29cee974b28ff0de2bb631cbca370c656ac10895670cbf878bbff60839e"
    },
    {
      "asset": "voc/lkmo_voc.jpg",
      "hash": "ba2a6ae19aab71efd8eeb3fa9e62f0bf8dc2485578be8bd33d5724dcb54c0215"
    },
    {
      "asset": "voc/lkdetr_voc.jpg",
      "hash": "db2054dfaad327dd8af0c7c6976379fdefe25f04ae72fd2f6263485ee1e6dfcd"
    },
    {
      "asset": "voc/lkvr_voc.jpg",
      "hash": "c8b932aafb7cf4ac580bcf507e6c826be963e5d89f7e928abed99f8ea6429305"
    },
    {
      "asset": "voc/lklomn_voc.jpg",
      "hash": "9a4f27460d2691c42dbf2649e76b81abbaaafb9ee477493af2c85ff58e3a0444"
    },
    {
      "asset": "voc/lkmk_voc.jpg",
      "hash": "45cb0d3319aa90436aad5a0bb3d98acfc25849792f74ea437d88dfd263f12e31"
    },
    {
      "asset": "voc/lkchoc_voc.jpg",
      "hash": "7e59c3ee959361842c571fdccd0a1b665d3499585c121f68efa0ef7feccdcca0"
    },
    {
      "asset": "voc/lksu_voc.jpg",
      "hash": "038b54fafc8125ae0ffd9beba1d5e337c513d57d8fafe7b04842e58293f443a9"
    },
    {
      "asset": "voc/lkpj_voc.jpg",
      "hash": "8ff3c796a8d36032e571dd1b627f650f80c2ccfe7a6d942fa22114855ffd6846"
    },
    {
      "asset": "voc/lkluha_voc.jpg",
      "hash": "e0581549c1e754214ecaeb00c2f28fe3d18bedf4db4736f795ed3838812da4ba"
    },
    {
      "asset": "voc/lkopav_voc.jpg",
      "hash": "94613e02de34c75e19a3310746b589f332115a3f8134c247333eac5e05d14aab"
    },
    {
      "asset": "voc/lkchri_voc.jpg",
      "hash": "6a60dad6034d73b6272c90b012670a41cac033b4dcdfd80524f258a8cc45d12e"
    },
    {
      "asset": "voc/lkpoca_voc.jpg",
      "hash": "48f85a00b46be8891d2b7e875f725883ac1aca9daaf36cf8a95986fca07d4a95"
    },
    {
      "asset": "voc/lknm_voc.jpg",
      "hash": "b7716c228dc4c879484e00103baa31c110a35474331e7e0949ad3e11887ad7d9"
    },
    {
      "asset": "voc/lkpa_voc.jpg",
      "hash": "650d80736799e0555763aab600e64a7d8c9f711522034147605b2b0be0e3d040"
    },
    {
      "asset": "voc/lktc_voc.jpg",
      "hash": "ab4a3750f0c0c37a086a3205629c1d984571ec5dd09d91f0eb6f63b0a8081ce4"
    },
    {
      "asset": "voc/lkkram_voc.jpg",
      "hash": "143938f2d33c051cc0fa2bcfcaf0bb54f89ef3214b3b47374b4fb7e62c606740"
    },
    {
      "asset": "voc/lkkt_voc.jpg",
      "hash": "8b79c39a697457e78c2b64757ec9fe34d8eebf9b8e8bf0de942a804ef8cedb24"
    },
    {
      "asset": "voc/lkzl_voc.jpg",
      "hash": "d9a75f94e2d6895fb1b3c4a45cb3bda90fe65048ef0fb64eaa6504d1cea3beeb"
    },
    {
      "asset": "voc/lkvy_voc.jpg",
      "hash": "14e850951222a76f991ce25cbc6924c37cf32704c223ff5acc95ac229fa0f5c1"
    },
    {
      "asset": "voc/lkvrat_voc.jpg",
      "hash": "a1ed28b25caa3159f28d90035dcd2c7c258e9cc601a5e5170b406cc296945b23"
    },
    {
      "asset": "voc/lkbo_voc.jpg",
      "hash": "1d2b2eca8864ea044fcb4ed39e7e0829dea31755693e7e1c51dbf03c39d86f37"
    },
    {
      "asset": "voc/lkbrto_voc.jpg",
      "hash": "1b331e4c8b60975c5fe28f27e2df97175af4d06d673c5043dc96f691178d0352"
    },
    {
      "asset": "voc/lkstrz_voc.jpg",
      "hash": "917f078c93dd29d0be2d7ac341b6492734782d05781aa58bb5628b24d8497f85"
    },
    {
      "asset": "voc/lkja_voc.jpg",
      "hash": "f0e7e52fc323bec776904212ce8e06836ad144ada89742cc7bb395e491ce437b"
    },
    {
      "asset": "voc/lkdk_voc.jpg",
      "hash": "439af29fcd7e95b9ae1e81dd6fa08248a9292a28e0b14bc3da99ba4d7c0ccd8c"
    },
    {
      "asset": "voc/lkln_voc.jpg",
      "hash": "5b1af30ac78e2d88813e99d8fbd019d34cf2df8a6d29bb9b14497afb0178b6f8"
    },
    {
      "asset": "voc/lkra_voc.jpg",
      "hash": "c2d2cd7054022ee1bf30e7d3710e5756b8097c5efba2fa7c70990660bb7278d4"
    },
    {
      "asset": "voc/lkro_voc.jpg",
      "hash": "667a06fe2145733e95858139c7269965870e32c641aeee31edcd22aacf4563e6"
    },
    {
      "asset": "voc/lkza_voc.jpg",
      "hash": "9f00b8bee1880e39fa61915c0df914c6f9c9d671b9fe55b8df0b1d4b611a7241"
    },
    {
      "asset": "voc/lkzd_voc.jpg",
      "hash": "32993263733ae622721204133468fb2ff53a95305ce69b9cc8db294d229e613c"
    },
    {
      "asset": "voc/lkbu_voc.jpg",
      "hash": "f036d51e85a2d688f430c8540e9c06b5e2fc11b30187634262a9e1795a1c0536"
    },
    {
      "asset": "voc/lkol_voc.jpg",
      "hash": "a1266cf9d35cace46c976fb52e32d867d330e8247b5d6a9cf66bc54f9aa5b72b"
    },
    {
      "asset": "voc/lkchar_voc.jpg",
      "hash": "ebd0370607b19905d88ab3c69e4d7aeae34a87fe9a264e11ed737040b4b02bd1"
    },
    {
      "asset": "voc/lkba_voc.jpg",
      "hash": "3127acc2450245272716649e990e46cc8e4a9eb9f046e9a595e662af3760ce75"
    },
    {
      "asset": "voc/lkko_voc.jpg",
      "hash": "cf3c2db4c7295c32d0406e9e09b7a227d875278ecd193631b15b3f06ce5cf7aa"
    },
    {
      "asset": "voc/lkbudk_voc.jpg",
      "hash": "362a2cc81f6c1175decc1fe409852e09d2dfed5568f43fe46b1255d30313103a"
    },
    {
      "asset": "voc/lkpr_voc.jpg",
      "hash": "5a8b93714ed46da9b0462f48edaf41c0227ef300a5a5de973f50899381b0b7c6"
    },
    {
      "asset": "voc/lkto_voc.jpg",
      "hash": "747b102fd360073619a72b5a87fd5ce722ad394529aa8ccb5fdd9e1e71a3d1a5"
    },
    {
      "asset": "voc/lkmh_voc.jpg",
      "hash": "66d20aa573e5c79def5061183445271bf68bebc1600a0eeb37989c0fda676dbe"
    },
    {
      "asset": "voc/lkbyno_voc.jpg",
      "hash": "c36e69eca191013d3ddef56511b4d109feb6e0d79142de622aefc95973280e8f"
    },
    {
      "asset": "voc/lkchov_voc.jpg",
      "hash": "383c3125b486cdc492a4ca6d50624b447d76fea6e61fb34fe1d73a49aeda7009"
    },
    {
      "asset": "voc/lkky_voc.jpg",
      "hash": "cfccbd58844e2381e5ba4d55653a7d71b99dd02595652d92ca3107e95ab1f1d1"
    },
    {
      "asset": "voc/lkmlad_voc.jpg",
      "hash": "229aedf0b40fa86b4e4b8bc71ce43b3b21d5ae399532344d3ea7d746d459e1b8"
    },
    {
      "asset": "voc/lkhn_voc.jpg",
      "hash": "6a30ed62f86523da2b427ee6d95ad38aca200804dab965ed7ac24eba544d34c8"
    },
    {
      "asset": "voc/lkkm_voc.jpg",
      "hash": "1b4d6812dcb85bdd647a945ce75c03f5adde4bde045ebbd12f61be62786c4842"
    },
    {
      "asset": "voc/lksn_voc.jpg",
      "hash": "74824fd5755f26acdfae07baa62d3405b9ec79dccd0d4d9a58b973fa6ab6f688"
    },
    {
      "asset": "voc/lkzm_voc.jpg",
      "hash": "f3297eb6c12e524acfc356847f9957e3e61c31ec924494bdf4a9543e686e1c15"
    },
    {
      "asset": "adc/lkmh_adc.jpg",
      "hash": "ad0f5a0c9908c03b3c19565dc159aef9ab399260e26db306e3392fe40c45f067"
    },
    {
      "asset": "adc/lkhrad_adc.jpg",
      "hash": "6c17f9075e87c5f81aa7634395a31fbeea9c14a8123b4973ef0f6b323ca45b00"
    },
    {
      "asset": "adc/lkdusn_adc.jpg",
      "hash": "b56fc1d455eb47810820073c6a0c93f933f8b5a16fd70ed18ef4b09f83a98b68"
    },
    {
      "asset": "adc/lknapa_adc.jpg",
      "hash": "415b15fd783e2d22069f7ce87a766a841d46f2ec05b01f6755a44f952e628542"
    },
    {
      "asset": "adc/lkst_adc.jpg",
      "hash": "baef14de9948820672e4906d543e81db3c49a386ab39fe87ff0d4b67a2f07160"
    },
    {
      "asset": "adc/lkhb_adc.jpg",
      "hash": "395d12a65d971816ba5a9c0a3a39f9d28112ee529a7f0b40c0b82ab5ef089836"
    },
    {
      "asset": "adc/lkleto_adc.jpg",
      "hash": "175d57b0b6bf09e8d44b8caad6b15bb18aaca7f12bd1b217bbe47503ecc2b39f"
    },
    {
      "asset": "adc/lkkune_adc.jpg",
      "hash": "da6990e9cc8e30820ecc1fd04662d54caaeec9004b6eb4109b71e1a94127dec0"
    },
    {
      "asset": "adc/lkchoc_adc.jpg",
      "hash": "7e9f399ede5a505df2763277c2531263414ec689bee8f20cb8fd96fc9231a53a"
    },
    {
      "asset": "adc/lklb_adc.jpg",
      "hash": "b937b23dd88319598769033c54471fbdbbf62b6831f3736a05230c4e57b93368"
    },
    {
      "asset": "adc/lkpl_adc.jpg",
      "hash": "3f55a6a2d44f637205d1d1eb4d2b0416515eec75f10639eccb5804fe1ad56a34"
    },
    {
      "asset": "adc/lkzm_adc.jpg",
      "hash": "135de8467cdb03456d289361ce2553c572f4943361866447c388d535986c79e1"
    },
    {
      "asset": "adc/lkhv_adc.jpg",
      "hash": "79024686820c76af2840dbe6b34805221087a0661298ed102fd955a510158eac"
    },
    {
      "asset": "adc/lkcr_adc.jpg",
      "hash": "de83286e23d5a5b131fd10c5a652c9f1ce24c20b8dc633dd1eafd828a7a0848d"
    },
    {
      "asset": "adc/lknach_adc.jpg",
      "hash": "10577da102819c8a3f0597d3e3bfb5e629086cb7ca25135fb7d9183fb3e76027"
    },
    {
      "asset": "adc/lkmist_adc.jpg",
      "hash": "6c2677abea8b8f8fabaaa3ea7394038beff4e9380f045d2b1dff39bf6b8e86f4"
    },
    {
      "asset": "adc/lkpr_adc.jpg",
      "hash": "3026acfd002f5f7db1d457e753bd9192e547e04bbc97522ab8f0eefde7ba494e"
    },
    {
      "asset": "adc/lkso_adc.jpg",
      "hash": "2cd5eb9660dfe76dcfb745364f98f7a0b5c70b465acec5b1c8aec1e86e7223d7"
    },
    {
      "asset": "adc/lkmlad_adc.jpg",
      "hash": "b5c73c810caaac18b64f390cefc2e2622e1fddc3037c65ae08c6888dd9b9aa3b"
    },
    {
      "asset": "adc/lkpoca_adc.jpg",
      "hash": "b5279836791305e66660465c2eccc0a88c36df0fc5c2c6c9a2bf9c5e48930425"
    },
    {
      "asset": "adc/lkjh_adc.jpg",
      "hash": "bef9841a63aa531051985095a397323098e952644f2575ad97f73bfcafac2c58"
    },
    {
      "asset": "adc/lkba_adc.jpg",
      "hash": "e2cacea989c34e77e1eb68ca12cf13a080d76193a928e478a89f287ed35d524c"
    },
    {
      "asset": "adc/lkzl_adc.jpg",
      "hash": "b23a685afa4fdebd8aeb428834a9f6ff74b45406fa07eaffad2203e933a30ab4"
    },
    {
      "asset": "adc/lkbyno_adc.jpg",
      "hash": "571c10399d20dda6477320d0519294c28f145523599102b1da75cab65420c7a8"
    },
    {
      "asset": "adc/lkvo_adc.jpg",
      "hash": "e6207eb87e0d3a3509b07ebc6fee02984a06623361fde1c82f901d4bfd3bf357"
    },
    {
      "asset": "adc/lkct_adc.jpg",
      "hash": "090ed0f6a9ce27aca23a32767f8263e08c4ce3c4a8d59718e84778e5ad3f7f0f"
    },
    {
      "asset": "adc/lksk_adc.jpg",
      "hash": "aca73fff8ac69118aa9d69965a5704809af71bfbd9b08e48de6f165764d22922"
    },
    {
      "asset": "adc/lkpa_adc.jpg",
      "hash": "4d211404a8972ad2a2cd0f8dce772e7663ff55d49b8913119a0e4a448ed9d42b"
    },
    {
      "asset": "adc/lkbrto_adc.jpg",
      "hash": "0be2c4ba5d45674439343694e91242b9cd2c0d1ea717850aec31e87242be36eb"
    },
    {
      "asset": "adc/lkuo_adc.jpg",
      "hash": "ee51401799383c27d7efedb1305bb289a0877b3d4966983a815d61670e361a3f"
    },
    {
      "asset": "adc/lksu_adc.jpg",
      "hash": "048b0560127cfabf95abf65f7bf9eeb3ad3d656c1004f4652ec26ad930c4b3f5"
    },
    {
      "asset": "adc/lkexca_adc.jpg",
      "hash": "613c7c8809104b6ee4da0047b6b84e5c490c983378999069b53567f4927a6684"
    },
    {
      "asset": "adc/lkbe_adc.jpg",
      "hash": "98afe20257fe25096158a45fede63a79864932482bb1c2360e4c483b211d3224"
    },
    {
      "asset": "adc/lkhs_adc.jpg",
      "hash": "c2d4a6b7d64cd8b1ae99274ee45fff3025e081203dcea24b6f19229fb2fa8d3b"
    },
    {
      "asset": "adc/lknymb_adc.jpg",
      "hash": "ad9a3b79334fcc680cc3289a3a076e499f117fe992b8001632f3d38bdd38a5d5"
    },
    {
      "asset": "adc/lkbyst_adc.jpg",
      "hash": "f0f6b55c74529d1c7c8869c2a52a81fa27566281908c2f48306855824e5c02cf"
    },
    {
      "asset": "adc/lkdetr_adc.jpg",
      "hash": "2e6863fae239842d86195bd0ec7ae4db262acc17a9dd1552384ec38469a5d55a"
    },
    {
      "asset": "adc/lkmr_adc.jpg",
      "hash": "176f3baa6e4293396ec47927eaafc3439f1ab02417b157c104b0bfb0d32c9601"
    },
    {
      "asset": "adc/lkdoud_adc.jpg",
      "hash": "2bd2113940b69fb48633b689719770bd2f3c52cafeb9b751b629b5e69e2af95c"
    },
    {
      "asset": "adc/lkkr_adc.jpg",
      "hash": "a3dda2f35be6e7a84dfaf78fdea0dc84626108801b8312cbad4f403f05c5d560"
    },
    {
      "asset": "adc/lklomn_adc.jpg",
      "hash": "fe397940526740f4592203d96acad12abee2ca52b99d1697ebda0d0793efadde"
    },
    {
      "asset": "adc/lkpm_adc.jpg",
      "hash": "6fda80653293596835875ecd005a76acc858d213748ab256cf2d1fcbd44ba62f"
    },
    {
      "asset": "adc/lktere_adc.jpg",
      "hash": "3f87c587115a85761ef5a5122548133ade94dc239b73d9da287e5c55089cdfbb"
    },
    {
      "asset": "adc/lkkrpy_adc.jpg",
      "hash": "fa8ca5e3eb067d4148dba5dcb90a07221c740203d0997779d543a5f82d8977f1"
    },
    {
      "asset": "adc/lkchvo_adc.jpg",
      "hash": "2c7525455bd57163a355373a32ebf27a8dc184a8946cb987ce506decbec6d791"
    },
    {
      "asset": "adc/lkvm_adc.jpg",
      "hash": "e385f65da5182ab8196564509f3510bb885e38404ec18d7dab14b35751b78836"
    },
    {
      "asset": "adc/lkchot_adc.jpg",
      "hash": "b28b6198238de58886b668cfac5d7360dda6fdbcfad1f32191a61fa80ea312e7"
    },
    {
      "asset": "adc/lkchri_adc.jpg",
      "hash": "9ced2b31a9e5120ca3f0ae6925af5e091699103ed897fc84e76791135cfc5220"
    },
    {
      "asset": "adc/lkzn_adc.jpg",
      "hash": "00fd1c8cd776208d0d06a81c0815812e4535de062111056e45e5067fa9beda87"
    },
    {
      "asset": "adc/lkvl_adc.jpg",
      "hash": "42bd63715f6f0ab662bd8d92fdb5726d90cd84716a02bc58050f18a5f514acd3"
    },
    {
      "asset": "adc/lkmira_adc.jpg",
      "hash": "7dc497338f958196d45f2e20245ffe198ef9c04170c24c455c23d6e210212a24"
    },
    {
      "asset": "adc/lktd_adc.jpg",
      "hash": "204464a9594cc2811720f3b658d8abd114bf0a44f2db48ddf02eb79eaa1b8002"
    },
    {
      "asset": "adc/lkbo_adc.jpg",
      "hash": "7ce39a2c5ba4648f65167c52a70e2e6e4e53ac5243a5d2f96c0b754ca3b5129a"
    },
    {
      "asset": "adc/lkpd_adc.jpg",
      "hash": "3c67bb09fd977ecd39463f8153dee92c9c476e6230753d85eddb47bb23b2aa49"
    },
    {
      "asset": "adc/lklt_adc.jpg",
      "hash": "564149a19ae6906e2d8b50c3d208a476962a56e77d086e9e75c085459c30cd64"
    },
    {
      "asset": "adc/lkkriz_adc.jpg",
      "hash": "35b49eab4bbe6162bccc5fc5eb597f7800c2b13c56f36b7ad466e5ef51d7f224"
    },
    {
      "asset": "adc/lkry_adc.jpg",
      "hash": "efef3275c61c72c81e132567936f5d043c1df88e83ed7be6d40d52b4fba1be77"
    },
    {
      "asset": "adc/lkvr_adc.jpg",
      "hash": "0e1858a616983a657e6f73fe1bedd54cdaadec7610c6948a69aced3b6ea26663"
    },
    {
      "asset": "adc/lkliba_adc.jpg",
      "hash": "96d7f1572f312e25ede2f9e9d1508a679f82b0047718ae0c67c087346dcbaf80"
    },
    {
      "asset": "adc/lkchov_adc.jpg",
      "hash": "749250823ee7d1e8534121d0cc0e510e49c9afe14bf41c5d4b6e93cb56cf1d90"
    },
    {
      "asset": "adc/lkky_adc.jpg",
      "hash": "69a156d78a4b789ba59ea48182465c422e193b6e23f4fdb20b321fd59e4241c6"
    },
    {
      "asset": "adc/lkrams_adc.jpg",
      "hash": "85c5e1db1bf015042f52336a196c8dad752386c4f192f15ed7d8b29c4b625460"
    },
    {
      "asset": "adc/lksa_adc.jpg",
      "hash": "1efa2f0ab3129e5a37c5e5cda9e23ba1974b33e40aecf62cb12e35801868119b"
    },
    {
      "asset": "adc/lkbu_adc.jpg",
      "hash": "82b7c3c763c25845321c0024bd4ded846744ea9e78553297b6143366dccb5a6a"
    },
    {
      "asset": "adc/lkkv_adc.jpg",
      "hash": "233ec1e7ce56c3b3f1aef65fc3a9087351c67d01f39fce697c3ff715a33eb259"
    },
    {
      "asset": "adc/lkkl_adc.jpg",
      "hash": "36f5b03836a57bce0a66e91b08f117a50399c7b9a2e2bd8e7551608739c9d7cb"
    },
    {
      "asset": "adc/lkol_adc.jpg",
      "hash": "38e20262f84a1d6be80c100b1e29cbcb4dee10f806a9ec9243323d3acbdc8c72"
    },
    {
      "asset": "adc/lkstrz_adc.jpg",
      "hash": "e8825cd68aff659cd31a7e804c1add15b1ac455a4bbb4a238670677892461eb4"
    },
    {
      "asset": "adc/lkprim_adc.jpg",
      "hash": "ea1c3af0fef0a7817e388e8290fc36f9b1ef5b321ae0b2691c04ccd200f42ae3"
    },
    {
      "asset": "adc/lkto_adc.jpg",
      "hash": "f69b7d6daed546ed07fe6337b19bf3445c10def5a767c049dd779f51b899ffb9"
    },
    {
      "asset": "adc/lkps_adc.jpg",
      "hash": "62bd4acf2360e3357c1123219cbd08f3762b6f9b125950dddecce0d917561ac1"
    },
    {
      "asset": "adc/lkkm_adc.jpg",
      "hash": "0d635d132f2181b77eb4f43e8f1b4c3eeb525a542fd25d9f70a181adfaeba46e"
    },
    {
      "asset": "adc/lkro_adc.jpg",
      "hash": "f0abd60beecc7018c03c4dc4e1d2dd79c87dd441d83c677ba14356e4908f9684"
    },
    {
      "asset": "adc/lkcast_adc.jpg",
      "hash": "a9239a395c805e3a3e3c2dc5b4a6513e67dd04104634e4e45e22c7aa591dee6b"
    },
    {
      "asset": "adc/lknvce_adc.jpg",
      "hash": "594b12e87387ca7f9d4bdb2c298345a670076724918c2391d0dbf061384d9b83"
    },
    {
      "asset": "adc/lkluha_adc.jpg",
      "hash": "9f3134583ffd65b1f55dffbe1462379b9d12010a6f31d7d0941dd6dfc7d7c905"
    },
    {
      "asset": "adc/lkbudk_adc.jpg",
      "hash": "fa39e672dac6e14ada583caa10cb66553771f623178dc5a003497c7ea1eb643c"
    },
    {
      "asset": "adc/lkpisk_adc.jpg",
      "hash": "a0b54fecfb60d7eec78014386e96d6e6486123f6baecb1baa614b3b9dae59b94"
    },
    {
      "asset": "adc/lkdruz_adc.jpg",
      "hash": "5edebab2d49f4a8f54634d0d49bf5230d2ac6ba4688888f2aa968f931190ce00"
    },
    {
      "asset": "adc/lkstip_adc.jpg",
      "hash": "fed1f62ea3479314627d3759af80a8951f796d9d6152a8de8a94b3bf8482d441"
    },
    {
      "asset": "adc/lkslus_adc.jpg",
      "hash": "411916794a0d61eaf730e23cbf30b32b9c6546c1831b7baa057e04d9b85a07d1"
    },
    {
      "asset": "adc/lkmo_adc.jpg",
      "hash": "8e898879634d69b7dc3a8994ca1b7e79edf3817128b114f556252e5a4f456f32"
    },
    {
      "asset": "adc/lkvy_adc.jpg",
      "hash": "3e92a19f3ec7c7c42062bd865dd89f734c8b8f0eaf352f3bc259d5753504cadd"
    },
    {
      "asset": "adc/lktepl_adc.jpg",
      "hash": "30af77942b63486196951c26e378e07ef33bf886c0867fa45b71243d6521ff28"
    },
    {
      "asset": "adc/lkchar_adc.jpg",
      "hash": "7ce158b5fbca2c4c08ba0c02c5d6c0e70f339fc9b8709cc888711cdd2f8e85c7"
    },
    {
      "asset": "adc/lkzb_adc.jpg",
      "hash": "37196ed30a44daead748bc107b83ded0d9f6ba2e1742d4d57343e6ad494bcdb3"
    },
    {
      "asset": "adc/lkku_adc.jpg",
      "hash": "46f666d53d1eba6a36f0e4a2d950d482820e79e3c7078e55de60e1c4b2808513"
    },
    {
      "asset": "adc/lkkvas_adc.jpg",
      "hash": "5a87ef0256229f68046704b3c34f726471e85dffb52a2d82e27d3763c8ae1584"
    },
    {
      "asset": "adc/lknm_adc.jpg",
      "hash": "6f52689ea78a3954018145399d61b8709572259b58eea99ff5c76f9922419f2c"
    },
    {
      "asset": "adc/lkvp_adc.jpg",
      "hash": "771c60221b583208e0135d1eb6eb2efaff6ee730d14cc2ccddba94e2ef1c4a90"
    },
    {
      "asset": "adc/lkko_adc.jpg",
      "hash": "ab428886430f55ce945897fb25d3ea43b54eb7b575e3fe4de0ef47f0f9b36a29"
    },
    {
      "asset": "adc/lkmi_adc.jpg",
      "hash": "559fc6806219e4a4cd2d1069802613024449e2be414bcb46ea62b779e2f742e0"
    },
    {
      "asset": "adc/lktb_adc.jpg",
      "hash": "265896e7133b326d307a1c3cc06576dfdec2845b94e412cb00122ed901c950a6"
    },
    {
      "asset": "adc/lkfr_adc.jpg",
      "hash": "c39ae6bd90a0e9f424057f3fea61957cbf6ee78ce045e573cb53ebd8cab1156e"
    },
    {
      "asset": "adc/lkja_adc.jpg",
      "hash": "602530d48ae04cb3b9fb2c485a9ba8726b88828c5a68e9bef6c9015913854823"
    },
    {
      "asset": "adc/lkopav_adc.jpg",
      "hash": "65b2153d9e1034ec87523bbd32f5eb233566f48116fd666600cb9d8a78e31f87"
    },
    {
      "asset": "adc/lksb_adc.jpg",
      "hash": "9667f2bc0712933268dd7a34b331653e59bd23cbd9d517022e23ef958423df2b"
    },
    {
      "asset": "adc/lkhath_adc.jpg",
      "hash": "c96d1c760d22852f879635742c85b0f578d9db3282c8d12b22403cf7b7ad4d92"
    },
    {
      "asset": "adc/lkosic_adc.jpg",
      "hash": "f895e6d33970f873f62b16dbf52adefc0bd82b14b169186281d5c9bc9ff3ce98"
    },
    {
      "asset": "adc/lkta_adc.jpg",
      "hash": "1fbd9c06040abfc132b0dbc3b3b72fb86426ca0e09b2c60698c073c091fbd86a"
    },
    {
      "asset": "adc/lkhk_adc.jpg",
      "hash": "163e9f0f0e53b51115f62aa4e1fb0045f3d9137047955a47c62cffdeaed8160e"
    },
    {
      "asset": "adc/lkpn_adc.jpg",
      "hash": "ddf7d6d89c0a22bf97820e3bc7b239758a52a94ff65d2811f6dd179e26033935"
    },
    {
      "asset": "adc/lksn_adc.jpg",
      "hash": "c5c349041f5b182e383f7f206fd5d64f38c1ca125fae0851d3daab0c82d3d623"
    },
    {
      "asset": "adc/lkcb_adc.jpg",
      "hash": "7b4c894da8787a14bf97c38f19b62a06420fa3fc8150923b97c954ae8a6712e1"
    },
    {
      "asset": "adc/lkln_adc.jpg",
      "hash": "d8f1b54751b53638307c67a3e24aaa397bc27c205aed0868d7306d0abd4496c0"
    },
    {
      "asset": "adc/lkrk_adc.jpg",
      "hash": "d7c419e6febe2bdeb2edd7a90b43159359f7ed2442149431e538e3110cc97c16"
    },
    {
      "asset": "adc/lkbore_adc.jpg",
      "hash": "b19a1663822cd12b769dd17dcde0c1e26278c128d7c5bb2e25c2bae7e22f0dc4"
    },
    {
      "asset": "adc/lkul_adc.jpg",
      "hash": "23f722c4eb9100b70694e819dec742f07fdd5f5c72eeadd066f7671c13d62119"
    },
    {
      "asset": "adc/lkjc_adc.jpg",
      "hash": "7435728cd27141d7b27ef2d2369abffd1a368bd3478f91d14c10155168b3ef1a"
    },
    {
      "asset": "adc/lkkt_adc.jpg",
      "hash": "2b3b32cbf04c03c1775a44ab6f0e7f74541b41bacc552316ef2892c5804668ba"
    },
    {
      "asset": "adc/lkostr_adc.jpg",
      "hash": "cb3ccb38eb584494d239402368f282e81af67c60b6e3ade758ef2b9d3409600a"
    },
    {
      "asset": "adc/lkmb_adc.jpg",
      "hash": "19f35e52bf938e173b380ff6cc9683e091c02efefa1f9ab5a74104a563bb0786"
    },
    {
      "asset": "adc/lkpi_adc.jpg",
      "hash": "18d02723e7427b1482a202b3c64380d0d95d0773e3032fac725f77fa57da26e5"
    },
    {
      "asset": "adc/lkkejz_adc.jpg",
      "hash": "fe2d01acb1638ad07d9df7b3d77171126a0137813be2059bd2a45dc722e96d68"
    },
    {
      "asset": "adc/lkce_adc.jpg",
      "hash": "96817c16c7622f5cfd1203fb5ef248041e3dae2d956febc8d7dbdfdf64a2f81b"
    },
    {
      "asset": "adc/lkra_adc.jpg",
      "hash": "57abdd65872468e3eb2e1074a25231d65e22bd78627e80189c9e142bbf80d10a"
    },
    {
      "asset": "adc/lkhd_adc.jpg",
      "hash": "ade09b9063d74a90230bb2f94cd04ffec71b4db3babbfd5a8e44c4e011b740d9"
    },
    {
      "asset": "adc/lkmiro_adc.jpg",
      "hash": "0e1cbb351298fc5f7c2041af41990fe8d3ad07ece6524d2c0dcde24fa2ac5d48"
    },
    {
      "asset": "adc/lkmilo_adc.jpg",
      "hash": "c4375dfd73dd5a1021d273fefc2c2fe90c4d441482b89b976c862fa1a7163022"
    },
    {
      "asset": "adc/lksr_adc.jpg",
      "hash": "60b1fe0c0454f44723ebf52e4b717292c039cfc78909ae5f6d0b7e6dccc85df7"
    },
    {
      "asset": "adc/lkbr_adc.jpg",
      "hash": "bdfb79f41b01e475fe86f74082adc61f67a1cc77086c9b68942a2f3fbfde42df"
    },
    {
      "asset": "adc/lkka_adc.jpg",
      "hash": "b34e62520f876e63ead7188f4b7be008bd6b0eaddecb7f9378b2dbd130967a34"
    },
    {
      "asset": "adc/lkvrat_adc.jpg",
      "hash": "79086edef996abcb9f4f2fbb9db2c25562da19211f840f64296db66c9f90362e"
    },
    {
      "asset": "adc/lkpj_adc.jpg",
      "hash": "da07e0fd2e43ee431681e53857445c06ebe77e555dc6d6b5a101c38a9ccab7d8"
    },
    {
      "asset": "adc/lkpavl_adc.jpg",
      "hash": "ae2890ae81755a8dec568f6ce79ee81b46aa0d4aa4ea3cf91963576eb6433db2"
    },
    {
      "asset": "adc/lkkotv_adc.jpg",
      "hash": "7a94f0ae145e8b5d87888e5688135fff0ea1322ba2da17fcd91a293a98219c66"
    },
    {
      "asset": "adc/lkpo_adc.jpg",
      "hash": "eb1e493deab5e7d6244b78f25f6dd3be08206ea03c7bd2ea91a8070f07c81a03"
    },
    {
      "asset": "adc/lkdk_adc.jpg",
      "hash": "bbdc629e870e59c585677e9d71fa6162f0a2b6f3b10f55056d1949bf377fe795"
    },
    {
      "asset": "adc/lksz_adc.jpg",
      "hash": "6fef280fd6447b2b46a382163ab41b72ae933ead9732b52e31fbccc5042bb7c6"
    },
    {
      "asset": "adc/lkmk_adc.jpg",
      "hash": "2eb4de2aa05805806d0066695f5a4fceb4db5b3d30063c169523784c67e02b74"
    },
    {
      "asset": "adc/lkkram_adc.jpg",
      "hash": "1cd319cfe6c707531825a421c98b9f4cd10eb557b9c68510e5c487bb57399acb"
    },
    {
      "asset": "adc/lkhn_adc.jpg",
      "hash": "48f1bfdc9f9988ef8cecf289c2aa516c34f1a84d2cc293529bedb1ce56dbdc63"
    },
    {
      "asset": "adc/lktc_adc.jpg",
      "hash": "d9b7a41d74a27d4e1e7eebf4499fa51ff16355c0dda465bdffaf11f99717547f"
    },
    {
      "asset": "adc/lkcm_adc.jpg",
      "hash": "1077fd7bea2b3cecadc0c7ba8ed31cfde3ab6907f2cb3bea83a67a77a35c855d"
    },
    {
      "asset": "adc/lkpc_adc.jpg",
      "hash": "6cde2cc4060e0f29e475a4036342145ef44625057b3b680c9fcb13ecafec7fd3"
    },
    {
      "asset": "adc/lkch_adc.jpg",
      "hash": "13b1b9bc4c7008bd882acece7862dbc78f55f3f747a419f8d52227e33f20d16d"
    },
    {
      "asset": "adc/lkzd_adc.jpg",
      "hash": "9cf50044888cb9f152809793fd15cd514436b589a8fabef23edabbeb8a6dad5f"
    },
    {
      "asset": "adc/lkza_adc.jpg",
      "hash": "c394eb20e98642c31904203d81b17032dbba927a17d6e62917ad1e04a3abe9e3"
    },
    {
      "asset": "adc/lklouc_adc.jpg",
      "hash": "d31bf27322d4d4bdf82b4fba44649d7923382dc15d6af0f9298c160de63e26cf"
    },
    {
      "asset": "adc/lkstet_adc.jpg",
      "hash": "ed81547a25b9163661a1831f1cd8ead9fe096351e8230da3b85283c48ecaca4b"
    },
    {
      "asset": "adc/lkhc_adc.jpg",
      "hash": "f3fb2bc497231160d8f3bbb0d5183e21f775add5fc275ca2a0df7199ff367e81"
    },
    {
      "asset": "adc/lkmt_adc.jpg",
      "hash": "21e9dd0fec6e784d7dd9b6de40dee910be0f08acaf198b21a2290c09001fcc5a"
    },
    {
      "asset": "adc/lker_adc.jpg",
      "hash": "651b6c60aa5f4c2827915e26541a71e7f8350ce9434a212951fbd1af8f4806a7"
    },
    {
      "asset": "adc/lktrut_adc.jpg",
      "hash": "44e7f2df78074187034c460b20a47e94d381240c34ae53b33fe871a65e52f488"
    },
    {
      "asset": "adc/lkchra_adc.jpg",
      "hash": "bd3b8856d05cfc89098126c988aff730035d925c8516d17d70e00c46e5035f7c"
    },
    {
      "asset": "adc/lkcs_adc.jpg",
      "hash": "9250c0165ffc0c0aa7d0bd8a6a40789811faf19357fae328b7fbbc3fad595310"
    },
    {
      "asset": "adc/lkji_adc.jpg",
      "hash": "3eb33d439b9afb07e3028db35d0726fd2ee11980bdaaed718ead659c8dc98a84"
    }
  ],
  "hash": "d4b9c5f21b86dc032bfbce82c8899b6d6f9317d915babb540ddb1bb627ffb921",
  "version": "2021.03.07"
}