{
  "items": [
    {
      "asset": "voc/lkba_voc.jpg",
      "hash": "f5dc7f5cc69064bb101b45e724f5104f42af83af4c232053ccbe2064f9cf9d58"
    },
    {
      "asset": "voc/lkbe_voc.jpg",
      "hash": "a53fa191380bed2de8b0fbee8691d25de3b7828734be8a58d75763df9b0cc08e"
    },
    {
      "asset": "voc/lkbore_voc.jpg",
      "hash": "2cc12fc103c1fb2ec9da219d3e7e9cb965de5540f38fffe0e34e841444c83001"
    },
    {
      "asset": "voc/lkbo_voc.jpg",
      "hash": "4c4366fff4c2f67cfbcee30b3f568762cd5229724a14a88cbc0f91aa62ee126a"
    },
    {
      "asset": "voc/lkbrto_voc.jpg",
      "hash": "95f0e260de6145cd1ad9e0496c1335b41221dd760c4cddc926e0b4050da2b601"
    },
    {
      "asset": "voc/lkbr_voc.jpg",
      "hash": "afc5cb47f7738d30c76d1e4783e0d9e44aacf6e90db0efe16e893f62c7106e11"
    },
    {
      "asset": "voc/lkbudk_voc.jpg",
      "hash": "86c4a35d6086ceed29b57a4f1e51f6f80ef616217df4d3fc3ad3308faf147b91"
    },
    {
      "asset": "voc/lkbu_voc.jpg",
      "hash": "cbadb02bc68134000cec7822a7ff398387c22aad5056afc5984e8502e728c9ea"
    },
    {
      "asset": "voc/lkbyno_voc.jpg",
      "hash": "81ea41bf10ae604faf0616360443d0ac16314551cde4d02bed01712337678fcf"
    },
    {
      "asset": "voc/lkbyst_voc.jpg",
      "hash": "df689d4fff6dc98aedbf399cea266b99f013e387e85dece507a061764aacbddb"
    },
    {
      "asset": "voc/lkcast_voc.jpg",
      "hash": "63f661227b191cda8ef182bc9e00dcb6d2afb1c8f267cce6068740c26c180915"
    },
    {
      "asset": "voc/lkcb_voc.jpg",
      "hash": "c36506b90448539c5885533c7308190942044ec00f420023c83d53321c6b70fc"
    },
    {
      "asset": "voc/lkce_voc.jpg",
      "hash": "da0c8d9bb33edba51162d0efa1d1cc1b0eafa95dc4ef520336fdf01d31ec44a3"
    },
    {
      "asset": "voc/lkchar_voc.jpg",
      "hash": "842a82006931032f70a2fd6755a9ff37691825999767fb76594c2a5862b5f2d8"
    },
    {
      "asset": "voc/lkchoc_voc.jpg",
      "hash": "fc5fb9c6b30cf419af17a748c29c6e6a95615814173ec57338c06a406df6028f"
    },
    {
      "asset": "voc/lkchot_voc.jpg",
      "hash": "2758bae24a54d51505558fc7a6223374eefa34c6a23b6e013f6584efc56319f2"
    },
    {
      "asset": "voc/lkchov_voc.jpg",
      "hash": "c3ada6e476f6f62b3f17877d642841b17541eac01e5cb0ef28f36f48e44c19a3"
    },
    {
      "asset": "voc/lkchra_voc.jpg",
      "hash": "2e3291c4e084947443b481aba7d8cb01b719ebd2d2c193e8f78c8e585a534df7"
    },
    {
      "asset": "voc/lkchri_voc.jpg",
      "hash": "c79df16c43d16375966cc397bef30705247ca74e9c6090bbb74afdbfc3c62eb7"
    },
    {
      "asset": "voc/lkchvo_voc.jpg",
      "hash": "99aaa314d331e572cad038949bf18a121c21108eca3d503ea1e26318c11ce387"
    },
    {
      "asset": "voc/lkch_voc.jpg",
      "hash": "92d4b040f69506fc0260d54dee6c595858f7390af55936f4a12eacc211a92164"
    },
    {
      "asset": "voc/lkcm_voc.jpg",
      "hash": "649d77c90671dcb4650d5c6322864bb6a5cb437d17fd5eb964f2240812b29bea"
    },
    {
      "asset": "voc/lkcr_voc.jpg",
      "hash": "997de59509314c6308bb3f97f229c30917b9a19b0b2059be7911b51de6703a99"
    },
    {
      "asset": "voc/lkcs_voc.jpg",
      "hash": "134caf9383ab5a814db2b5c8c98be77ba2563f41329a908f5dbd57996c44bef7"
    },
    {
      "asset": "voc/lkct_voc.jpg",
      "hash": "850824b6757c9b5dcc1ed7a3b73c311b7cbaa2d18c2ab14ae3db898a1c19acc5"
    },
    {
      "asset": "voc/lkdetr_voc.jpg",
      "hash": "14658d81b221f70134ac4e3c0e24bd4a7fef3b4f3981dd245f18ccde26ec2800"
    },
    {
      "asset": "voc/lkdk_voc.jpg",
      "hash": "9004cb6c665f9926247a5c3247b3706b2dea7f188a7a050c0102f3fdbf2ab8a1"
    },
    {
      "asset": "voc/lkdoud_voc.jpg",
      "hash": "0ff2fb9f6ed4284c973ae2814020fcb41308f99d71864821deb487f1a5df7c40"
    },
    {
      "asset": "voc/lkdruz_voc.jpg",
      "hash": "2083db4645d79ee13d49c20ce95cd1b38e3dacaa37e98a5fc50163e804957e4a"
    },
    {
      "asset": "voc/lkdusn_voc.jpg",
      "hash": "1813a0992ab3305681f80d81692ceae7e1244e59ef211cc66f8fb200362399fe"
    },
    {
      "asset": "voc/lker_voc.jpg",
      "hash": "14ea9d4a5f7a36b51719a9662215d1f9970b0212c320603cc998ae68e2ef1892"
    },
    {
      "asset": "voc/lkexca_voc.jpg",
      "hash": "7465fd909579d65d1ab5a6ca9d70a7d6eddc6a27474281cd5c29c16dd6a60686"
    },
    {
      "asset": "voc/lkfr_voc.jpg",
      "hash": "ff676821f869d404b47931156ec9ec8ecf13f6bb65a81abc809b198f447d24d2"
    },
    {
      "asset": "voc/lkhath_voc.jpg",
      "hash": "6247bd491521fef1ee9a90e12a792f413040987579713130aaa17034d49e3ead"
    },
    {
      "asset": "voc/lkhb_voc.jpg",
      "hash": "6b3a938bb9b3ef0e740a9a93947d1435358f9d1a47310b8ec29a0b0d957562b1"
    },
    {
      "asset": "voc/lkhc_voc.jpg",
      "hash": "9727fa6458f2a4a87b389ecbc4f7b9af7a0b124814cb98c1e2e1f97ea85538c6"
    },
    {
      "asset": "voc/lkhd_voc.jpg",
      "hash": "fae277bf68e4975937f5f3a3697a7f41e4b13b17b76ac9b9a2c431362477b179"
    },
    {
      "asset": "voc/lkhk_voc.jpg",
      "hash": "c9f325fbd5910d02764194ce1c9d91ae9f669761d313e4950f4d048d7a6325b3"
    },
    {
      "asset": "voc/lkhn_voc.jpg",
      "hash": "0dd15feac264fba875124af5d43e5478230eb16e4110184e03da2a3e0b1ded82"
    },
    {
      "asset": "voc/lkhrad_voc.jpg",
      "hash": "2ea6ef19f5b906195af2006328e84f55e6754db552151c96952c8f631a10f5a6"
    },
    {
      "asset": "voc/lkhs_voc.jpg",
      "hash": "9a8994ab00131e261780d5757882e6afb640bb4b8b7ebbbeaed3171676a70c00"
    },
    {
      "asset": "voc/lkhv_voc.jpg",
      "hash": "6e9a6cdd3ac942d878f64fd48df8cd91adf86ed9aa8ea7b2e0d13619d515837c"
    },
    {
      "asset": "voc/lkja_voc.jpg",
      "hash": "6dbe0cd6c99fe7178c04078f06d4f08e3dd535d680a008ca6eaa9007971854e0"
    },
    {
      "asset": "voc/lkjc_voc.jpg",
      "hash": "2e59cec27323d56b7ac48400b249d9823fc7c15fd4ae1ff973c43c4e61e55ed7"
    },
    {
      "asset": "voc/lkjh_voc.jpg",
      "hash": "2b6884c4e9d1c863aac3f7147b36c27d9db92de2b455ed5092fdd86c0a946ef3"
    },
    {
      "asset": "voc/lkji_voc.jpg",
      "hash": "8b9199eb942c0cdcd23fdedd740934e5687b0cb139b835b028995d5b3ed906b2"
    },
    {
      "asset": "voc/lkka_voc.jpg",
      "hash": "10dc8da3243533e93a2d299c860cd569a79ef94a4c5029eafbab5fecfba3174d"
    },
    {
      "asset": "voc/lkkejz_voc.jpg",
      "hash": "d59057c65717314984489bc1e67de744ec8290b9be72cb82e69f9710dd353a4e"
    },
    {
      "asset": "voc/lkkl_voc.jpg",
      "hash": "139938127b6c4fa530ce74299b92c5bbb9e1f36898669173234bc81405b9d822"
    },
    {
      "asset": "voc/lkkm_voc.jpg",
      "hash": "fa07efa6a5b4e613aa86a8e448d0926bb875d0cf4c9d2cb29874d436233434b8"
    },
    {
      "asset": "voc/lkkotv_voc.jpg",
      "hash": "21fe74345c4f0930ab6914a8819553a4109d6f7436d9202e9226961f8bdd0815"
    },
    {
      "asset": "voc/lkko_voc.jpg",
      "hash": "e15ff7b8747695f5ab609110e73885f8c06e1fcb385b0897411ef72cc3de3d77"
    },
    {
      "asset": "voc/lkkram_voc.jpg",
      "hash": "3514f9bce2101c94dee1d1da81c6d3fb9cb2f254fc759439f712d0b58ad79b43"
    },
    {
      "asset": "voc/lkkriz_voc.jpg",
      "hash": "3d8914c2ab177bcc181c2615f26f40a0edb7554cb891fc1d26971b0d705bd267"
    },
    {
      "asset": "voc/lkkrpy_voc.jpg",
      "hash": "2047770cdfe4604d0978ada1ad2701b2102b73932563827dc18cc0e70c4d5876"
    },
    {
      "asset": "voc/lkkr_voc.jpg",
      "hash": "5634a95dacfe950af1f9e3a4e3339821496c126c49ce3d1ce35334ded20d5b56"
    },
    {
      "asset": "voc/lkkt_voc.jpg",
      "hash": "0c9e28a8c507a9e39513af2a7839debc4009d8e0ecb0a764e88f4b3c6a613f67"
    },
    {
      "asset": "voc/lkkune_voc.jpg",
      "hash": "362251c06ffc4228b2db19a7e2d45ea989e0f7f1a786c562b01f9064a9b6deab"
    },
    {
      "asset": "voc/lkku_voc.jpg",
      "hash": "62682c5e85f4d9b0dec879177bdd6c5bc1f03c86d11e8c9748424c973ce60bf8"
    },
    {
      "asset": "voc/lkkvas_voc.jpg",
      "hash": "5da91306340738fb3dbc017c3c2d630c0fd464d79f355942f7528b4cc7c15284"
    },
    {
      "asset": "voc/lkkv_voc.jpg",
      "hash": "959c25e8b8115660afddedcf326e5810ae8d6482b326d36635a50d5ba852abc6"
    },
    {
      "asset": "voc/lkky_voc.jpg",
      "hash": "9a75c8c0f2d5cb850a3cbf3e1521325d6d37b08d4fd665c7ae172f01732028c4"
    },
    {
      "asset": "voc/lklb_voc.jpg",
      "hash": "2f89280461a08d032602ff1d6a1505ffb76d1e860b3bc659fd63ff84365eb3cc"
    },
    {
      "asset": "voc/lkleto_voc.jpg",
      "hash": "48585a18ac89e4b4135bf73a0b3911c252a6850535886be01adaf559c6886922"
    },
    {
      "asset": "voc/lkliba_voc.jpg",
      "hash": "a01758b616b5324994f875b2f59ae7f52a0bf85a662716a10cd7f7bf63be686a"
    },
    {
      "asset": "voc/lkln_voc.jpg",
      "hash": "4550ed25dc18cca0398f0c436d6d13c0cb3f6270adeae054f72b48c6b98e610a"
    },
    {
      "asset": "voc/lklomn_voc.jpg",
      "hash": "78b5cf91f1929cb2952f8f0cb13bac7271131d4c75347aaeefa8e95c2ef85e94"
    },
    {
      "asset": "voc/lklouc_voc.jpg",
      "hash": "6df8e32e26ed840536e050b9f1175423f1297d7edea5b04b2623857023984cbf"
    },
    {
      "asset": "voc/lklt_voc.jpg",
      "hash": "bf9630da2d6fbc72c30583fa436695c7d75f1ea36960cb4cc14c43058a834539"
    },
    {
      "asset": "voc/lkluha_voc.jpg",
      "hash": "b63a5bddddfb74e97d1cc7dafc181d8d9824fcbbb8c061f6af3a024cfbe45000"
    },
    {
      "asset": "voc/lkmb_voc.jpg",
      "hash": "bda24e18f158a7dc4e1d0692b1c822a54f0d967e97691eaee2ffd69a3725bc25"
    },
    {
      "asset": "voc/lkmh_voc.jpg",
      "hash": "41c72dd5d1edc0000395f4e0c6fca4818555e93726322f5ea95338dcb04353df"
    },
    {
      "asset": "voc/lkmilo_voc.jpg",
      "hash": "035f8b749f22476f2c68c3eea185c7a28df76a84f72238d976fbc2618c8a4230"
    },
    {
      "asset": "voc/lkmira_voc.jpg",
      "hash": "c56ddb91f584d16c8bb70849315d22ea6849357d3b310edda0bea65e6eef33db"
    },
    {
      "asset": "voc/lkmiro_voc.jpg",
      "hash": "cddb628139849ca1ba73237765e775f5587ede533318448a50fb67f06e87a40c"
    },
    {
      "asset": "voc/lkmist_voc.jpg",
      "hash": "172f416f2e5fc978770d88a8b97901b437028575769617b423b446ec05e72765"
    },
    {
      "asset": "voc/lkmi_voc.jpg",
      "hash": "f5291f5c133ce77342125f310edfac9f6a8bb6f08babe78d4c1616b6c367f694"
    },
    {
      "asset": "voc/lkmk_voc.jpg",
      "hash": "fd0f517472938323331f61fde577062c71fca219863f514a12fc5759369929bb"
    },
    {
      "asset": "voc/lkmlad_voc.jpg",
      "hash": "c88daf635ab953e429397009fed5cc92116b62b21226aaa1289f66980951a3a3"
    },
    {
      "asset": "voc/lkmo_voc.jpg",
      "hash": "68b23c27aa544d589018c3e517c8d241857e1cc2a76c701c67a102be612ebad1"
    },
    {
      "asset": "voc/lkmr_voc.jpg",
      "hash": "55948cbb53e10885859ed16f27c999233d6ea32e3e108546fe3516242263bebc"
    },
    {
      "asset": "voc/lkmt_voc.jpg",
      "hash": "7436812e76b5098a019fd83281f8295e8c26c26c9c330a5d1979ac3f09fa177b"
    },
    {
      "asset": "voc/lknach_voc.jpg",
      "hash": "a140b19aab036a049a86d3e4082fe7c79fc2b6f4c3373df4199ff616f75e7311"
    },
    {
      "asset": "voc/lknapa_voc.jpg",
      "hash": "d76c50829d8f0de4c48723ba487144b523234a9e0375632de0c7bdc16a74b784"
    },
    {
      "asset": "voc/lknm_voc.jpg",
      "hash": "0ff1effb3aeed77a3977632bb54af28a319c5ae490aa9c4982dc9922c9d45aee"
    },
    {
      "asset": "voc/lknvce_voc.jpg",
      "hash": "d547adde3f2fabd3815cfc92b73505a5a8dbca47c8860c4db836c56645b4f1c2"
    },
    {
      "asset": "voc/lknymb_voc.jpg",
      "hash": "0f757ceefe94e3962955db97136f7a7ef376707d5adc21854335d3457e1e87ab"
    },
    {
      "asset": "voc/lkol_voc.jpg",
      "hash": "15495a47b419d4cbc4b43b34f1199c1a0578fdcb741f6f89a766781d0573abad"
    },
    {
      "asset": "voc/lkopav_voc.jpg",
      "hash": "1947d1ed151d94380c27e475047b7e10d865dd6a76c3273419053d99aba5a966"
    },
    {
      "asset": "voc/lkosic_voc.jpg",
      "hash": "c2f5e94f8fc2e1d28805b2d02cf3f28a6288179b4827c2cba58ba016e52f7bb0"
    },
    {
      "asset": "voc/lkostr_voc.jpg",
      "hash": "b6aeb69a61f211c0bbb6e83d1e5c4c5fa01ad45024916f8b2b999f3170b8b86c"
    },
    {
      "asset": "voc/lkpavl_voc.jpg",
      "hash": "4bfb2243f0272e9b30f1d7e997b86186955cf08dbf3f4f8ed9f9eb4098eb1af7"
    },
    {
      "asset": "voc/lkpa_voc.jpg",
      "hash": "8c5045ad214c2aac36669518b07c9ba305a572edfbb68620d143268bfa47b218"
    },
    {
      "asset": "voc/lkpc_voc.jpg",
      "hash": "0155dcf8f0f78250ba126e9c1802feb080ad5e34b45155db27c36349f5140f1e"
    },
    {
      "asset": "voc/lkpd_voc.jpg",
      "hash": "ef07fe3d9d77fad76a5e3f451ffaba161e3506ac4a73a97069d2339b39c860b2"
    },
    {
      "asset": "voc/lkpisk_voc.jpg",
      "hash": "51a521057a2ac7d59e2b87d1aaed7a3d537f09248aca87fc18ba71106e4d3fde"
    },
    {
      "asset": "voc/lkpi_voc.jpg",
      "hash": "5515ef604348854532c98f58134d0dc0b16e0cb82b66b3e4b92b38e286b7fb03"
    },
    {
      "asset": "voc/lkpj_voc.jpg",
      "hash": "ed1456960134af9f589b739f18c19c3194da4ddee33a7091142fd3127997cd36"
    },
    {
      "asset": "voc/lkpl_voc.jpg",
      "hash": "56fdb570f5f62d8c777f1e37b93f84ddcafb60d0b1b4c7879846464fead0733a"
    },
    {
      "asset": "voc/lkpm_voc.jpg",
      "hash": "c675b59eef014904b3b559f9fe1b5bbee82dc45d89aae53b76fe578b60b262c9"
    },
    {
      "asset": "voc/lkpn_voc.jpg",
      "hash": "fd14eff37c2b271c7e6ea3346e9a6580a347306de93736e35fc7c6a4cee7ee47"
    },
    {
      "asset": "voc/lkpoca_voc.jpg",
      "hash": "0601d9f1c9c346eecc0e6270ab5ddddb374c0b3eebf875c23b7538ef285f2de1"
    },
    {
      "asset": "voc/lkpo_voc.jpg",
      "hash": "474897b45d71143a5d2fa609ac9b20415fbac5f45dcb3fa02fe9bfc332ef721d"
    },
    {
      "asset": "voc/lkprim_voc.jpg",
      "hash": "aa67957d6f81b329437877c5e6e79349d884e48a2d1bc6ea4c39a1d77cbf076a"
    },
    {
      "asset": "voc/lkpr_voc.jpg",
      "hash": "0251a293559861d701b881e5b8e08b6f977eb714838173ba549b6ed49097b030"
    },
    {
      "asset": "voc/lkps_voc.jpg",
      "hash": "a3b72cd293de3935fb9ca79e3fa02ff2bd0ff628849c3bd491fb26ff5f0c589e"
    },
    {
      "asset": "voc/lkrams_voc.jpg",
      "hash": "6e7b9a64c02025b4fd8b3b6a03795a6a4511a1c56a883c1ea3ca6ed1f8ebded9"
    },
    {
      "asset": "voc/lkra_voc.jpg",
      "hash": "ea253fd41118c7cfe760764bb9eb6dc4af7dd278bbbc7750c5ac6887a63c541f"
    },
    {
      "asset": "voc/lkrk_voc.jpg",
      "hash": "9d5bf956f999c7facbe11edd71010448ab950e4391083ee6a3843f58c3576f58"
    },
    {
      "asset": "voc/lkro_voc.jpg",
      "hash": "f817f1a9ad38c5744d9c9bac4f53455ee1fb0ae5625f0bad37c6624d8442dab5"
    },
    {
      "asset": "voc/lkry_voc.jpg",
      "hash": "1b2bdb7ed8176cd4e1dcec9b6c761b910c70b4fdd9eba6551e1e2f530f0a889e"
    },
    {
      "asset": "voc/lksa_voc.jpg",
      "hash": "d192064f71a5def7dc765e62992b6a52121f8c2f29055c575aff484e2e90789d"
    },
    {
      "asset": "voc/lksb_voc.jpg",
      "hash": "319c01d906a26a24d146ac1d20a18067da71046fcd783f5b208bfb603f25c413"
    },
    {
      "asset": "voc/lksk_voc.jpg",
      "hash": "c4d422fa4e82487fcfc5091509390da0bfd27afa059d6a0d4b6dcd0bb0cb08d4"
    },
    {
      "asset": "voc/lkslus_voc.jpg",
      "hash": "c49371006915288906a56d5f2a607257944b37bdd1b24f8f24338de6f525ba4d"
    },
    {
      "asset": "voc/lksn_voc.jpg",
      "hash": "39b7204dd2c589d502173e36c3cfff2e13c0181089a712117f6770d1335b745c"
    },
    {
      "asset": "voc/lkso_voc.jpg",
      "hash": "f6978698b96c8e39a3badaa8374205bc039b8dc31f885625a9ea674abaf55c4b"
    },
    {
      "asset": "voc/lksr_voc.jpg",
      "hash": "a12e3b36a3177e58be690e85f71c92edd6bdd7b606aaad1e424a121df659000b"
    },
    {
      "asset": "voc/lkstet_voc.jpg",
      "hash": "332309a7fd280bb879907d434c5eb1a5c626e8a90782c289c20dfe39513c760c"
    },
    {
      "asset": "voc/lkstip_voc.jpg",
      "hash": "4b7e32a440b82456f2acce82e7f5a82ce1086f60a9433c635f8c97707d64eb65"
    },
    {
      "asset": "voc/lkstrz_voc.jpg",
      "hash": "a68cc3df47c54a3ca7a83e50912029f33b585924111217f40eba8cecc596dc5b"
    },
    {
      "asset": "voc/lkst_voc.jpg",
      "hash": "05b623d4e426df8f9966d75eaea26c1fe2aba37e904bbc0a148a82d05459b751"
    },
    {
      "asset": "voc/lksu_voc.jpg",
      "hash": "2910d513256954f6acf41ebc5de504ac0c6015969b776ee64162da8767d14aab"
    },
    {
      "asset": "voc/lksz_voc.jpg",
      "hash": "5e8b9769dbf1961b7992cf113048b7fd2c2daaf104dae7a581c4b510e7b1dd4e"
    },
    {
      "asset": "voc/lkta_voc.jpg",
      "hash": "abda4505dde68d389dca2c345ab72ecde9afc29e8da6568c82365ce7a66494c1"
    },
    {
      "asset": "voc/lktb_voc.jpg",
      "hash": "81f9df0e845cf7d129e9aa645624f93a2f21220fe609906310df3e0970479910"
    },
    {
      "asset": "voc/lktc_voc.jpg",
      "hash": "8aa83d4815b4cd46509786b0cce40c78aaf9aec1575a7cf990a5c6e0edca9c69"
    },
    {
      "asset": "voc/lktd_voc.jpg",
      "hash": "c98112c325b8d76b4a02b89a98f137ace7e29fdce349d7b83599f3361a24b0bb"
    },
    {
      "asset": "voc/lktepl_voc.jpg",
      "hash": "49492a06ad408d161c843c32f19d126d7a6b340e7318eeda5ac34b64375c76c6"
    },
    {
      "asset": "voc/lktere_voc.jpg",
      "hash": "b7bc5303b12bc18b93a4ea4f02c2d8976485ece9ee22f80a52c2e39c9395ee6c"
    },
    {
      "asset": "voc/lkto_voc.jpg",
      "hash": "62f630c7333e02f80a8877a37b5246303304e9419f2fd8ae68d701020ff74a62"
    },
    {
      "asset": "voc/lktrut_voc.jpg",
      "hash": "cfbf68f65e866bc476b2f14897ecdc2a9b3b214e115ab829139e99901c7ae11c"
    },
    {
      "asset": "voc/lkul_voc.jpg",
      "hash": "47a3e4d579bb3bee97b54decae632bf94441727328aaed72a24cc53d9d562edb"
    },
    {
      "asset": "voc/lkuo_voc.jpg",
      "hash": "62a079862095f6b411b17585d13e8a4d7214dca0089389725f48810927e16447"
    },
    {
      "asset": "voc/lkvl_voc.jpg",
      "hash": "ef31177ec361234e6c1cf07a7c53268301d4053bee27128deca42b21038aee04"
    },
    {
      "asset": "voc/lkvm_voc.jpg",
      "hash": "d49d1b011e00397b2dd3558209756b4f87de43836c819f71ddb852643c2d6e03"
    },
    {
      "asset": "voc/lkvo_voc.jpg",
      "hash": "47ba63e78e2be14713b29842b71b80a33d1e32ee1e2166c846eac7323b51e124"
    },
    {
      "asset": "voc/lkvp_voc.jpg",
      "hash": "d85f4d090d3d2dd3338018b1b452cca95e0866841d7f677d5e7b11b9d323475b"
    },
    {
      "asset": "voc/lkvrat_voc.jpg",
      "hash": "1132a8369c2a1220568a938dc7ddd7d233abc36b495e2221b154fb73142c434f"
    },
    {
      "asset": "voc/lkvr_voc.jpg",
      "hash": "95a21f9ec97a9126e7e31966035e212f59e1dfbfb44fdf2b3c664cdd6fe3332e"
    },
    {
      "asset": "voc/lkvy_voc.jpg",
      "hash": "ab6249374e757ab83b2b585bd02551111d36e61ade9faccc8c1af17e865e42d7"
    },
    {
      "asset": "voc/lkza_voc.jpg",
      "hash": "077a98abfcdb385d4d92892ba1411b1ca9da02c7f7e2f79c643566b4446b7b2a"
    },
    {
      "asset": "voc/lkzb_voc.jpg",
      "hash": "034fb841c04b87ba8ffdc41f55fb40900b4d570b541a563d65e6ad7274322915"
    },
    {
      "asset": "voc/lkzd_voc.jpg",
      "hash": "62e9e16aa2eafd0c3635f787ee6433cbcb975780415b8c7cf4e9ad091d54ad9c"
    },
    {
      "asset": "voc/lkzl_voc.jpg",
      "hash": "425efd3ab565ca13145f27bfdbbefb7ef203df30cd895cc6822815acca7f93f7"
    },
    {
      "asset": "voc/lkzm_voc.jpg",
      "hash": "cea34898f5e59e0828d82f1a688c884da05a27a0b2ff3db5dfd4687cdff24c7a"
    },
    {
      "asset": "voc/lkzn_voc.jpg",
      "hash": "537b07c207b5861e5963a3333132bb37eb40a1abffed41133dc86fc5b9b5bf93"
    },
    {
      "asset": "adc/lkba_adc.jpg",
      "hash": "4aa3f067f7288c05d0cd026358cf89c4bfca103a2a17792bd189ada7d1f2de65"
    },
    {
      "asset": "adc/lkbe_adc.jpg",
      "hash": "9e66a6f39e5519443a2baf6254b4924cf4e23fc2e6337ca4e25b41534d38d533"
    },
    {
      "asset": "adc/lkbore_adc.jpg",
      "hash": "08b89378e8e7d498169cd8c0f949d4205516e977a4edb2e08d285bd5f866b8bf"
    },
    {
      "asset": "adc/lkbo_adc.jpg",
      "hash": "4f9f28338ccbbe9926ce596fe44b07fca69aef9749a0e3902f809cc5ee6a470b"
    },
    {
      "asset": "adc/lkbrto_adc.jpg",
      "hash": "70527488abc7ad7bd5737001212bee5d867dcb515a38593d888bbfedbe07e759"
    },
    {
      "asset": "adc/lkbr_adc.jpg",
      "hash": "11c1ba4ce3c4b610a69929f74a603c8281b975154266e8e1557e9aef72ded9e1"
    },
    {
      "asset": "adc/lkbudk_adc.jpg",
      "hash": "971eb9c6d06c5d43b7a570df53cf80c071c90aa19c9b4c2873b0c30b3c144d88"
    },
    {
      "asset": "adc/lkbu_adc.jpg",
      "hash": "76aed787af55a3b28d9086bdb0e8ba0c6e1221fc24b851e371905010273ded6b"
    },
    {
      "asset": "adc/lkbyno_adc.jpg",
      "hash": "506e1b611be6949d507cfa65c68e1d1e7caff0164f1de4431351c9009fcc02bd"
    },
    {
      "asset": "adc/lkbyst_adc.jpg",
      "hash": "11bd8267fa8d5193b90d7fd4b4307d05def0a4938409ecb0f5e844f3146a5360"
    },
    {
      "asset": "adc/lkcast_adc.jpg",
      "hash": "3da06986737c9160415a1c161f74d0f50ace3c44a7047ec361c6ca9543ef8667"
    },
    {
      "asset": "adc/lkcb_adc.jpg",
      "hash": "7d1fe772c2ec15e9e49c1e47933e3874cc05061dc3ef8014f76b48d17c8750f5"
    },
    {
      "asset": "adc/lkce_adc.jpg",
      "hash": "f32fd9cd15f7d67da7e0e8799e4102c80984f11412e6584a987fe7ae24308be8"
    },
    {
      "asset": "adc/lkchar_adc.jpg",
      "hash": "75e1190625767cf279ba36da9ff8c93e250800ce5d826171db646d971e64b400"
    },
    {
      "asset": "adc/lkchoc_adc.jpg",
      "hash": "ee070101d23c9561f7e7c1db6809df890b36072ac32b5e5441113c4e84ab3e32"
    },
    {
      "asset": "adc/lkchot_adc.jpg",
      "hash": "95e6e7151639eb6ed531c53267505aff3e1ee03cede20c4a922df07d16802b64"
    },
    {
      "asset": "adc/lkchov_adc.jpg",
      "hash": "185561899b6b0ad895994e1135f8dc46f57a4f5cbde0ba786c9c99b53664ca2c"
    },
    {
      "asset": "adc/lkchra_adc.jpg",
      "hash": "954f6821284818116cda7a7c71e1e8c8f7a33cfcab23282eeeabc9ffd7f318e9"
    },
    {
      "asset": "adc/lkchri_adc.jpg",
      "hash": "2dbf26eb021025382182adf4a01edf964a0d8be7817b25d51ec35c3581df4ff8"
    },
    {
      "asset": "adc/lkchvo_adc.jpg",
      "hash": "ac2a4227c2bdcc18b9c1649eba2daf8daa462d335e1c93508248d399b2eecdaa"
    },
    {
      "asset": "adc/lkch_adc.jpg",
      "hash": "af4eff40453b96fd7899111a63110c42d3d2271f1ce463103908ca90ba6fe92c"
    },
    {
      "asset": "adc/lkcm_adc.jpg",
      "hash": "b0c93e1e438c3a24935096d3c1cd2fb173526ed15074d253c2db72772b19ea2f"
    },
    {
      "asset": "adc/lkcr_adc.jpg",
      "hash": "37a36a9074bb9c247bf010e62dee8f8e9f35a55fe6c12e90776d1c0a4a3698c1"
    },
    {
      "asset": "adc/lkcs_adc.jpg",
      "hash": "ac5348349c77eb0f9fad6a7ca2c8ce04ee60a8fc2230dce1572e111215c6566d"
    },
    {
      "asset": "adc/lkct_adc.jpg",
      "hash": "ebcd11233480257e9f0c06d5fa2e5b2a48fc068662b7e367fed5749537a142e1"
    },
    {
      "asset": "adc/lkdetr_adc.jpg",
      "hash": "be3419a369603465e1b832e2647c5248bd2243e49984ad2096362dd3d152b0a3"
    },
    {
      "asset": "adc/lkdk_adc.jpg",
      "hash": "b7543a68f0d1b276ff00b8d1ecd009c225980dfb8a23113af80052f3cf78248d"
    },
    {
      "asset": "adc/lkdoud_adc.jpg",
      "hash": "ee06d0afa18b5356a08df41525fd8d2d94c3b904afd55a32eddb89c6ebeca387"
    },
    {
      "asset": "adc/lkdruz_adc.jpg",
      "hash": "170281550c7d06a96d16e358636c669c67170c6c9c2e9ef8e030a8b58b1823cc"
    },
    {
      "asset": "adc/lkdusn_adc.jpg",
      "hash": "1b810c28db420a37558466fd86ac1e80e76211285735c56137d9cb0918750556"
    },
    {
      "asset": "adc/lker_adc.jpg",
      "hash": "0fc2c041013427bcb26c41a68abe90354dd91eb77ed917177fbe362035d83ee3"
    },
    {
      "asset": "adc/lkexca_adc.jpg",
      "hash": "93330ba7aa44c59bf4b7a4674739d561c1519c272578dad45b3d086cdeffaf62"
    },
    {
      "asset": "adc/lkfr_adc.jpg",
      "hash": "787915484529687d48534695bad4a040aef0cf77e319b637a1042525158a44b4"
    },
    {
      "asset": "adc/lkhath_adc.jpg",
      "hash": "7dbbce49a06b3eb76854842b2e248ce1460c24b61b9416ea637b41a46c63cb5d"
    },
    {
      "asset": "adc/lkhb_adc.jpg",
      "hash": "45c9a9497f1bc3e3e7a256aa3cd1a62d02fc428894a85973495b283c4382e7dc"
    },
    {
      "asset": "adc/lkhc_adc.jpg",
      "hash": "002115f10d9034dc8858767a72689691e8ccf117ee8d41a184bcfc9a4f19cc72"
    },
    {
      "asset": "adc/lkhd_adc.jpg",
      "hash": "6e9e6689f865879c0d5f623771a6b19225cf70408aea4c24606056bdbfb2de26"
    },
    {
      "asset": "adc/lkhk_adc.jpg",
      "hash": "c04616232b83a79be7dbefb4b6745adc781365ae574b778aa33ca2d60b9fabe4"
    },
    {
      "asset": "adc/lkhn_adc.jpg",
      "hash": "e901508bfa1c44d29dfef1b0071d28020ddd491b39e483b2745bac115b501584"
    },
    {
      "asset": "adc/lkhrad_adc.jpg",
      "hash": "2bdad6b5543efc3d3c1e2a7506f9952a0f3e12f75d4280e947a1834247504cae"
    },
    {
      "asset": "adc/lkhs_adc.jpg",
      "hash": "b286398064db4b513926b7112d42f42c468c4303be6c551854520ddf5032dc1c"
    },
    {
      "asset": "adc/lkhv_adc.jpg",
      "hash": "c9fdc17ff3e8e0c20cec6bcc2ac8478b2d0a75d580c1531ddd7b46f5b1ac4641"
    },
    {
      "asset": "adc/lkja_adc.jpg",
      "hash": "e9e360c78184f2a35f3956a8c85c08380e1ca61b339d0a0b61da4702774e008e"
    },
    {
      "asset": "adc/lkjc_adc.jpg",
      "hash": "f4aade1e89c658e66ec2433a27c279a8bda09346db2d1a790ec720c40a27c6e8"
    },
    {
      "asset": "adc/lkjh_adc.jpg",
      "hash": "d77a1086ed7f5a7ac099ce2faaa1694f806c73fb7f8bcc104a02093e697a18a1"
    },
    {
      "asset": "adc/lkji_adc.jpg",
      "hash": "aaca98c66a218a235bf9060059291da2691487ae00a51efbee04c93963157587"
    },
    {
      "asset": "adc/lkka_adc.jpg",
      "hash": "e12ed4e1cd12ffc8f5bf0a670a773c326a7882dddde074520829b8febf880a7e"
    },
    {
      "asset": "adc/lkkejz_adc.jpg",
      "hash": "1a42e97f5be233b2cf3703badb1027c82b916eddd5a23ec0b0fb22250f4bdef7"
    },
    {
      "asset": "adc/lkkl_adc.jpg",
      "hash": "ae7079eae5a56d4557ddb57f8c401a4e6bb086958c6bec4999b5edf68a18b7e2"
    },
    {
      "asset": "adc/lkkm_adc.jpg",
      "hash": "22a0bf18e362152eea488be9019d29b7de5cfa5ac9fced35e4fad1cca1128d26"
    },
    {
      "asset": "adc/lkkotv_adc.jpg",
      "hash": "df3af8cda25af376fe1161c78339ad24b07eebe0e3768ef2f24167f3e99283cd"
    },
    {
      "asset": "adc/lkko_adc.jpg",
      "hash": "4bbb3040851c1fafbb17948b9ee195d072c3e2de459955f27112c9f8ce5e0b8a"
    },
    {
      "asset": "adc/lkkram_adc.jpg",
      "hash": "fef5afd91685af0b504233507eada0112e76c37bc93b5efacbb26d2f6846d31d"
    },
    {
      "asset": "adc/lkkriz_adc.jpg",
      "hash": "d3a19beea73171cd132ab9b1749f15215e1468f67983c766b36931b24074a386"
    },
    {
      "asset": "adc/lkkrpy_adc.jpg",
      "hash": "826013180b1ae621f59d5c722dbb3cf0304793322f96c9b8b21d7152d123f07c"
    },
    {
      "asset": "adc/lkkr_adc.jpg",
      "hash": "f270a876adac3027af2ef108f280bdb158f10102b6fea86ae13329f700a756f2"
    },
    {
      "asset": "adc/lkkt_adc.jpg",
      "hash": "52c778f70ab938358e798317ff35399c12885c9ff3b9fff43a3da355a6b8e7fd"
    },
    {
      "asset": "adc/lkkune_adc.jpg",
      "hash": "bb528a1448dec030971ebb6c65785451444caaea461d06817a2566d471cbc435"
    },
    {
      "asset": "adc/lkku_adc.jpg",
      "hash": "08a3002ba6f2beae8834934380b9bced167f0c9e7f75172fd8224c845d46c80c"
    },
    {
      "asset": "adc/lkkvas_adc.jpg",
      "hash": "21738907ff12609d11ca2a76845c140e74ebfef88ffc3d3e41473640d9d52d13"
    },
    {
      "asset": "adc/lkkv_adc.jpg",
      "hash": "cd4a9a0cbdc21a813243f3836905b3ecfa6070a546e3e3b62503655940b5d984"
    },
    {
      "asset": "adc/lkky_adc.jpg",
      "hash": "27e05207c0a0df964a2de371b63ce0ba1c543fd48207778bb0a326f773ee7ce6"
    },
    {
      "asset": "adc/lklb_adc.jpg",
      "hash": "0d8312c5fe33871fda323cd78a44b2eef4ac755334ef51fc7b38da4e9b1f7e94"
    },
    {
      "asset": "adc/lkleto_adc.jpg",
      "hash": "7d55bfcd90b664b1036319713f50ef26f0571b7bb8d4cd9b0fcf8bdf8d33012a"
    },
    {
      "asset": "adc/lkliba_adc.jpg",
      "hash": "9379e616bad80df85db627bf8b352545791e4718293000bdb303680fd4dd28f6"
    },
    {
      "asset": "adc/lkln_adc.jpg",
      "hash": "c75387f77a5550bcd1bf8670db2f1941785dfc8f1715aa8319f852af457a89fb"
    },
    {
      "asset": "adc/lklomn_adc.jpg",
      "hash": "2067aba12a9f2fb8ca0873a64b33421f3333f7c7b6255b7c3accd6f209f484ab"
    },
    {
      "asset": "adc/lklouc_adc.jpg",
      "hash": "3f5dd60908fd11eaadf1644c89d714df5e6003ce0b8f18e618a9961139ab069a"
    },
    {
      "asset": "adc/lklt_adc.jpg",
      "hash": "ca6143a26ba64f3ca6d7ad4a7eaf359ea10ffc36d82e728dd592439078ba1c60"
    },
    {
      "asset": "adc/lkluha_adc.jpg",
      "hash": "a1a97bd0718b43cd0fffa0a767430e5131e351d830699d1c7e4582d9e9840a16"
    },
    {
      "asset": "adc/lkmb_adc.jpg",
      "hash": "d27c40b86b69b240691734d13ee119bf6a66b158186f4740697b929a4a19ba84"
    },
    {
      "asset": "adc/lkmh_adc.jpg",
      "hash": "e0b5e6abce8603d87d67b55dc0e4c603b8ea060f34e93cfbd2bec263a05dccc2"
    },
    {
      "asset": "adc/lkmilo_adc.jpg",
      "hash": "344e283fff27e6a308b7bdd9a2b2bd00f547492e235e0edbfdbf02a9caeba607"
    },
    {
      "asset": "adc/lkmira_adc.jpg",
      "hash": "0345c98c6ffb1f086557b7a15d06e3f0bcecda46691fecafa88128bfc28d0003"
    },
    {
      "asset": "adc/lkmiro_adc.jpg",
      "hash": "cd91969ccfb7f375255333163c69478e0acc14e296c5d5b6ba65fd2df8ddc994"
    },
    {
      "asset": "adc/lkmist_adc.jpg",
      "hash": "ca054967a83ff2099849763e166e86c3224331e12a4e835d536869b2383e1fc5"
    },
    {
      "asset": "adc/lkmi_adc.jpg",
      "hash": "47c89b362dc98bf2893d3e64d333e1c321e61c996177af116bcade86f3082b39"
    },
    {
      "asset": "adc/lkmk_adc.jpg",
      "hash": "d7515ffcfa6008c14548028e1c4f896c9d323f942468bdd0f54b41121704a8a0"
    },
    {
      "asset": "adc/lkmlad_adc.jpg",
      "hash": "bdb5e03eafd924b3a00b5caf3690d8a4873765de397157993abeae532ff21268"
    },
    {
      "asset": "adc/lkmo_adc.jpg",
      "hash": "81a3785d51feb965b9b4204c7af755aebb4d91bb0d14b7a36dcf3f90ccfbff88"
    },
    {
      "asset": "adc/lkmr_adc.jpg",
      "hash": "b3a41e1d99237c889ba73bd774555df903a88bd8b548fd548d33acb25fda99f5"
    },
    {
      "asset": "adc/lkmt_adc.jpg",
      "hash": "610d80732a05f07b08400ab0e9226e979fe53c43030b82f6d5a5dc335d04cee1"
    },
    {
      "asset": "adc/lknach_adc.jpg",
      "hash": "c8e910308c96ca0943a893df22cc13f808af2ef618e03a66458fe7ccaa1e3794"
    },
    {
      "asset": "adc/lknapa_adc.jpg",
      "hash": "2e03b49cb7d4c596e604393fa7f88a5b88c968f847f3e0e423e729f892e69719"
    },
    {
      "asset": "adc/lknm_adc.jpg",
      "hash": "5753be9d55509467276373b3747d9f93125a3bcca001a86f4da649154e6de10b"
    },
    {
      "asset": "adc/lknvce_adc.jpg",
      "hash": "1def725752ecb50070c5e70d07cc0648ee582acf8e49504a349ffc787c077e8f"
    },
    {
      "asset": "adc/lknymb_adc.jpg",
      "hash": "ffc1c4b801d613daa556d8146f8e00b3ab5e3925d55c931b68455b569892e369"
    },
    {
      "asset": "adc/lkol_adc.jpg",
      "hash": "61599790635d5c19e3162d116a717dd0b2739b63d2eb56392771b0c66c813160"
    },
    {
      "asset": "adc/lkopav_adc.jpg",
      "hash": "0daa4d67b4642f8d5f4683d54af3195ba7d389412ad11e516d62bd055de9babb"
    },
    {
      "asset": "adc/lkosic_adc.jpg",
      "hash": "e74cb43f4fa69adee882083d3ff10a1ccfc4af293650de070b1eca738323c2ac"
    },
    {
      "asset": "adc/lkostr_adc.jpg",
      "hash": "943898bc8b03851ef131aec473c5a4b081bdd2989193fd21556bf578034692e3"
    },
    {
      "asset": "adc/lkpavl_adc.jpg",
      "hash": "8b682726829c610cc7053892caf7f5eea1e8e6f7e764f9f951f74983445440d4"
    },
    {
      "asset": "adc/lkpa_adc.jpg",
      "hash": "91619cb254bb03b53b046e6f45c85ce1404796ded7ce14f8cd8108724c6715d7"
    },
    {
      "asset": "adc/lkpc_adc.jpg",
      "hash": "f553b738c230161756b89930fb12e1bce078d141f0bdd5e5c4449846f6b438e7"
    },
    {
      "asset": "adc/lkpd_adc.jpg",
      "hash": "d424aa77004494ee7b390f358684db208d5315c7824a9d3d5a65d0ff583c98c1"
    },
    {
      "asset": "adc/lkpisk_adc.jpg",
      "hash": "02309538c7458b4e9b57aa5747f5ab537ccc0833a56a90d32d1d2b564b89b651"
    },
    {
      "asset": "adc/lkpi_adc.jpg",
      "hash": "76e612864d6e38b6fd6201c66af85b449f197c921194295b1255f4a3e32df2da"
    },
    {
      "asset": "adc/lkpj_adc.jpg",
      "hash": "74fa4f804a361e3ed76b8f0c54bd61cc8616d5b26585b75654e753f5aec149be"
    },
    {
      "asset": "adc/lkpl_adc.jpg",
      "hash": "4be6cfe9ee081e0e2728f792a39b627bdb6c4793554c47276495ce7e52c5f6e3"
    },
    {
      "asset": "adc/lkpm_adc.jpg",
      "hash": "7ff8c0041726fdb5e6fdf253a49338ba2187ebd7dfce2c3ce9c42d6f8801ad18"
    },
    {
      "asset": "adc/lkpn_adc.jpg",
      "hash": "df5d3f3dea733dc1a707f951aff6de31d96f4e87b717aeb47dd0c319a300447e"
    },
    {
      "asset": "adc/lkpoca_adc.jpg",
      "hash": "d1f8561c01e64642dcd948c022f8c77fa4c4026673f37bd44b1f63b0779c1a1d"
    },
    {
      "asset": "adc/lkpo_adc.jpg",
      "hash": "7f6b3f9f6f0820ff01dd92142fb38eae05f6c5712ba2b518544658606c32f376"
    },
    {
      "asset": "adc/lkprim_adc.jpg",
      "hash": "a70de2bc1d63e9ddaf4731e6d4423d88ce55a2ec1dafdc5d841ddd3975e6b80c"
    },
    {
      "asset": "adc/lkpr_adc.jpg",
      "hash": "2ce7ae80a4530cf6a4730050bbe9cab1846222abc6d1fd220500a0fb9ef7d34a"
    },
    {
      "asset": "adc/lkps_adc.jpg",
      "hash": "eb1e9fc328c2b4cd499047465714fa933e4c09ad86fcc5c7babf72a635ff2507"
    },
    {
      "asset": "adc/lkrams_adc.jpg",
      "hash": "bef7594000bd6af1dfc59f3f3997f8dea0edd26a74e485c01dfbaa7beed072f2"
    },
    {
      "asset": "adc/lkra_adc.jpg",
      "hash": "d94020e8acae4e4973a15b861fc2a470147dc7a90ce43757a600fbb398efbf6c"
    },
    {
      "asset": "adc/lkrk_adc.jpg",
      "hash": "940f9c9ea4b59c0dfe9c1d0a97e222ede2f4112c104b192fa97b810f5904943b"
    },
    {
      "asset": "adc/lkro_adc.jpg",
      "hash": "d7c8dad8e0245238d38fb3416ed087e87b968a33949daaf78ba39e62f41b0cdc"
    },
    {
      "asset": "adc/lkry_adc.jpg",
      "hash": "885db374088d38b07c9e95babdea5b041e7996ecb73dabd849cfd5b7aebff883"
    },
    {
      "asset": "adc/lksa_adc.jpg",
      "hash": "f90ee33b3ea42c353026725c037b0cc3c0f2c0893009b729c1b03927f5622d22"
    },
    {
      "asset": "adc/lksb_adc.jpg",
      "hash": "99a802c701b15b952ebfd7468e24b36340cdaaa782941b6df27c83b5f0c54f57"
    },
    {
      "asset": "adc/lksk_adc.jpg",
      "hash": "b28f3a828eba6219fcdc1159182040df9b2e38a6af0e682087346d4d1a6646ae"
    },
    {
      "asset": "adc/lkslus_adc.jpg",
      "hash": "4b6350c9f78c3954f3574812b4da760ae10fd598a52d331d37397a207cd60ccd"
    },
    {
      "asset": "adc/lksn_adc.jpg",
      "hash": "0c44e3cb5579fe09ae8173247d3fe9d901fb392fefa88816b1242a540e2334c4"
    },
    {
      "asset": "adc/lkso_adc.jpg",
      "hash": "58cee7a69a2a78b667a7dd7787238e73fa0e6ed715f9f9a59db2cf79a29241a9"
    },
    {
      "asset": "adc/lksr_adc.jpg",
      "hash": "8bf885b4fb60c7ffab0d91b950315f72fed6d0092a4b224d31be9be3a36411a3"
    },
    {
      "asset": "adc/lkstet_adc.jpg",
      "hash": "d3f34c606ac5009564ad171d8c595f4dc35e28fdd87ed496ceb92081d885ba19"
    },
    {
      "asset": "adc/lkstip_adc.jpg",
      "hash": "5fc779ef02886f8b1814f62a7ba397aca277a554ffb7ca728243549453574eca"
    },
    {
      "asset": "adc/lkstrz_adc.jpg",
      "hash": "1cc0ba66459bb3dc46e047356491d0e7506d98a7a004ef9c34de17891fdf8da6"
    },
    {
      "asset": "adc/lkst_adc.jpg",
      "hash": "dfb9563ccad3bca094269fceb9d35ecb3aa055e9379555fd17710de04b6d56e0"
    },
    {
      "asset": "adc/lksu_adc.jpg",
      "hash": "5b236f294253bfba33c17f264e7c2b70e9713e8d11cf147e5a5eab85735235fb"
    },
    {
      "asset": "adc/lksz_adc.jpg",
      "hash": "833e4df1217a33a0f85dbacbebebeb57cb11d1fb5c1da2d28d4d8abde9eec4f9"
    },
    {
      "asset": "adc/lkta_adc.jpg",
      "hash": "a9ddfc66959c2aa9f4b18d208fa8d8ded27f6d5b80c2a4c071678b246649864f"
    },
    {
      "asset": "adc/lktb_adc.jpg",
      "hash": "146a4d722ef876fa40014a85b104fd21623da17888a2a10a9dd28eff4e950daf"
    },
    {
      "asset": "adc/lktc_adc.jpg",
      "hash": "12aa7aae2e9bedf38494c6990f059148c3aadccbb1d88b33190d30e17dadfce4"
    },
    {
      "asset": "adc/lktd_adc.jpg",
      "hash": "d3b367236a864fb62f95d4b93db30e880081ca42e481c14a0e8190e1472ced8f"
    },
    {
      "asset": "adc/lktepl_adc.jpg",
      "hash": "a410c85b9c76531fac05f60b6c7c678e0cbdf996532469cde1dacb29f8967089"
    },
    {
      "asset": "adc/lktere_adc.jpg",
      "hash": "0bfd8088dc49015c0a0ef58b6ab8ea1a72bbb31c70d1eb3ab9ef423d683b6a6a"
    },
    {
      "asset": "adc/lkto_adc.jpg",
      "hash": "f8cb541df564f93377cdc94ba2835654ac98d4355f89e3035a9acb06073f93af"
    },
    {
      "asset": "adc/lktrut_adc.jpg",
      "hash": "c8c961538024e2d5cdf582f6a4ae9e8a93c67f7d9782d76baa476bf91d36153d"
    },
    {
      "asset": "adc/lkul_adc.jpg",
      "hash": "50d898314b36fdfade74df90a68203f05d6be266693afdad559a563983ef52d9"
    },
    {
      "asset": "adc/lkuo_adc.jpg",
      "hash": "228f96995fbcd311328f83cf626e48d20e583ff98a4193b4014c003d8afb3a02"
    },
    {
      "asset": "adc/lkvl_adc.jpg",
      "hash": "38a89b0e55f4c5509c04266cb4b22fd61f7776e10f5a1c576e8dd2bf30561753"
    },
    {
      "asset": "adc/lkvm_adc.jpg",
      "hash": "9ddc45d3d290da6367497a9e2938fdcd025224a6ff91dce67e6c1c2594a9892c"
    },
    {
      "asset": "adc/lkvo_adc.jpg",
      "hash": "a1a146c8d0f242070d701ce3be25b2ea46fd4fdf4a1c079f1c76faae4b7cba70"
    },
    {
      "asset": "adc/lkvp_adc.jpg",
      "hash": "1d81a80e21e1bf00a843adb311c87783df0d145191192da43628bc3d8b005452"
    },
    {
      "asset": "adc/lkvrat_adc.jpg",
      "hash": "3542cf368131cf47e1bdacb6b90c85170e52f85d7d1f42d14bfa591fe83e418c"
    },
    {
      "asset": "adc/lkvr_adc.jpg",
      "hash": "8f43497507236c273e06f0b95dcb13970d90e281ed7257f26fad3b70cb0b762a"
    },
    {
      "asset": "adc/lkvy_adc.jpg",
      "hash": "e295bcca9522891a7ee3748f1cd7eb0e38e5de6263bfbe7be584a97fbeb43914"
    },
    {
      "asset": "adc/lkza_adc.jpg",
      "hash": "2c85d637671024422b7901b0c2036e328f99638204dd99696ee23086ffc64022"
    },
    {
      "asset": "adc/lkzb_adc.jpg",
      "hash": "e98aeeb4ca1590cbe927c61632abec0270e07e9baf4708e0815ba1606df049a7"
    },
    {
      "asset": "adc/lkzd_adc.jpg",
      "hash": "58a490294065a079948cbf0fe15d9812fd2acb67a773dde957d5ca17ebb437e4"
    },
    {
      "asset": "adc/lkzl_adc.jpg",
      "hash": "a8b2d016fba14fb237aa6cdf61869f655a52d3e4cfaf7ad0e4330a6d36328133"
    },
    {
      "asset": "adc/lkzm_adc.jpg",
      "hash": "9211455c4b71e5ef34dad298b85d9e0f67e447c2e1a8363ef77228ccc1bb1a8f"
    },
    {
      "asset": "adc/lkzn_adc.jpg",
      "hash": "10e038fdb994fdd998d94dbe7f63f99cfacdb15a423614a971be2a690ee2572f"
    }
  ],
  "hash": "8f5eb3c138e7e53de474820cf909a7d7a9aa1bb74719f494c9696896e6166e8a",
  "version": "2021.03.11"
}