[
  {
    "Name": "Jihlava",
    "Latitude": 49.396064,
    "Longitude": 15.5903065
  },
  {
    "Name": "Litovel",
    "Latitude": 49.7014789,
    "Longitude": 17.0761064
  },
  {
    "Name": "Zawidów",
    "Latitude": 51.0257493,
    "Longitude": 15.0610053
  },
  {
    "Name": "Plzeň",
    "Latitude": 49.7477415,
    "Longitude": 13.3775249
  },
  {
    "Name": "Gmünd",
    "Latitude": 48.7729279,
    "Longitude": 14.9861752
  },
  {
    "Name": "Kašperské Hory",
    "Latitude": 49.1434723,
    "Longitude": 13.5560577
  },
  {
    "Name": "Rejštejn",
    "Latitude": 49.140531,
    "Longitude": 13.5151685
  },
  {
    "Name": "Vejprty",
    "Latitude": 50.4923155,
    "Longitude": 13.0321201
  },
  {
    "Name": "Hrádek nad Nisou",
    "Latitude": 50.8522229,
    "Longitude": 14.8436667
  },
  {
    "Name": "Frýdlant",
    "Latitude": 50.9216775,
    "Longitude": 15.0794594
  },
  {
    "Name": "Hardegg",
    "Latitude": 48.8536837,
    "Longitude": 15.8585681
  },
  {
    "Name": "Hohenberg an der Eger",
    "Latitude": 50.0970494,
    "Longitude": 12.2232841
  },
  {
    "Name": "Kurort Oberwiesenthal",
    "Latitude": 50.419377,
    "Longitude": 12.970962
  },
  {
    "Name": "Ždírec nad Doubravou",
    "Latitude": 49.6959567,
    "Longitude": 15.8136021
  },
  {
    "Name": "Zruč nad Sázavou",
    "Latitude": 49.740296,
    "Longitude": 15.106074
  },
  {
    "Name": "Smržovka",
    "Latitude": 50.7384678,
    "Longitude": 15.2463402
  },
  {
    "Name": "Lázně Bělohrad",
    "Latitude": 50.4290274,
    "Longitude": 15.5827632
  },
  {
    "Name": "Brumov-Bylnice",
    "Latitude": 49.0912882,
    "Longitude": 18.0227659
  },
  {
    "Name": "Otrokovice",
    "Latitude": 49.2088284,
    "Longitude": 17.5353865
  },
  {
    "Name": "Nalžovské Hory",
    "Latitude": 49.3335778,
    "Longitude": 13.5496097
  },
  {
    "Name": "Plánice",
    "Latitude": 49.3899269,
    "Longitude": 13.4710601
  },
  {
    "Name": "Trhové Sviny",
    "Latitude": 48.8425812,
    "Longitude": 14.6391858
  },
  {
    "Name": "Kudowa-Zdrój",
    "Latitude": 50.4420034,
    "Longitude": 16.2416299
  },
  {
    "Name": "Desná",
    "Latitude": 50.760138,
    "Longitude": 15.3027864
  },
  {
    "Name": "Sadská",
    "Latitude": 50.1361194,
    "Longitude": 14.9859741
  },
  {
    "Name": "Švihov",
    "Latitude": 49.4813565,
    "Longitude": 13.2841729
  },
  {
    "Name": "Vamberk",
    "Latitude": 50.1179339,
    "Longitude": 16.2903737
  },
  {
    "Name": "Nepomuk",
    "Latitude": 49.4861397,
    "Longitude": 13.5818116
  },
  {
    "Name": "Rohatec",
    "Latitude": 48.8803982,
    "Longitude": 17.1833008
  },
  {
    "Name": "Staré Město",
    "Latitude": 49.0756576,
    "Longitude": 17.4391723
  },
  {
    "Name": "Klingenthal",
    "Latitude": 50.3581046,
    "Longitude": 12.4678923
  },
  {
    "Name": "Bezdružice",
    "Latitude": 49.907242,
    "Longitude": 12.9711049
  },
  {
    "Name": "Černošice",
    "Latitude": 49.9605466,
    "Longitude": 14.3197051
  },
  {
    "Name": "Králův Dvůr",
    "Latitude": 49.9502063,
    "Longitude": 14.0344556
  },
  {
    "Name": "Vrbno pod Pradědem",
    "Latitude": 50.1209513,
    "Longitude": 17.3831569
  },
  {
    "Name": "Lomnice nad Popelkou",
    "Latitude": 50.5310646,
    "Longitude": 15.3728809
  },
  {
    "Name": "Meziboří",
    "Latitude": 50.6214996,
    "Longitude": 13.6000332
  },
  {
    "Name": "Lom",
    "Latitude": 50.5932769,
    "Longitude": 13.6572887
  },
  {
    "Name": "Třinec",
    "Latitude": 49.6779212,
    "Longitude": 18.6711993
  },
  {
    "Name": "Strání",
    "Latitude": 48.9020757,
    "Longitude": 17.7065802
  },
  {
    "Name": "Jevíčko",
    "Latitude": 49.6324875,
    "Longitude": 16.7118442
  },
  {
    "Name": "Olešnice",
    "Latitude": 49.5577012,
    "Longitude": 16.4223306
  },
  {
    "Name": "Vendryně",
    "Latitude": 49.6666154,
    "Longitude": 18.7130749
  },
  {
    "Name": "Návsí",
    "Latitude": 49.5873223,
    "Longitude": 18.7584931
  },
  {
    "Name": "Svatobořice",
    "Latitude": 48.9841062,
    "Longitude": 17.095048
  },
  {
    "Name": "Libina",
    "Latitude": 49.8766994,
    "Longitude": 17.0826722
  },
  {
    "Name": "Ostrožská Nová Ves",
    "Latitude": 49.0043387,
    "Longitude": 17.4363185
  },
  {
    "Name": "Štěpánkovice",
    "Latitude": 49.9578896,
    "Longitude": 18.0387601
  },
  {
    "Name": "Klášterec nad Ohří",
    "Latitude": 50.3847188,
    "Longitude": 13.1712133
  },
  {
    "Name": "Ralsko",
    "Latitude": 50.5857728,
    "Longitude": 14.8040625
  },
  {
    "Name": "Jevišovice",
    "Latitude": 48.9874765,
    "Longitude": 15.9896915
  },
  {
    "Name": "Veltrusy",
    "Latitude": 50.2710734,
    "Longitude": 14.3277379
  },
  {
    "Name": "Habartov",
    "Latitude": 50.1826873,
    "Longitude": 12.5502631
  },
  {
    "Name": "Pelhřimov",
    "Latitude": 49.4308737,
    "Longitude": 15.2232341
  },
  {
    "Name": "Horní Bříza",
    "Latitude": 49.8411529,
    "Longitude": 13.3573652
  },
  {
    "Name": "Třemošnice",
    "Latitude": 49.8693093,
    "Longitude": 15.5803962
  },
  {
    "Name": "Slatiňany",
    "Latitude": 49.9212452,
    "Longitude": 15.8132542
  },
  {
    "Name": "Skuteč",
    "Latitude": 49.8434267,
    "Longitude": 15.9961932
  },
  {
    "Name": "Seč",
    "Latitude": 49.8473534,
    "Longitude": 15.6571108
  },
  {
    "Name": "Ronov nad Doubravou",
    "Latitude": 49.8882524,
    "Longitude": 15.5314359
  },
  {
    "Name": "Luže",
    "Latitude": 49.8934114,
    "Longitude": 16.0284252
  },
  {
    "Name": "Hlinsko",
    "Latitude": 49.7625672,
    "Longitude": 15.907339
  },
  {
    "Name": "Heřmanův Městec",
    "Latitude": 49.9470444,
    "Longitude": 15.6646587
  },
  {
    "Name": "Chrudim",
    "Latitude": 49.9511458,
    "Longitude": 15.7947559
  },
  {
    "Name": "Chrast",
    "Latitude": 49.9020497,
    "Longitude": 15.9339624
  },
  {
    "Name": "Sezemice",
    "Latitude": 50.0663195,
    "Longitude": 15.8526363
  },
  {
    "Name": "Přelouč",
    "Latitude": 50.0401412,
    "Longitude": 15.5603286
  },
  {
    "Name": "Pardubice",
    "Latitude": 50.0385812,
    "Longitude": 15.7791356
  },
  {
    "Name": "Lázně Bohdaneč",
    "Latitude": 50.0764166,
    "Longitude": 15.6798078
  },
  {
    "Name": "Holice",
    "Latitude": 50.0662793,
    "Longitude": 15.9858513
  },
  {
    "Name": "Chvaletice",
    "Latitude": 50.0348654,
    "Longitude": 15.4184231
  },
  {
    "Name": "Třebechovice pod Orebem",
    "Latitude": 50.2007842,
    "Longitude": 15.993087
  },
  {
    "Name": "Smiřice",
    "Latitude": 50.2995707,
    "Longitude": 15.8645911
  },
  {
    "Name": "Nový Bydžov",
    "Latitude": 50.2417701,
    "Longitude": 15.4907692
  },
  {
    "Name": "Hradec Králové",
    "Latitude": 50.2094963,
    "Longitude": 15.832719
  },
  {
    "Name": "Chlumec nad Cidlinou",
    "Latitude": 50.154395,
    "Longitude": 15.4603384
  },
  {
    "Name": "Světlá nad Sázavou",
    "Latitude": 49.6680082,
    "Longitude": 15.403934
  },
  {
    "Name": "Přibyslav",
    "Latitude": 49.5768385,
    "Longitude": 15.7385463
  },
  {
    "Name": "Ledeč nad Sázavou",
    "Latitude": 49.6954347,
    "Longitude": 15.2776706
  },
  {
    "Name": "Havlíčkův Brod",
    "Latitude": 49.607079,
    "Longitude": 15.5794883
  },
  {
    "Name": "Golčův Jeníkov",
    "Latitude": 49.8160108,
    "Longitude": 15.4772768
  },
  {
    "Name": "Chotěboř",
    "Latitude": 49.7205393,
    "Longitude": 15.6699904
  },
  {
    "Name": "Žďár nad Sázavou",
    "Latitude": 49.5629014,
    "Longitude": 15.9391924
  },
  {
    "Name": "Velké Meziříčí",
    "Latitude": 49.3554996,
    "Longitude": 16.0121507
  },
  {
    "Name": "Velká Bíteš",
    "Latitude": 49.2888655,
    "Longitude": 16.225908
  },
  {
    "Name": "Svratka",
    "Latitude": 49.7111798,
    "Longitude": 16.0315815
  },
  {
    "Name": "Nové Město na Moravě",
    "Latitude": 49.5616916,
    "Longitude": 16.0744185
  },
  {
    "Name": "Bystřice nad Pernštejnem",
    "Latitude": 49.5228805,
    "Longitude": 16.2613311
  },
  {
    "Name": "Třešť",
    "Latitude": 49.2905709,
    "Longitude": 15.4821668
  },
  {
    "Name": "Telč",
    "Latitude": 49.1847652,
    "Longitude": 15.4524773
  },
  {
    "Name": "Polná",
    "Latitude": 49.4873383,
    "Longitude": 15.7188513
  },
  {
    "Name": "Brtnice",
    "Latitude": 49.3068037,
    "Longitude": 15.6766872
  },
  {
    "Name": "Svitavy",
    "Latitude": 49.7562053,
    "Longitude": 16.4688995
  },
  {
    "Name": "Polička",
    "Latitude": 49.7149137,
    "Longitude": 16.2653869
  },
  {
    "Name": "Moravská Třebová",
    "Latitude": 49.7581979,
    "Longitude": 16.6642129
  },
  {
    "Name": "Litomyšl",
    "Latitude": 49.8725491,
    "Longitude": 16.3101243
  },
  {
    "Name": "Březová nad Svitavou",
    "Latitude": 49.6447658,
    "Longitude": 16.5174116
  },
  {
    "Name": "Žamberk",
    "Latitude": 50.0874408,
    "Longitude": 16.4648984
  },
  {
    "Name": "Česká Třebová",
    "Latitude": 49.9021593,
    "Longitude": 16.4472039
  },
  {
    "Name": "Červená Voda",
    "Latitude": 50.0402915,
    "Longitude": 16.7426822
  },
  {
    "Name": "Ústí nad Orlicí",
    "Latitude": 49.9737051,
    "Longitude": 16.3940676
  },
  {
    "Name": "Vysoké Mýto",
    "Latitude": 49.9534727,
    "Longitude": 16.1616455
  },
  {
    "Name": "Letohrad",
    "Latitude": 50.0358007,
    "Longitude": 16.4987852
  },
  {
    "Name": "Lanškroun",
    "Latitude": 49.9124356,
    "Longitude": 16.6118541
  },
  {
    "Name": "Králíky",
    "Latitude": 50.0842625,
    "Longitude": 16.7603582
  },
  {
    "Name": "Jablonné nad Orlicí",
    "Latitude": 50.0296366,
    "Longitude": 16.6005927
  },
  {
    "Name": "Choceň",
    "Latitude": 50.0018735,
    "Longitude": 16.2229788
  },
  {
    "Name": "Brandýs nad Orlicí",
    "Latitude": 50.0019438,
    "Longitude": 16.285279
  },
  {
    "Name": "Žirovnice",
    "Latitude": 49.2531813,
    "Longitude": 15.188238
  },
  {
    "Name": "Červená Řečice",
    "Latitude": 49.5112314,
    "Longitude": 15.1783645
  },
  {
    "Name": "Černovice",
    "Latitude": 49.3725903,
    "Longitude": 14.9599829
  },
  {
    "Name": "Počátky",
    "Latitude": 49.2602542,
    "Longitude": 15.2404051
  },
  {
    "Name": "Pacov",
    "Latitude": 49.4707194,
    "Longitude": 15.0036121
  },
  {
    "Name": "Kamenice nad Lipou",
    "Latitude": 49.303118,
    "Longitude": 15.0754914
  },
  {
    "Name": "Humpolec",
    "Latitude": 49.5418861,
    "Longitude": 15.3586709
  },
  {
    "Name": "Třebíč",
    "Latitude": 49.2151907,
    "Longitude": 15.8816091
  },
  {
    "Name": "Náměšť nad Oslavou",
    "Latitude": 49.2073771,
    "Longitude": 16.1577984
  },
  {
    "Name": "Moravské Budějovice",
    "Latitude": 49.052357,
    "Longitude": 15.808595
  },
  {
    "Name": "Jemnice",
    "Latitude": 49.0192524,
    "Longitude": 15.5698865
  },
  {
    "Name": "Jaroměřice nad Rokytnou",
    "Latitude": 49.0943503,
    "Longitude": 15.8932579
  },
  {
    "Name": "Česká Skalice",
    "Latitude": 50.3946132,
    "Longitude": 16.0435698
  },
  {
    "Name": "Červený Kostelec",
    "Latitude": 50.4765545,
    "Longitude": 16.0928092
  },
  {
    "Name": "Police nad Metují",
    "Latitude": 50.5368703,
    "Longitude": 16.2335044
  },
  {
    "Name": "Náchod",
    "Latitude": 50.4167811,
    "Longitude": 16.1630918
  },
  {
    "Name": "Nové Město nad Metují",
    "Latitude": 50.3442064,
    "Longitude": 16.1512997
  },
  {
    "Name": "Jaroměř",
    "Latitude": 50.3555088,
    "Longitude": 15.9185723
  },
  {
    "Name": "Hronov",
    "Latitude": 50.4797582,
    "Longitude": 16.1820581
  },
  {
    "Name": "Broumov",
    "Latitude": 50.5853016,
    "Longitude": 16.3324545
  },
  {
    "Name": "Nová Paka",
    "Latitude": 50.4947616,
    "Longitude": 15.5149801
  },
  {
    "Name": "Jičín",
    "Latitude": 50.4370452,
    "Longitude": 15.3516528
  },
  {
    "Name": "Hořice",
    "Latitude": 50.3665337,
    "Longitude": 15.6321735
  },
  {
    "Name": "Žacléř",
    "Latitude": 50.6585674,
    "Longitude": 15.9080271
  },
  {
    "Name": "Úpice",
    "Latitude": 50.5125314,
    "Longitude": 16.0154279
  },
  {
    "Name": "Vrchlabí",
    "Latitude": 50.6271452,
    "Longitude": 15.6095779
  },
  {
    "Name": "Trutnov",
    "Latitude": 50.5608851,
    "Longitude": 15.9130498
  },
  {
    "Name": "Rtyně v Podkrkonoší",
    "Latitude": 50.505532,
    "Longitude": 16.0711662
  },
  {
    "Name": "Hostinné",
    "Latitude": 50.5409308,
    "Longitude": 15.723285
  },
  {
    "Name": "Dvůr Králové nad Labem",
    "Latitude": 50.4319898,
    "Longitude": 15.8139714
  },
  {
    "Name": "Rychnov nad Kněžnou",
    "Latitude": 50.1631069,
    "Longitude": 16.274837
  },
  {
    "Name": "Opočno",
    "Latitude": 50.2676907,
    "Longitude": 16.1145157
  },
  {
    "Name": "Kostelec nad Orlicí",
    "Latitude": 50.1228357,
    "Longitude": 16.2135958
  },
  {
    "Name": "Týniště nad Orlicí",
    "Latitude": 50.1513634,
    "Longitude": 16.0776973
  },
  {
    "Name": "Dobruška",
    "Latitude": 50.2921062,
    "Longitude": 16.1605457
  },
  {
    "Name": "Borohrádek",
    "Latitude": 50.0978039,
    "Longitude": 16.0932512
  },
  {
    "Name": "Solnice",
    "Latitude": 50.2030082,
    "Longitude": 16.2383273
  },
  {
    "Name": "Vysoké nad Jizerou",
    "Latitude": 50.6855879,
    "Longitude": 15.4015246
  },
  {
    "Name": "Turnov",
    "Latitude": 50.5874068,
    "Longitude": 15.1574182
  },
  {
    "Name": "Semily",
    "Latitude": 50.602249,
    "Longitude": 15.33526
  },
  {
    "Name": "Rokytnice nad Jizerou",
    "Latitude": 50.7258788,
    "Longitude": 15.433522
  },
  {
    "Name": "Jilemnice",
    "Latitude": 50.6091761,
    "Longitude": 15.5064747
  },
  {
    "Name": "Nové Město pod Smrkem",
    "Latitude": 50.9254734,
    "Longitude": 15.2299746
  },
  {
    "Name": "Liberec",
    "Latitude": 50.7702648,
    "Longitude": 15.0583947
  },
  {
    "Name": "Jablonné v Podještědí",
    "Latitude": 50.7657554,
    "Longitude": 14.7614324
  },
  {
    "Name": "Hodkovice nad Mohelkou",
    "Latitude": 50.665862,
    "Longitude": 15.0898509
  },
  {
    "Name": "Chrastava",
    "Latitude": 50.8171929,
    "Longitude": 14.9687813
  },
  {
    "Name": "Železný Brod",
    "Latitude": 50.6430652,
    "Longitude": 15.2539851
  },
  {
    "Name": "Tanvald",
    "Latitude": 50.7379436,
    "Longitude": 15.3037997
  },
  {
    "Name": "Jablonec nad Nisou",
    "Latitude": 50.7240899,
    "Longitude": 15.1710958
  },
  {
    "Name": "Česká Lípa",
    "Latitude": 50.6865452,
    "Longitude": 14.5372974
  },
  {
    "Name": "Stráž pod Ralskem",
    "Latitude": 50.7029923,
    "Longitude": 14.8009646
  },
  {
    "Name": "Nový Bor",
    "Latitude": 50.757878,
    "Longitude": 14.5554953
  },
  {
    "Name": "Mimoň",
    "Latitude": 50.6589287,
    "Longitude": 14.7244345
  },
  {
    "Name": "Kamenický Šenov",
    "Latitude": 50.7735891,
    "Longitude": 14.4728675
  },
  {
    "Name": "Doksy",
    "Latitude": 50.5642825,
    "Longitude": 14.6553399
  },
  {
    "Name": "Cvikov",
    "Latitude": 50.7766765,
    "Longitude": 14.6329751
  },
  {
    "Name": "Ústí nad Labem",
    "Latitude": 50.6603327,
    "Longitude": 14.0381357
  },
  {
    "Name": "Chlumec",
    "Latitude": 50.699992,
    "Longitude": 13.9397526
  },
  {
    "Name": "Teplice",
    "Latitude": 50.6406644,
    "Longitude": 13.8244461
  },
  {
    "Name": "Osek",
    "Latitude": 50.6230807,
    "Longitude": 13.6861489
  },
  {
    "Name": "Krupka",
    "Latitude": 50.6847005,
    "Longitude": 13.8577518
  },
  {
    "Name": "Hrob",
    "Latitude": 50.6590894,
    "Longitude": 13.7255293
  },
  {
    "Name": "Duchcov",
    "Latitude": 50.6040315,
    "Longitude": 13.7461464
  },
  {
    "Name": "Dubí",
    "Latitude": 50.6812997,
    "Longitude": 13.788771
  },
  {
    "Name": "Bílina",
    "Latitude": 50.5484048,
    "Longitude": 13.7747641
  },
  {
    "Name": "Most",
    "Latitude": 50.5032737,
    "Longitude": 13.636112
  },
  {
    "Name": "Litvínov",
    "Latitude": 50.6009532,
    "Longitude": 13.6110485
  },
  {
    "Name": "Žatec",
    "Latitude": 50.3274423,
    "Longitude": 13.545952
  },
  {
    "Name": "Postoloprty",
    "Latitude": 50.3600554,
    "Longitude": 13.7028467
  },
  {
    "Name": "Podbořany",
    "Latitude": 50.2296341,
    "Longitude": 13.4118542
  },
  {
    "Name": "Louny",
    "Latitude": 50.3572555,
    "Longitude": 13.7966137
  },
  {
    "Name": "Kadaň",
    "Latitude": 50.3761991,
    "Longitude": 13.2710364
  },
  {
    "Name": "Jirkov",
    "Latitude": 50.5000597,
    "Longitude": 13.4476266
  },
  {
    "Name": "Chomutov",
    "Latitude": 50.4607421,
    "Longitude": 13.4177224
  },
  {
    "Name": "Šluknov",
    "Latitude": 51.003217,
    "Longitude": 14.4530321
  },
  {
    "Name": "Česká Kamenice",
    "Latitude": 50.7994117,
    "Longitude": 14.4165592
  },
  {
    "Name": "Varnsdorf",
    "Latitude": 50.9124244,
    "Longitude": 14.6194058
  },
  {
    "Name": "Rumburk",
    "Latitude": 50.9517739,
    "Longitude": 14.5569317
  },
  {
    "Name": "Krásná Lípa",
    "Latitude": 50.9145647,
    "Longitude": 14.5062621
  },
  {
    "Name": "Jílové",
    "Latitude": 50.7610971,
    "Longitude": 14.1041986
  },
  {
    "Name": "Jiříkov",
    "Latitude": 50.9951393,
    "Longitude": 14.5690963
  },
  {
    "Name": "Děčín",
    "Latitude": 50.7824196,
    "Longitude": 14.2147221
  },
  {
    "Name": "Benešov nad Ploučnicí",
    "Latitude": 50.7413413,
    "Longitude": 14.3112047
  },
  {
    "Name": "Štětí",
    "Latitude": 50.4529665,
    "Longitude": 14.3746577
  },
  {
    "Name": "Roudnice nad Labem",
    "Latitude": 50.4255496,
    "Longitude": 14.2616915
  },
  {
    "Name": "Lovosice",
    "Latitude": 50.5153052,
    "Longitude": 14.0509704
  },
  {
    "Name": "Litoměřice",
    "Latitude": 50.5340795,
    "Longitude": 14.1317985
  },
  {
    "Name": "Kroměříž",
    "Latitude": 49.2984191,
    "Longitude": 17.3929804
  },
  {
    "Name": "Hulín",
    "Latitude": 49.3171618,
    "Longitude": 17.4636996
  },
  {
    "Name": "Holešov",
    "Latitude": 49.333718,
    "Longitude": 17.5786751
  },
  {
    "Name": "Chropyně",
    "Latitude": 49.3567094,
    "Longitude": 17.3644698
  },
  {
    "Name": "Bystřice pod Hostýnem",
    "Latitude": 49.399451,
    "Longitude": 17.6737912
  },
  {
    "Name": "Vlčnov",
    "Latitude": 49.0099715,
    "Longitude": 17.5819505
  },
  {
    "Name": "Uherský Ostroh",
    "Latitude": 48.985558,
    "Longitude": 17.3898443
  },
  {
    "Name": "Uherský Brod",
    "Latitude": 49.0253139,
    "Longitude": 17.6464437
  },
  {
    "Name": "Nivnice",
    "Latitude": 48.9762719,
    "Longitude": 17.6449068
  },
  {
    "Name": "Kunovice",
    "Latitude": 49.0419604,
    "Longitude": 17.4662253
  },
  {
    "Name": "Hluk",
    "Latitude": 48.988328,
    "Longitude": 17.5268918
  },
  {
    "Name": "Dolní Němčí",
    "Latitude": 48.9684218,
    "Longitude": 17.5853622
  },
  {
    "Name": "Bojkovice",
    "Latitude": 49.0389132,
    "Longitude": 17.8148347
  },
  {
    "Name": "Zubří",
    "Latitude": 49.4661007,
    "Longitude": 18.092283
  },
  {
    "Name": "Vsetín",
    "Latitude": 49.3389775,
    "Longitude": 17.9961534
  },
  {
    "Name": "Valašské Meziříčí",
    "Latitude": 49.4716056,
    "Longitude": 17.971593
  },
  {
    "Name": "Rožnov pod Radhoštěm",
    "Latitude": 49.4587958,
    "Longitude": 18.1429843
  },
  {
    "Name": "Zlín",
    "Latitude": 49.226766,
    "Longitude": 17.6667415
  },
  {
    "Name": "Vizovice",
    "Latitude": 49.2231391,
    "Longitude": 17.8545076
  },
  {
    "Name": "Valašské Klobouky",
    "Latitude": 49.1409048,
    "Longitude": 18.0075634
  },
  {
    "Name": "Slavičín",
    "Latitude": 49.0889594,
    "Longitude": 17.874808
  },
  {
    "Name": "Napajedla",
    "Latitude": 49.1715891,
    "Longitude": 17.5113718
  },
  {
    "Name": "Luhačovice",
    "Latitude": 49.0997324,
    "Longitude": 17.7577004
  },
  {
    "Name": "Fryšták",
    "Latitude": 49.2852044,
    "Longitude": 17.6834631
  },
  {
    "Name": "Teplá",
    "Latitude": 49.9821176,
    "Longitude": 12.8631587
  },
  {
    "Name": "Mariánské Lázně",
    "Latitude": 49.9739518,
    "Longitude": 12.703319
  },
  {
    "Name": "Františkovy Lázně",
    "Latitude": 50.1223741,
    "Longitude": 12.3488519
  },
  {
    "Name": "Cheb",
    "Latitude": 50.0793511,
    "Longitude": 12.3703526
  },
  {
    "Name": "Aš",
    "Latitude": 50.2216257,
    "Longitude": 12.1895886
  },
  {
    "Name": "Toužim",
    "Latitude": 50.0607602,
    "Longitude": 12.9849922
  },
  {
    "Name": "Ostrov",
    "Latitude": 50.3061911,
    "Longitude": 12.9390017
  },
  {
    "Name": "Nová Role",
    "Latitude": 50.2709162,
    "Longitude": 12.7842174
  },
  {
    "Name": "Nejdek",
    "Latitude": 50.3247878,
    "Longitude": 12.7332967
  },
  {
    "Name": "Karlovy Vary",
    "Latitude": 50.2304694,
    "Longitude": 12.8710769
  },
  {
    "Name": "Sokolov",
    "Latitude": 50.1815641,
    "Longitude": 12.640035
  },
  {
    "Name": "Rotava",
    "Latitude": 50.3058704,
    "Longitude": 12.5610769
  },
  {
    "Name": "Loket",
    "Latitude": 50.1860008,
    "Longitude": 12.7540466
  },
  {
    "Name": "Kynšperk nad Ohří",
    "Latitude": 50.1182943,
    "Longitude": 12.531107
  },
  {
    "Name": "Kraslice",
    "Latitude": 50.3239885,
    "Longitude": 12.5174004
  },
  {
    "Name": "Horní Slavkov",
    "Latitude": 50.139072,
    "Longitude": 12.8077875
  },
  {
    "Name": "Chodov",
    "Latitude": 50.2390665,
    "Longitude": 12.7489079
  },
  {
    "Name": "České Budějovice",
    "Latitude": 48.9747357,
    "Longitude": 14.474285
  },
  {
    "Name": "Zliv",
    "Latitude": 49.0663495,
    "Longitude": 14.3660772
  },
  {
    "Name": "Týn nad Vltavou",
    "Latitude": 49.2233024,
    "Longitude": 14.4211263
  },
  {
    "Name": "Rudolfov",
    "Latitude": 48.9936055,
    "Longitude": 14.5411628
  },
  {
    "Name": "Nové Hrady",
    "Latitude": 48.7896693,
    "Longitude": 14.7783906
  },
  {
    "Name": "Lišov",
    "Latitude": 49.0158765,
    "Longitude": 14.6083357
  },
  {
    "Name": "Hluboká nad Vltavou",
    "Latitude": 49.0522493,
    "Longitude": 14.4342702
  },
  {
    "Name": "Borovany",
    "Latitude": 48.8998724,
    "Longitude": 14.6419628
  },
  {
    "Name": "Český Krumlov",
    "Latitude": 48.810678,
    "Longitude": 14.3149994
  },
  {
    "Name": "Větřní",
    "Latitude": 48.7742466,
    "Longitude": 14.2861607
  },
  {
    "Name": "Vyšší Brod",
    "Latitude": 48.6154234,
    "Longitude": 14.3120378
  },
  {
    "Name": "Velešín",
    "Latitude": 48.8294852,
    "Longitude": 14.4625166
  },
  {
    "Name": "Rožmberk nad Vltavou",
    "Latitude": 48.6545255,
    "Longitude": 14.3656325
  },
  {
    "Name": "Kaplice",
    "Latitude": 48.7388101,
    "Longitude": 14.4965785
  },
  {
    "Name": "Horní Planá",
    "Latitude": 48.7673396,
    "Longitude": 14.0321919
  },
  {
    "Name": "Třeboň",
    "Latitude": 49.003969,
    "Longitude": 14.7711751
  },
  {
    "Name": "Suchdol nad Lužnicí",
    "Latitude": 48.8880893,
    "Longitude": 14.8746872
  },
  {
    "Name": "Stráž nad Nežárkou",
    "Latitude": 49.0697105,
    "Longitude": 14.9055137
  },
  {
    "Name": "Strmilov",
    "Latitude": 49.1584643,
    "Longitude": 15.1993375
  },
  {
    "Name": "Slavonice",
    "Latitude": 48.9975333,
    "Longitude": 15.3515379
  },
  {
    "Name": "Nová Včelnice",
    "Latitude": 49.2393496,
    "Longitude": 15.0726025
  },
  {
    "Name": "Nová Bystřice",
    "Latitude": 49.0193392,
    "Longitude": 15.1029382
  },
  {
    "Name": "Lomnice nad Lužnicí",
    "Latitude": 49.0815285,
    "Longitude": 14.7181416
  },
  {
    "Name": "Kardašova Řečice",
    "Latitude": 49.1847779,
    "Longitude": 14.8531546
  },
  {
    "Name": "Jindřichův Hradec",
    "Latitude": 49.1443265,
    "Longitude": 15.003354
  },
  {
    "Name": "Deštná",
    "Latitude": 49.2651331,
    "Longitude": 14.9239558
  },
  {
    "Name": "Dačice",
    "Latitude": 49.0818108,
    "Longitude": 15.437216
  },
  {
    "Name": "Písek",
    "Latitude": 49.3089887,
    "Longitude": 14.147769
  },
  {
    "Name": "Protivín",
    "Latitude": 49.2000186,
    "Longitude": 14.2159645
  },
  {
    "Name": "Mirovice",
    "Latitude": 49.5155508,
    "Longitude": 14.0358191
  },
  {
    "Name": "Mirotice",
    "Latitude": 49.4290263,
    "Longitude": 14.0368614
  },
  {
    "Name": "Milevsko",
    "Latitude": 49.4503023,
    "Longitude": 14.3595152
  },
  {
    "Name": "Volary",
    "Latitude": 48.9095977,
    "Longitude": 13.8883971
  },
  {
    "Name": "Vlachovo Březí",
    "Latitude": 49.08135,
    "Longitude": 13.9584176
  },
  {
    "Name": "Vimperk",
    "Latitude": 49.0526997,
    "Longitude": 13.774198
  },
  {
    "Name": "Prachatice",
    "Latitude": 49.0131123,
    "Longitude": 13.9977479
  },
  {
    "Name": "Netolice",
    "Latitude": 49.0493797,
    "Longitude": 14.1962532
  },
  {
    "Name": "Husinec",
    "Latitude": 49.0549583,
    "Longitude": 13.9869724
  },
  {
    "Name": "Volyně",
    "Latitude": 49.1663541,
    "Longitude": 13.8865967
  },
  {
    "Name": "Vodňany",
    "Latitude": 49.1478708,
    "Longitude": 14.1754647
  },
  {
    "Name": "Strakonice",
    "Latitude": 49.261277,
    "Longitude": 13.9025043
  },
  {
    "Name": "Sedlice",
    "Latitude": 49.3768585,
    "Longitude": 13.9394057
  },
  {
    "Name": "Bavorov",
    "Latitude": 49.1218443,
    "Longitude": 14.0789263
  },
  {
    "Name": "Blatná",
    "Latitude": 49.425124,
    "Longitude": 13.8825978
  },
  {
    "Name": "Veselí nad Lužnicí",
    "Latitude": 49.1868515,
    "Longitude": 14.6989831
  },
  {
    "Name": "Tábor",
    "Latitude": 49.4140896,
    "Longitude": 14.6584713
  },
  {
    "Name": "Soběslav",
    "Latitude": 49.259407,
    "Longitude": 14.7193304
  },
  {
    "Name": "Sezimovo Ústí",
    "Latitude": 49.3854146,
    "Longitude": 14.684521
  },
  {
    "Name": "Planá nad Lužnicí",
    "Latitude": 49.3510522,
    "Longitude": 14.7047195
  },
  {
    "Name": "Mladá Vožice",
    "Latitude": 49.5331269,
    "Longitude": 14.8085653
  },
  {
    "Name": "Jistebnice",
    "Latitude": 49.4855293,
    "Longitude": 14.5275997
  },
  {
    "Name": "Chýnov",
    "Latitude": 49.4067686,
    "Longitude": 14.8112157
  },
  {
    "Name": "Bechyně",
    "Latitude": 49.2953802,
    "Longitude": 14.46884
  },
  {
    "Name": "Zlaté Hory",
    "Latitude": 50.2637622,
    "Longitude": 17.3953643
  },
  {
    "Name": "Vidnava",
    "Latitude": 50.372434,
    "Longitude": 17.1861229
  },
  {
    "Name": "Jeseník",
    "Latitude": 50.2296385,
    "Longitude": 17.2046012
  },
  {
    "Name": "Šternberk",
    "Latitude": 49.730712,
    "Longitude": 17.2988474
  },
  {
    "Name": "Velká Bystřice",
    "Latitude": 49.5947568,
    "Longitude": 17.3654414
  },
  {
    "Name": "Uničov",
    "Latitude": 49.7711837,
    "Longitude": 17.1213944
  },
  {
    "Name": "Olomouc",
    "Latitude": 49.5940567,
    "Longitude": 17.251143
  },
  {
    "Name": "Moravský Beroun",
    "Latitude": 49.7939027,
    "Longitude": 17.4427357
  },
  {
    "Name": "Lutín",
    "Latitude": 49.5587043,
    "Longitude": 17.1372983
  },
  {
    "Name": "Prostějov",
    "Latitude": 49.4721467,
    "Longitude": 17.1117979
  },
  {
    "Name": "Konice",
    "Latitude": 49.5905186,
    "Longitude": 16.8894268
  },
  {
    "Name": "Přerov",
    "Latitude": 49.4553775,
    "Longitude": 17.4508621
  },
  {
    "Name": "Lipník nad Bečvou",
    "Latitude": 49.5273114,
    "Longitude": 17.5861035
  },
  {
    "Name": "Kojetín",
    "Latitude": 49.3520529,
    "Longitude": 17.3021634
  },
  {
    "Name": "Hranice",
    "Latitude": 49.548233,
    "Longitude": 17.7346535
  },
  {
    "Name": "Šumperk",
    "Latitude": 49.9655521,
    "Longitude": 16.9705651
  },
  {
    "Name": "Zábřeh",
    "Latitude": 49.88287,
    "Longitude": 16.8721836
  },
  {
    "Name": "Mohelnice",
    "Latitude": 49.7769472,
    "Longitude": 16.9196183
  },
  {
    "Name": "Loštice",
    "Latitude": 49.7449432,
    "Longitude": 16.9281353
  },
  {
    "Name": "Hanušovice",
    "Latitude": 50.0784174,
    "Longitude": 16.9347166
  },
  {
    "Name": "Staňkov",
    "Latitude": 49.5537448,
    "Longitude": 13.0696938
  },
  {
    "Name": "Poběžovice",
    "Latitude": 49.5108301,
    "Longitude": 12.8023911
  },
  {
    "Name": "Kdyně",
    "Latitude": 49.3905888,
    "Longitude": 13.0394725
  },
  {
    "Name": "Horšovský Týn",
    "Latitude": 49.5299132,
    "Longitude": 12.9439844
  },
  {
    "Name": "Holýšov",
    "Latitude": 49.5936108,
    "Longitude": 13.1012935
  },
  {
    "Name": "Domažlice",
    "Latitude": 49.4407069,
    "Longitude": 12.9298338
  },
  {
    "Name": "Bělá nad Radbuzou",
    "Latitude": 49.5911481,
    "Longitude": 12.717606
  },
  {
    "Name": "Železná Ruda",
    "Latitude": 49.1374249,
    "Longitude": 13.2350287
  },
  {
    "Name": "Sušice",
    "Latitude": 49.2313907,
    "Longitude": 13.5204076
  },
  {
    "Name": "Strážov",
    "Latitude": 49.3034789,
    "Longitude": 13.2483379
  },
  {
    "Name": "Rabí",
    "Latitude": 49.2809304,
    "Longitude": 13.6188949
  },
  {
    "Name": "Nýrsko",
    "Latitude": 49.2938686,
    "Longitude": 13.1435324
  },
  {
    "Name": "Měčín",
    "Latitude": 49.4800853,
    "Longitude": 13.402886
  },
  {
    "Name": "Klatovy",
    "Latitude": 49.3951183,
    "Longitude": 13.2935954
  },
  {
    "Name": "Janovice nad Úhlavou",
    "Latitude": 49.3452626,
    "Longitude": 13.2175818
  },
  {
    "Name": "Horažďovice",
    "Latitude": 49.3210159,
    "Longitude": 13.7006943
  },
  {
    "Name": "Hartmanice",
    "Latitude": 49.1703098,
    "Longitude": 13.4548124
  },
  {
    "Name": "Starý Plzenec",
    "Latitude": 49.6977029,
    "Longitude": 13.4734102
  },
  {
    "Name": "Stod",
    "Latitude": 49.6390886,
    "Longitude": 13.1647362
  },
  {
    "Name": "Spálené Poříčí",
    "Latitude": 49.6137072,
    "Longitude": 13.6055617
  },
  {
    "Name": "Přeštice",
    "Latitude": 49.5726096,
    "Longitude": 13.3295697
  },
  {
    "Name": "Kasejovice",
    "Latitude": 49.4626974,
    "Longitude": 13.7405997
  },
  {
    "Name": "Dobřany",
    "Latitude": 49.6554407,
    "Longitude": 13.2908386
  },
  {
    "Name": "Blovice",
    "Latitude": 49.5821789,
    "Longitude": 13.5403535
  },
  {
    "Name": "Úterý",
    "Latitude": 49.9400702,
    "Longitude": 13.0041771
  },
  {
    "Name": "Všeruby",
    "Latitude": 49.8417849,
    "Longitude": 13.229176
  },
  {
    "Name": "Třemošná",
    "Latitude": 49.8161125,
    "Longitude": 13.3949879
  },
  {
    "Name": "Plasy",
    "Latitude": 49.933503,
    "Longitude": 13.3895611
  },
  {
    "Name": "Nýřany",
    "Latitude": 49.7131491,
    "Longitude": 13.2074889
  },
  {
    "Name": "Manětín",
    "Latitude": 49.9917746,
    "Longitude": 13.2331924
  },
  {
    "Name": "Kralovice",
    "Latitude": 49.9821831,
    "Longitude": 13.4874108
  },
  {
    "Name": "Kožlany",
    "Latitude": 49.9938908,
    "Longitude": 13.5410653
  },
  {
    "Name": "Kaznějov",
    "Latitude": 49.8931303,
    "Longitude": 13.3829479
  },
  {
    "Name": "Zbiroh",
    "Latitude": 49.8592406,
    "Longitude": 13.7711465
  },
  {
    "Name": "Mýto",
    "Latitude": 49.7889973,
    "Longitude": 13.7346533
  },
  {
    "Name": "Rokycany",
    "Latitude": 49.7429636,
    "Longitude": 13.5945245
  },
  {
    "Name": "Radnice",
    "Latitude": 49.8571241,
    "Longitude": 13.606275
  },
  {
    "Name": "Mirošov",
    "Latitude": 49.6878219,
    "Longitude": 13.6580664
  },
  {
    "Name": "Hrádek",
    "Latitude": 49.7099197,
    "Longitude": 13.6541018
  },
  {
    "Name": "Černošín",
    "Latitude": 49.8162537,
    "Longitude": 12.8838251
  },
  {
    "Name": "Tachov",
    "Latitude": 49.7955449,
    "Longitude": 12.6329861
  },
  {
    "Name": "Stříbro",
    "Latitude": 49.7530168,
    "Longitude": 13.0049136
  },
  {
    "Name": "Přimda",
    "Latitude": 49.6746089,
    "Longitude": 12.6763078
  },
  {
    "Name": "Planá",
    "Latitude": 49.8683954,
    "Longitude": 12.7382081
  },
  {
    "Name": "Kladruby",
    "Latitude": 49.715342,
    "Longitude": 12.9800032
  },
  {
    "Name": "Bor",
    "Latitude": 49.7113567,
    "Longitude": 12.7753178
  },
  {
    "Name": "Votice",
    "Latitude": 49.6403939,
    "Longitude": 14.6380296
  },
  {
    "Name": "Vlašim",
    "Latitude": 49.7065924,
    "Longitude": 14.8987513
  },
  {
    "Name": "Týnec nad Sázavou",
    "Latitude": 49.8334756,
    "Longitude": 14.5899539
  },
  {
    "Name": "Trhový Štěpánov",
    "Latitude": 49.7116864,
    "Longitude": 15.0135299
  },
  {
    "Name": "Sázava",
    "Latitude": 49.8717573,
    "Longitude": 14.896712
  },
  {
    "Name": "Pyšely",
    "Latitude": 49.8767807,
    "Longitude": 14.6770252
  },
  {
    "Name": "Neveklov",
    "Latitude": 49.7535116,
    "Longitude": 14.533402
  },
  {
    "Name": "Bystřice",
    "Latitude": 49.7321319,
    "Longitude": 14.667401
  },
  {
    "Name": "Benešov",
    "Latitude": 49.7818921,
    "Longitude": 14.6869121
  },
  {
    "Name": "Zdice",
    "Latitude": 49.9119542,
    "Longitude": 13.9779864
  },
  {
    "Name": "Hořovice",
    "Latitude": 49.8363239,
    "Longitude": 13.902867
  },
  {
    "Name": "Hostomice",
    "Latitude": 49.8252575,
    "Longitude": 14.0456045
  },
  {
    "Name": "Beroun",
    "Latitude": 49.9640292,
    "Longitude": 14.0733907
  },
  {
    "Name": "Velvary",
    "Latitude": 50.2819312,
    "Longitude": 14.2361619
  },
  {
    "Name": "Unhošť",
    "Latitude": 50.08499,
    "Longitude": 14.1318613
  },
  {
    "Name": "Stochov",
    "Latitude": 50.1481264,
    "Longitude": 13.9629115
  },
  {
    "Name": "Smečno",
    "Latitude": 50.1884375,
    "Longitude": 14.0403651
  },
  {
    "Name": "Slaný",
    "Latitude": 50.2306933,
    "Longitude": 14.0868501
  },
  {
    "Name": "Libušín",
    "Latitude": 50.1681884,
    "Longitude": 14.054581
  },
  {
    "Name": "Kladno",
    "Latitude": 50.1478497,
    "Longitude": 14.1025379
  },
  {
    "Name": "Buštěhrad",
    "Latitude": 50.1558258,
    "Longitude": 14.188817
  },
  {
    "Name": "Český Brod",
    "Latitude": 50.0744692,
    "Longitude": 14.8607574
  },
  {
    "Name": "Zásmuky",
    "Latitude": 49.9547046,
    "Longitude": 15.0305803
  },
  {
    "Name": "Týnec nad Labem",
    "Latitude": 50.0418987,
    "Longitude": 15.3580835
  },
  {
    "Name": "Pečky",
    "Latitude": 50.0898509,
    "Longitude": 15.0291945
  },
  {
    "Name": "Kouřim",
    "Latitude": 50.0030568,
    "Longitude": 14.977031
  },
  {
    "Name": "Kolín",
    "Latitude": 50.0288894,
    "Longitude": 15.2011571
  },
  {
    "Name": "Čáslav",
    "Latitude": 49.9109171,
    "Longitude": 15.3913205
  },
  {
    "Name": "Uhlířské Janovice",
    "Latitude": 49.8807582,
    "Longitude": 15.064492
  },
  {
    "Name": "Kutná Hora",
    "Latitude": 49.9486561,
    "Longitude": 15.2681123
  },
  {
    "Name": "Mšeno",
    "Latitude": 50.4381922,
    "Longitude": 14.6326066
  },
  {
    "Name": "Mělník",
    "Latitude": 50.3520785,
    "Longitude": 14.4748281
  },
  {
    "Name": "Kralupy nad Vltavou",
    "Latitude": 50.2421243,
    "Longitude": 14.3118883
  },
  {
    "Name": "Kostelec nad Labem",
    "Latitude": 50.226532,
    "Longitude": 14.5855201
  },
  {
    "Name": "Mnichovo Hradiště",
    "Latitude": 50.527337,
    "Longitude": 14.971863
  },
  {
    "Name": "Mladá Boleslav",
    "Latitude": 50.4116187,
    "Longitude": 14.9031301
  },
  {
    "Name": "Kosmonosy",
    "Latitude": 50.4389828,
    "Longitude": 14.9305091
  },
  {
    "Name": "Bělá pod Bezdězem",
    "Latitude": 50.5014795,
    "Longitude": 14.8041263
  },
  {
    "Name": "Benátky nad Jizerou",
    "Latitude": 50.291767,
    "Longitude": 14.8260014
  },
  {
    "Name": "Bakov nad Jizerou",
    "Latitude": 50.4801187,
    "Longitude": 14.9388306
  },
  {
    "Name": "Poděbrady",
    "Latitude": 50.1430072,
    "Longitude": 15.1191453
  },
  {
    "Name": "Nymburk",
    "Latitude": 50.186331,
    "Longitude": 15.0417306
  },
  {
    "Name": "Milovice",
    "Latitude": 50.2259601,
    "Longitude": 14.8886322
  },
  {
    "Name": "Lysá nad Labem",
    "Latitude": 50.2016983,
    "Longitude": 14.832757
  },
  {
    "Name": "Říčany",
    "Latitude": 49.9919444,
    "Longitude": 14.6542365
  },
  {
    "Name": "Čelákovice",
    "Latitude": 50.1607829,
    "Longitude": 14.7500022
  },
  {
    "Name": "Úvaly",
    "Latitude": 50.0740135,
    "Longitude": 14.7305192
  },
  {
    "Name": "Odolena Voda",
    "Latitude": 50.2334117,
    "Longitude": 14.4107808
  },
  {
    "Name": "Kostelec nad Černými lesy",
    "Latitude": 49.9918984,
    "Longitude": 14.8557555
  },
  {
    "Name": "Brandýs nad Labem-Stará Boleslav",
    "Latitude": 50.1912412,
    "Longitude": 14.6649786
  },
  {
    "Name": "Řevnice",
    "Latitude": 49.9139823,
    "Longitude": 14.2366056
  },
  {
    "Name": "Rudná",
    "Latitude": 50.0337771,
    "Longitude": 14.2312404
  },
  {
    "Name": "Roztoky",
    "Latitude": 50.1586802,
    "Longitude": 14.3975468
  },
  {
    "Name": "Mníšek pod Brdy",
    "Latitude": 49.8664138,
    "Longitude": 14.2609488
  },
  {
    "Name": "Libčice nad Vltavou",
    "Latitude": 50.1988879,
    "Longitude": 14.3624086
  },
  {
    "Name": "Jílové u Prahy",
    "Latitude": 49.8952972,
    "Longitude": 14.4933502
  },
  {
    "Name": "Hostivice",
    "Latitude": 50.0815167,
    "Longitude": 14.2585743
  },
  {
    "Name": "Sedlčany",
    "Latitude": 49.6582258,
    "Longitude": 14.4254935
  },
  {
    "Name": "Sedlec-Prčice",
    "Latitude": 49.5726082,
    "Longitude": 14.5326911
  },
  {
    "Name": "Rožmitál pod Třemšínem",
    "Latitude": 49.602176,
    "Longitude": 13.863958
  },
  {
    "Name": "Příbram",
    "Latitude": 49.6901444,
    "Longitude": 14.0103663
  },
  {
    "Name": "Nový Knín",
    "Latitude": 49.7871435,
    "Longitude": 14.2907781
  },
  {
    "Name": "Krásná Hora nad Vltavou",
    "Latitude": 49.6046057,
    "Longitude": 14.2774188
  },
  {
    "Name": "Dobříš",
    "Latitude": 49.7813749,
    "Longitude": 14.1704372
  },
  {
    "Name": "Březnice",
    "Latitude": 49.5576246,
    "Longitude": 13.9506049
  },
  {
    "Name": "Rakovník",
    "Latitude": 50.1039674,
    "Longitude": 13.7333385
  },
  {
    "Name": "Nové Strašecí",
    "Latitude": 50.1532192,
    "Longitude": 13.9004279
  },
  {
    "Name": "Rýmařov",
    "Latitude": 49.9320352,
    "Longitude": 17.2714574
  },
  {
    "Name": "Město Albrechtice",
    "Latitude": 50.1631183,
    "Longitude": 17.5750385
  },
  {
    "Name": "Krnov",
    "Latitude": 50.089937,
    "Longitude": 17.7038079
  },
  {
    "Name": "Břidličná",
    "Latitude": 49.9116692,
    "Longitude": 17.3710729
  },
  {
    "Name": "Bruntál",
    "Latitude": 49.9885113,
    "Longitude": 17.4652901
  },
  {
    "Name": "Paskov",
    "Latitude": 49.7317867,
    "Longitude": 18.2903689
  },
  {
    "Name": "Mosty u Jablunkova",
    "Latitude": 49.5275936,
    "Longitude": 18.7541357
  },
  {
    "Name": "Jablunkov",
    "Latitude": 49.5767408,
    "Longitude": 18.7645761
  },
  {
    "Name": "Frýdlant nad Ostravicí",
    "Latitude": 49.5930718,
    "Longitude": 18.3596301
  },
  {
    "Name": "Frýdek-Místek",
    "Latitude": 49.685635,
    "Longitude": 18.3483416
  },
  {
    "Name": "Baška",
    "Latitude": 49.6458449,
    "Longitude": 18.3723334
  },
  {
    "Name": "Bystřice",
    "Latitude": 49.6363495,
    "Longitude": 18.7204916
  },
  {
    "Name": "Brušperk",
    "Latitude": 49.7003751,
    "Longitude": 18.2216061
  },
  {
    "Name": "Dolní Lutyně",
    "Latitude": 49.8988168,
    "Longitude": 18.4281743
  },
  {
    "Name": "Český Těšín",
    "Latitude": 49.7464018,
    "Longitude": 18.6260976
  },
  {
    "Name": "Těrlicko",
    "Latitude": 49.7520345,
    "Longitude": 18.4828608
  },
  {
    "Name": "Rychvald",
    "Latitude": 49.8663296,
    "Longitude": 18.376392
  },
  {
    "Name": "Petřvald",
    "Latitude": 49.8310682,
    "Longitude": 18.3898338
  },
  {
    "Name": "Petrovice u Karviné",
    "Latitude": 49.8958672,
    "Longitude": 18.5477896
  },
  {
    "Name": "Orlová",
    "Latitude": 49.8459427,
    "Longitude": 18.4309274
  },
  {
    "Name": "Karviná",
    "Latitude": 49.8542719,
    "Longitude": 18.5416556
  },
  {
    "Name": "Horní Suchá",
    "Latitude": 49.7977588,
    "Longitude": 18.4816244
  },
  {
    "Name": "Havířov",
    "Latitude": 49.7801136,
    "Longitude": 18.4368451
  },
  {
    "Name": "Dětmarovice",
    "Latitude": 49.8942584,
    "Longitude": 18.4605013
  },
  {
    "Name": "Albrechtice",
    "Latitude": 49.7863609,
    "Longitude": 18.5246402
  },
  {
    "Name": "Bohumín",
    "Latitude": 49.9041537,
    "Longitude": 18.3574288
  },
  {
    "Name": "Štramberk",
    "Latitude": 49.591233,
    "Longitude": 18.1170378
  },
  {
    "Name": "Příbor",
    "Latitude": 49.6401091,
    "Longitude": 18.1438062
  },
  {
    "Name": "Odry",
    "Latitude": 49.6622193,
    "Longitude": 17.8303013
  },
  {
    "Name": "Nový Jičín",
    "Latitude": 49.594881,
    "Longitude": 18.0102584
  },
  {
    "Name": "Kopřivnice",
    "Latitude": 49.598913,
    "Longitude": 18.1452134
  },
  {
    "Name": "Fulnek",
    "Latitude": 49.7126449,
    "Longitude": 17.9031553
  },
  {
    "Name": "Frenštát pod Radhoštěm",
    "Latitude": 49.5474224,
    "Longitude": 18.2117067
  },
  {
    "Name": "Bílovec",
    "Latitude": 49.7567664,
    "Longitude": 18.01623
  },
  {
    "Name": "Vítkov",
    "Latitude": 49.7758144,
    "Longitude": 17.7517864
  },
  {
    "Name": "Opava",
    "Latitude": 49.9389004,
    "Longitude": 17.9024174
  },
  {
    "Name": "Ludgeřovice",
    "Latitude": 49.8903906,
    "Longitude": 18.2401116
  },
  {
    "Name": "Kravaře",
    "Latitude": 49.9321321,
    "Longitude": 18.0044266
  },
  {
    "Name": "Háj ve Slezsku",
    "Latitude": 49.8999332,
    "Longitude": 18.0937793
  },
  {
    "Name": "Hradec nad Moravicí",
    "Latitude": 49.8709009,
    "Longitude": 17.8754742
  },
  {
    "Name": "Hlučín",
    "Latitude": 49.8982209,
    "Longitude": 18.1919194
  },
  {
    "Name": "Dolní Benešov",
    "Latitude": 49.9210128,
    "Longitude": 18.1083515
  },
  {
    "Name": "Budišov nad Budišovkou",
    "Latitude": 49.7949749,
    "Longitude": 17.6289202
  },
  {
    "Name": "Bolatice",
    "Latitude": 49.9518373,
    "Longitude": 18.0834921
  },
  {
    "Name": "Šenov",
    "Latitude": 49.7931698,
    "Longitude": 18.3756285
  },
  {
    "Name": "Vratimov",
    "Latitude": 49.7697532,
    "Longitude": 18.3102044
  },
  {
    "Name": "Ostrava",
    "Latitude": 49.8349139,
    "Longitude": 18.2820084
  },
  {
    "Name": "Klimkovice",
    "Latitude": 49.7884424,
    "Longitude": 18.1254099
  },
  {
    "Name": "Velké Opatovice",
    "Latitude": 49.6126397,
    "Longitude": 16.6794242
  },
  {
    "Name": "Rájec-Jestřebí",
    "Latitude": 49.409145,
    "Longitude": 16.6270226
  },
  {
    "Name": "Letovice",
    "Latitude": 49.5467115,
    "Longitude": 16.5738843
  },
  {
    "Name": "Kunštát",
    "Latitude": 49.506451,
    "Longitude": 16.5172192
  },
  {
    "Name": "Boskovice",
    "Latitude": 49.4877983,
    "Longitude": 16.66016
  },
  {
    "Name": "Adamov",
    "Latitude": 49.300901,
    "Longitude": 16.6544811
  },
  {
    "Name": "Blansko",
    "Latitude": 49.3636494,
    "Longitude": 16.6442394
  },
  {
    "Name": "Brno",
    "Latitude": 49.1922443,
    "Longitude": 16.6113382
  },
  {
    "Name": "Židlochovice",
    "Latitude": 49.0379775,
    "Longitude": 16.6171639
  },
  {
    "Name": "Šlapanice",
    "Latitude": 49.1688974,
    "Longitude": 16.7272687
  },
  {
    "Name": "Újezd u Brna",
    "Latitude": 49.1043477,
    "Longitude": 16.7573682
  },
  {
    "Name": "Zbýšov",
    "Latitude": 49.1552431,
    "Longitude": 16.3495114
  },
  {
    "Name": "Veverská Bítýška",
    "Latitude": 49.2756422,
    "Longitude": 16.4370099
  },
  {
    "Name": "Tišnov",
    "Latitude": 49.348838,
    "Longitude": 16.4244906
  },
  {
    "Name": "Rosice",
    "Latitude": 49.1825874,
    "Longitude": 16.3878251
  },
  {
    "Name": "Rajhrad",
    "Latitude": 49.0890629,
    "Longitude": 16.6030548
  },
  {
    "Name": "Pohořelice",
    "Latitude": 48.9814826,
    "Longitude": 16.5245722
  },
  {
    "Name": "Oslavany",
    "Latitude": 49.1236142,
    "Longitude": 16.3364832
  },
  {
    "Name": "Modřice",
    "Latitude": 49.1288791,
    "Longitude": 16.6137074
  },
  {
    "Name": "Kuřim",
    "Latitude": 49.2987857,
    "Longitude": 16.531396
  },
  {
    "Name": "Ivančice",
    "Latitude": 49.1015881,
    "Longitude": 16.3776051
  },
  {
    "Name": "Dolní Kounice",
    "Latitude": 49.0701117,
    "Longitude": 16.4649199
  },
  {
    "Name": "Velké Pavlovice",
    "Latitude": 48.9044074,
    "Longitude": 16.8164581
  },
  {
    "Name": "Velké Bílovice",
    "Latitude": 48.8493878,
    "Longitude": 16.892052
  },
  {
    "Name": "Valtice",
    "Latitude": 48.7409486,
    "Longitude": 16.7555364
  },
  {
    "Name": "Novosedly",
    "Latitude": 48.8369264,
    "Longitude": 16.4934479
  },
  {
    "Name": "Mikulov",
    "Latitude": 48.8068577,
    "Longitude": 16.6383914
  },
  {
    "Name": "Lanžhot",
    "Latitude": 48.7244326,
    "Longitude": 16.9669476
  },
  {
    "Name": "Klobouky u Brna",
    "Latitude": 48.9950119,
    "Longitude": 16.8595131
  },
  {
    "Name": "Hustopeče",
    "Latitude": 48.9399831,
    "Longitude": 16.7369738
  },
  {
    "Name": "Břeclav",
    "Latitude": 48.7594008,
    "Longitude": 16.8813137
  },
  {
    "Name": "Ždánice",
    "Latitude": 49.0672875,
    "Longitude": 17.0275122
  },
  {
    "Name": "Vracov",
    "Latitude": 48.9753927,
    "Longitude": 17.2106987
  },
  {
    "Name": "Vnorovy",
    "Latitude": 48.9309642,
    "Longitude": 17.3505008
  },
  {
    "Name": "Veselí nad Moravou",
    "Latitude": 48.9540796,
    "Longitude": 17.379034
  },
  {
    "Name": "Velká nad Veličkou",
    "Latitude": 48.8827446,
    "Longitude": 17.5202893
  },
  {
    "Name": "Hodonín",
    "Latitude": 48.8492027,
    "Longitude": 17.1324031
  },
  {
    "Name": "Strážnice",
    "Latitude": 48.9018932,
    "Longitude": 17.314434
  },
  {
    "Name": "Ratíškovice",
    "Latitude": 48.9197267,
    "Longitude": 17.1657321
  },
  {
    "Name": "Mutěnice",
    "Latitude": 48.9043578,
    "Longitude": 17.0293787
  },
  {
    "Name": "Kyjov",
    "Latitude": 49.0104456,
    "Longitude": 17.1224867
  },
  {
    "Name": "Dubňany",
    "Latitude": 48.9175078,
    "Longitude": 17.0955296
  },
  {
    "Name": "Bzenec",
    "Latitude": 48.9736321,
    "Longitude": 17.2668112
  },
  {
    "Name": "Vyškov",
    "Latitude": 49.2778194,
    "Longitude": 16.9994446
  },
  {
    "Name": "Slavkov u Brna",
    "Latitude": 49.1535759,
    "Longitude": 16.8763606
  },
  {
    "Name": "Rousínov",
    "Latitude": 49.2015498,
    "Longitude": 16.8821032
  },
  {
    "Name": "Bučovice",
    "Latitude": 49.1492236,
    "Longitude": 17.001864
  },
  {
    "Name": "Znojmo",
    "Latitude": 48.8554341,
    "Longitude": 16.0489457
  },
  {
    "Name": "Moravský Krumlov",
    "Latitude": 49.0492698,
    "Longitude": 16.3115273
  },
  {
    "Name": "Miroslav",
    "Latitude": 48.9473112,
    "Longitude": 16.3134526
  },
  {
    "Name": "Hrušovany nad Jevišovkou",
    "Latitude": 48.8299011,
    "Longitude": 16.4022403
  },
  {
    "Name": "Praha",
    "Latitude": 50.0874654,
    "Longitude": 14.4212535
  },
  {
    "Name": "Uherské Hradiště",
    "Latitude": 49.0681018,
    "Longitude": 17.4663899
  },
  {
    "Name": "Studénka",
    "Latitude": 49.7137494,
    "Longitude": 18.0610845
  },
  {
    "Name": "Hejnice",
    "Latitude": 50.8781307,
    "Longitude": 15.1818959
  },
  {
    "Name": "Neratovice",
    "Latitude": 50.2598479,
    "Longitude": 14.5175086
  },
  {
    "Name": "Libochovice",
    "Latitude": 50.4061126,
    "Longitude": 14.044564
  },
  {
    "Name": "Liběchov",
    "Latitude": 50.4078364,
    "Longitude": 14.4467459
  },
  {
    "Name": "Horní Cerekev",
    "Latitude": 49.3192961,
    "Longitude": 15.3291878
  }
]