[
  {
    "elevationRange": {
      "ceiling": {
        "origin": "AGL",
        "units": "FEETS",
        "value": 1000.0
      },
      "floor": {
        "origin": "GND",
        "units": "NONE",
        "value": 0.0
      }
    },
    "geometry": {
      "coordinates": [
        {
          "index": 0,
          "latitude": 49.2188,
          "longitude": 16.2143
        }
      ],
      "radius": 1481.6,
      "shape": "POINT"
    },
    "handle": 1848373816,
    "identification": "LKD1",
    "name": "KRALICE",
    "note": {},
    "schedule": {},
    "sun": {
      "astronomicalDawn": "2020-11-20T04:37:00Z",
      "astronomicalDusk": "2020-11-20T14:44:00Z",
      "civilDawn": "2020-11-20T05:12:00Z",
      "civilDusk": "2020-11-20T14:08:00Z",
      "date": "2020-11-19T23:00:00Z"
    },
    "thumbprint": "2c29460be705b1c14deacd1ef4fdd3208eca7766dfa134a0749afa58e1b4d1c6"
  },
  {
    "elevationRange": {
      "ceiling": {
        "origin": "AGL",
        "units": "FEETS",
        "value": 1000.0
      },
      "floor": {
        "origin": "GND",
        "units": "NONE",
        "value": 0.0
      }
    },
    "geometry": {
      "coordinates": [
        {
          "index": 0,
          "latitude": 48.9019,
          "longitude": 16.6122
        },
        {
          "index": 1,
          "latitude": 48.8389,
          "longitude": 16.555
        },
        {
          "index": 2,
          "latitude": 48.8234,
          "longitude": 16.5942
        },
        {
          "index": 3,
          "latitude": 48.8864,
          "longitude": 16.6515
        },
        {
          "index": 4,
          "latitude": 48.9019,
          "longitude": 16.6122
        }
      ],
      "radius": 0.0,
      "shape": "POLYGON"
    },
    "handle": 2867706844,
    "identification": "LKD10",
    "name": "DOLNÍ DUNAJOVICE",
    "note": {},
    "schedule": {},
    "sun": {
      "astronomicalDawn": "2020-11-20T04:35:00Z",
      "astronomicalDusk": "2020-11-20T14:43:00Z",
      "civilDawn": "2020-11-20T05:10:00Z",
      "civilDusk": "2020-11-20T14:08:00Z",
      "date": "2020-11-19T23:00:00Z"
    },
    "thumbprint": "d36fcb261791be1a25955de1a1c01f6baf20866cee4bf6eb054606407d68b4ef"
  },
  {
    "elevationRange": {
      "ceiling": {
        "origin": "AGL",
        "units": "FEETS",
        "value": 1000.0
      },
      "floor": {
        "origin": "GND",
        "units": "NONE",
        "value": 0.0
      }
    },
    "geometry": {
      "coordinates": [
        {
          "index": 0,
          "latitude": 48.7807,
          "longitude": 16.9369
        }
      ],
      "radius": 1481.6,
      "shape": "POINT"
    },
    "handle": 1774476746,
    "identification": "LKD3",
    "name": "BRECLAV",
    "note": {},
    "schedule": {},
    "sun": {
      "astronomicalDawn": "2020-11-20T04:33:00Z",
      "astronomicalDusk": "2020-11-20T14:42:00Z",
      "civilDawn": "2020-11-20T05:08:00Z",
      "civilDusk": "2020-11-20T14:07:00Z",
      "date": "2020-11-19T23:00:00Z"
    },
    "thumbprint": "19737f4ee884de656e0b6e68514ba239a462c1ad1ee46f39296023709e531469"
  },
  {
    "elevationRange": {
      "ceiling": {
        "origin": "FL",
        "units": "FEETS",
        "value": 9500.0
      },
      "floor": {
        "origin": "GND",
        "units": "NONE",
        "value": 0.0
      }
    },
    "geometry": {
      "coordinates": [
        {
          "index": 0,
          "latitude": 48.8773,
          "longitude": 14.0716
        }
      ],
      "radius": 12964.0,
      "shape": "POINT"
    },
    "handle": 2785754276,
    "identification": "LKD11",
    "name": "CHLUM",
    "note": {},
    "schedule": {},
    "sun": {
      "astronomicalDawn": "2020-11-20T04:45:00Z",
      "astronomicalDusk": "2020-11-20T14:53:00Z",
      "civilDawn": "2020-11-20T05:21:00Z",
      "civilDusk": "2020-11-20T14:17:00Z",
      "date": "2020-11-19T23:00:00Z"
    },
    "thumbprint": "cdd96f1bfc843b69fb36db2495e56a19a8f8630f988a07cb63e81a8ccf429ee8"
  },
  {
    "elevationRange": {
      "ceiling": {
        "origin": "AGL",
        "units": "FEETS",
        "value": 1000.0
      },
      "floor": {
        "origin": "GND",
        "units": "NONE",
        "value": 0.0
      }
    },
    "geometry": {
      "coordinates": [
        {
          "index": 0,
          "latitude": 48.871,
          "longitude": 17.0294
        }
      ],
      "radius": 1481.6,
      "shape": "POINT"
    },
    "handle": 1845901577,
    "identification": "LKD6",
    "name": "DOLNÍ BOJANOVICE",
    "note": {},
    "schedule": {},
    "sun": {
      "astronomicalDawn": "2020-11-20T04:33:00Z",
      "astronomicalDusk": "2020-11-20T14:41:00Z",
      "civilDawn": "2020-11-20T05:08:00Z",
      "civilDusk": "2020-11-20T14:06:00Z",
      "date": "2020-11-19T23:00:00Z"
    },
    "thumbprint": "1499ee023b6ba4eba675c0eafe6851942304543a17bb5a434f7fee12e1b10919"
  },
  {
    "elevationRange": {
      "ceiling": {
        "origin": "AGL",
        "units": "FEETS",
        "value": 1000.0
      },
      "floor": {
        "origin": "GND",
        "units": "NONE",
        "value": 0.0
      }
    },
    "geometry": {
      "coordinates": [
        {
          "index": 0,
          "latitude": 50.1203,
          "longitude": 14.5679
        }
      ],
      "radius": 555.6,
      "shape": "POINT"
    },
    "handle": 55607122,
    "identification": "LKD4",
    "name": "SATALICE",
    "note": {},
    "schedule": {},
    "sun": {
      "astronomicalDawn": "2020-11-20T04:46:00Z",
      "astronomicalDusk": "2020-11-20T14:48:00Z",
      "civilDawn": "2020-11-20T05:22:00Z",
      "civilDusk": "2020-11-20T14:12:00Z",
      "date": "2020-11-19T23:00:00Z"
    },
    "thumbprint": "e14be9accba75a146a13202b5d98c4db1463ef11899aec60da214bc1900bd7e2"
  },
  {
    "elevationRange": {
      "ceiling": {
        "origin": "FL",
        "units": "FEETS",
        "value": 9500.0
      },
      "floor": {
        "origin": "GND",
        "units": "NONE",
        "value": 0.0
      }
    },
    "geometry": {
      "coordinates": [
        {
          "index": 0,
          "latitude": 50.3049,
          "longitude": 13.1403
        }
      ],
      "radius": 12964.0,
      "shape": "POINT"
    },
    "handle": 1556346043,
    "identification": "LKD14",
    "name": "LESNÁ",
    "note": {},
    "schedule": {},
    "sun": {
      "astronomicalDawn": "2020-11-20T04:53:00Z",
      "astronomicalDusk": "2020-11-20T14:52:00Z",
      "civilDawn": "2020-11-20T05:29:00Z",
      "civilDusk": "2020-11-20T14:16:00Z",
      "date": "2020-11-19T23:00:00Z"
    },
    "thumbprint": "44fec9c05326379b72d2cffd4e0c3b97390451c9cde5577779b5d8fd1abb285a"
  },
  {
    "elevationRange": {
      "ceiling": {
        "origin": "AGL",
        "units": "FEETS",
        "value": 1000.0
      },
      "floor": {
        "origin": "GND",
        "units": "NONE",
        "value": 0.0
      }
    },
    "geometry": {
      "coordinates": [
        {
          "index": 0,
          "latitude": 49.2097,
          "longitude": 14.6826
        }
      ],
      "radius": 1481.6,
      "shape": "POINT"
    },
    "handle": 1480342594,
    "identification": "LKD5",
    "name": "VESELI NAD LUŽNICÍ",
    "note": {},
    "schedule": {},
    "sun": {
      "astronomicalDawn": "2020-11-20T04:43:00Z",
      "astronomicalDusk": "2020-11-20T14:50:00Z",
      "civilDawn": "2020-11-20T05:19:00Z",
      "civilDusk": "2020-11-20T14:15:00Z",
      "date": "2020-11-19T23:00:00Z"
    },
    "thumbprint": "22b56353b82deb8df3818eab1e1d880ad7f396a25559ddbb876d6eff97740faf"
  },
  {
    "elevationRange": {
      "ceiling": {
        "origin": "FL",
        "units": "FEETS",
        "value": 9500.0
      },
      "floor": {
        "origin": "GND",
        "units": "NONE",
        "value": 0.0
      }
    },
    "geometry": {
      "coordinates": [
        {
          "index": 0,
          "latitude": 50.6091,
          "longitude": 14.8429
        }
      ],
      "radius": 2500.2,
      "shape": "POINT"
    },
    "handle": 3881291243,
    "identification": "LKD7",
    "name": "STRAZISTE",
    "note": {},
    "schedule": {},
    "sun": {
      "astronomicalDawn": "2020-11-20T04:46:00Z",
      "astronomicalDusk": "2020-11-20T14:45:00Z",
      "civilDawn": "2020-11-20T05:23:00Z",
      "civilDusk": "2020-11-20T14:09:00Z",
      "date": "2020-11-19T23:00:00Z"
    },
    "thumbprint": "f281d9fff710fa7a9b52920ce097af22b7e6e29002b20eb99f1538c012292e3a"
  },
  {
    "elevationRange": {
      "ceiling": {
        "origin": "AGL",
        "units": "FEETS",
        "value": 1000.0
      },
      "floor": {
        "origin": "GND",
        "units": "NONE",
        "value": 0.0
      }
    },
    "geometry": {
      "coordinates": [
        {
          "index": 0,
          "latitude": 50.0169,
          "longitude": 14.9318
        }
      ],
      "radius": 1481.6,
      "shape": "POINT"
    },
    "handle": 3392527974,
    "identification": "LKD2",
    "name": "KOURIM",
    "note": {},
    "schedule": {},
    "sun": {
      "astronomicalDawn": "2020-11-20T04:44:00Z",
      "astronomicalDusk": "2020-11-20T14:47:00Z",
      "civilDawn": "2020-11-20T05:20:00Z",
      "civilDusk": "2020-11-20T14:11:00Z",
      "date": "2020-11-19T23:00:00Z"
    },
    "thumbprint": "a80b59e7e4a7b885ff90adba85b668ded4727e46296c48201f289903d4fe7f8b"
  },
  {
    "elevationRange": {
      "ceiling": {
        "origin": "FL",
        "units": "FEETS",
        "value": 9500.0
      },
      "floor": {
        "origin": "GND",
        "units": "NONE",
        "value": 0.0
      }
    },
    "geometry": {
      "coordinates": [
        {
          "index": 0,
          "latitude": 49.7494,
          "longitude": 13.9119
        }
      ],
      "radius": 2778.0,
      "shape": "POINT"
    },
    "handle": 431127952,
    "identification": "LKD9",
    "name": "BRDA",
    "note": {},
    "schedule": {},
    "sun": {
      "astronomicalDawn": "2020-11-20T04:48:00Z",
      "astronomicalDusk": "2020-11-20T14:52:00Z",
      "civilDawn": "2020-11-20T05:24:00Z",
      "civilDusk": "2020-11-20T14:16:00Z",
      "date": "2020-11-19T23:00:00Z"
    },
    "thumbprint": "4f00ace6533e93f786bfe53c101b0a1d591da74abb176c22a7b331dcdfa8b7b7"
  },
  {
    "elevationRange": {
      "ceiling": {
        "origin": "FL",
        "units": "FEETS",
        "value": 9500.0
      },
      "floor": {
        "origin": "GND",
        "units": "NONE",
        "value": 0.0
      }
    },
    "geometry": {
      "coordinates": [
        {
          "index": 0,
          "latitude": 49.6732,
          "longitude": 17.6015
        }
      ],
      "radius": 12964.0,
      "shape": "POINT"
    },
    "handle": 1556552164,
    "identification": "LKD13",
    "name": "MILOVANY",
    "note": {},
    "schedule": {},
    "sun": {
      "astronomicalDawn": "2020-11-20T04:33:00Z",
      "astronomicalDusk": "2020-11-20T14:36:00Z",
      "civilDawn": "2020-11-20T05:09:00Z",
      "civilDusk": "2020-11-20T14:00:00Z",
      "date": "2020-11-19T23:00:00Z"
    },
    "thumbprint": "0550216e2e7cf47721850abf2ea9befd72582e5d76babfdf16f0ab0a76dc4816"
  }
]