[
  {
    "elevationRange": {
      "ceiling": {
        "origin": "AGL",
        "units": "FEETS",
        "value": 1000.0
      },
      "floor": {
        "origin": "GND",
        "units": "NONE",
        "value": 0.0
      }
    },
    "geometry": {
      "coordinates": [
        {
          "index": 0,
          "latitude": 48.7807,
          "longitude": 16.9369
        }
      ],
      "radius": 1481.6,
      "shape": "POINT"
    },
    "handle": 3394603018,
    "identification": "LKD3",
    "name": "BRECLAV",
    "note": {},
    "schedule": {},
    "sun": {
      "astronomicalDawn": "2020-12-06T04:53:00Z",
      "astronomicalDusk": "2020-12-06T14:33:00Z",
      "civilDawn": "2020-12-06T05:30:00Z",
      "civilDusk": "2020-12-06T13:56:00Z",
      "date": "2020-12-05T23:00:00Z"
    },
    "thumbprint": "46ee772c6abbb5ade851619b55294f7868e2f56d818ed54b6d90da5e82a2f8ac"
  },
  {
    "elevationRange": {
      "ceiling": {
        "origin": "FL",
        "units": "FEETS",
        "value": 9500.0
      },
      "floor": {
        "origin": "GND",
        "units": "NONE",
        "value": 0.0
      }
    },
    "geometry": {
      "coordinates": [
        {
          "index": 0,
          "latitude": 49.7494,
          "longitude": 13.9119
        }
      ],
      "radius": 2778.0,
      "shape": "POINT"
    },
    "handle": 611471788,
    "identification": "LKD9",
    "name": "BRDA",
    "note": {},
    "schedule": {},
    "sun": {
      "astronomicalDawn": "2020-12-06T05:08:00Z",
      "astronomicalDusk": "2020-12-06T14:42:00Z",
      "civilDawn": "2020-12-06T05:46:00Z",
      "civilDusk": "2020-12-06T14:04:00Z",
      "date": "2020-12-05T23:00:00Z"
    },
    "thumbprint": "c4181e83eb0322b5910bd2f5b6d98ef5aa756494727c4c4bbe4d8ce8c9116f19"
  },
  {
    "elevationRange": {
      "ceiling": {
        "origin": "AGL",
        "units": "FEETS",
        "value": 1000.0
      },
      "floor": {
        "origin": "GND",
        "units": "NONE",
        "value": 0.0
      }
    },
    "geometry": {
      "coordinates": [
        {
          "index": 0,
          "latitude": 48.9019,
          "longitude": 16.6122
        },
        {
          "index": 1,
          "latitude": 48.8389,
          "longitude": 16.555
        },
        {
          "index": 2,
          "latitude": 48.8234,
          "longitude": 16.5942
        },
        {
          "index": 3,
          "latitude": 48.8864,
          "longitude": 16.6515
        },
        {
          "index": 4,
          "latitude": 48.9019,
          "longitude": 16.6122
        }
      ],
      "radius": 0.0,
      "shape": "POLYGON"
    },
    "handle": 2318768942,
    "identification": "LKD10",
    "name": "DOLNÍ DUNAJOVICE",
    "note": {},
    "schedule": {},
    "sun": {
      "astronomicalDawn": "2020-12-06T04:55:00Z",
      "astronomicalDusk": "2020-12-06T14:34:00Z",
      "civilDawn": "2020-12-06T05:31:00Z",
      "civilDusk": "2020-12-06T13:57:00Z",
      "date": "2020-12-05T23:00:00Z"
    },
    "thumbprint": "e08dc7e95fe9b6761ef99b80f15598e94926e6f53d5dcf16b924da542e56f29b"
  },
  {
    "elevationRange": {
      "ceiling": {
        "origin": "AGL",
        "units": "FEETS",
        "value": 1000.0
      },
      "floor": {
        "origin": "GND",
        "units": "NONE",
        "value": 0.0
      }
    },
    "geometry": {
      "coordinates": [
        {
          "index": 0,
          "latitude": 50.0169,
          "longitude": 14.9318
        }
      ],
      "radius": 1481.6,
      "shape": "POINT"
    },
    "handle": 1913474287,
    "identification": "LKD2",
    "name": "KOURIM",
    "note": {},
    "schedule": {},
    "sun": {
      "astronomicalDawn": "2020-12-06T05:05:00Z",
      "astronomicalDusk": "2020-12-06T14:37:00Z",
      "civilDawn": "2020-12-06T05:43:00Z",
      "civilDusk": "2020-12-06T13:59:00Z",
      "date": "2020-12-05T23:00:00Z"
    },
    "thumbprint": "bd4d90559870f84a806a14f93839aac1ca017d7a700c0c27285a273166457774"
  },
  {
    "elevationRange": {
      "ceiling": {
        "origin": "FL",
        "units": "FEETS",
        "value": 9500.0
      },
      "floor": {
        "origin": "GND",
        "units": "NONE",
        "value": 0.0
      }
    },
    "geometry": {
      "coordinates": [
        {
          "index": 0,
          "latitude": 50.3049,
          "longitude": 13.1403
        }
      ],
      "radius": 12964.0,
      "shape": "POINT"
    },
    "handle": 66281792,
    "identification": "LKD14",
    "name": "LESNÁ",
    "note": {},
    "schedule": {},
    "sun": {
      "astronomicalDawn": "2020-12-06T05:14:00Z",
      "astronomicalDusk": "2020-12-06T14:42:00Z",
      "civilDawn": "2020-12-06T05:52:00Z",
      "civilDusk": "2020-12-06T14:04:00Z",
      "date": "2020-12-05T23:00:00Z"
    },
    "thumbprint": "ebf4aecf2b5222da77c72e472955a45a04165eb1e123cad1b485e6ebd8d2d9a6"
  },
  {
    "elevationRange": {
      "ceiling": {
        "origin": "FL",
        "units": "FEETS",
        "value": 9500.0
      },
      "floor": {
        "origin": "GND",
        "units": "NONE",
        "value": 0.0
      }
    },
    "geometry": {
      "coordinates": [
        {
          "index": 0,
          "latitude": 49.6732,
          "longitude": 17.6015
        }
      ],
      "radius": 12964.0,
      "shape": "POINT"
    },
    "handle": 3440040498,
    "identification": "LKD13",
    "name": "MILOVANY",
    "note": {},
    "schedule": {},
    "sun": {
      "astronomicalDawn": "2020-12-06T04:54:00Z",
      "astronomicalDusk": "2020-12-06T14:27:00Z",
      "civilDawn": "2020-12-06T05:31:00Z",
      "civilDusk": "2020-12-06T13:49:00Z",
      "date": "2020-12-05T23:00:00Z"
    },
    "thumbprint": "ab58a1354809020c73c921169c85109924deba8f8db51f4df274d2e70f4ab485"
  },
  {
    "elevationRange": {
      "ceiling": {
        "origin": "AGL",
        "units": "FEETS",
        "value": 1000.0
      },
      "floor": {
        "origin": "GND",
        "units": "NONE",
        "value": 0.0
      }
    },
    "geometry": {
      "coordinates": [
        {
          "index": 0,
          "latitude": 48.871,
          "longitude": 17.0294
        }
      ],
      "radius": 1481.6,
      "shape": "POINT"
    },
    "handle": 432614992,
    "identification": "LKD6",
    "name": "DOLNÍ BOJANOVICE",
    "note": {},
    "schedule": {},
    "sun": {
      "astronomicalDawn": "2020-12-06T04:53:00Z",
      "astronomicalDusk": "2020-12-06T14:32:00Z",
      "civilDawn": "2020-12-06T05:30:00Z",
      "civilDusk": "2020-12-06T13:56:00Z",
      "date": "2020-12-05T23:00:00Z"
    },
    "thumbprint": "439314efe30af49eb87c2449e3cd37ed343106b19af5efe8f16ad42d11a98667"
  },
  {
    "elevationRange": {
      "ceiling": {
        "origin": "FL",
        "units": "FEETS",
        "value": 9500.0
      },
      "floor": {
        "origin": "GND",
        "units": "NONE",
        "value": 0.0
      }
    },
    "geometry": {
      "coordinates": [
        {
          "index": 0,
          "latitude": 50.6091,
          "longitude": 14.8429
        }
      ],
      "radius": 2500.2,
      "shape": "POINT"
    },
    "handle": 206091941,
    "identification": "LKD7",
    "name": "STRAZISTE",
    "note": {},
    "schedule": {},
    "sun": {
      "astronomicalDawn": "2020-12-06T05:07:00Z",
      "astronomicalDusk": "2020-12-06T14:35:00Z",
      "civilDawn": "2020-12-06T05:46:00Z",
      "civilDusk": "2020-12-06T13:57:00Z",
      "date": "2020-12-05T23:00:00Z"
    },
    "thumbprint": "b45edcbbf2da5b9367f3e04951c272367aacb68545ba2131760813bb54c6cb93"
  },
  {
    "elevationRange": {
      "ceiling": {
        "origin": "AGL",
        "units": "FEETS",
        "value": 1000.0
      },
      "floor": {
        "origin": "GND",
        "units": "NONE",
        "value": 0.0
      }
    },
    "geometry": {
      "coordinates": [
        {
          "index": 0,
          "latitude": 49.2097,
          "longitude": 14.6826
        }
      ],
      "radius": 1481.6,
      "shape": "POINT"
    },
    "handle": 4000205914,
    "identification": "LKD5",
    "name": "VESELI NAD LUŽNICÍ",
    "note": {},
    "schedule": {},
    "sun": {
      "astronomicalDawn": "2020-12-06T05:03:00Z",
      "astronomicalDusk": "2020-12-06T14:41:00Z",
      "civilDawn": "2020-12-06T05:40:00Z",
      "civilDusk": "2020-12-06T14:04:00Z",
      "date": "2020-12-05T23:00:00Z"
    },
    "thumbprint": "2bb3a080a4129a172cc30fe14d8ef3c48ade2b4bb1e882db6785858ede1190ca"
  },
  {
    "elevationRange": {
      "ceiling": {
        "origin": "AGL",
        "units": "FEETS",
        "value": 1000.0
      },
      "floor": {
        "origin": "GND",
        "units": "NONE",
        "value": 0.0
      }
    },
    "geometry": {
      "coordinates": [
        {
          "index": 0,
          "latitude": 49.2188,
          "longitude": 16.2143
        }
      ],
      "radius": 1481.6,
      "shape": "POINT"
    },
    "handle": 3579110647,
    "identification": "LKD1",
    "name": "KRALICE",
    "note": {},
    "schedule": {},
    "sun": {
      "astronomicalDawn": "2020-12-06T04:57:00Z",
      "astronomicalDusk": "2020-12-06T14:35:00Z",
      "civilDawn": "2020-12-06T05:34:00Z",
      "civilDusk": "2020-12-06T13:57:00Z",
      "date": "2020-12-05T23:00:00Z"
    },
    "thumbprint": "0d1c6dbcb29dfaac2c1ce78b22af4480189ee6a7f763c7cb2381247ebbf13a33"
  },
  {
    "elevationRange": {
      "ceiling": {
        "origin": "FL",
        "units": "FEETS",
        "value": 9500.0
      },
      "floor": {
        "origin": "GND",
        "units": "NONE",
        "value": 0.0
      }
    },
    "geometry": {
      "coordinates": [
        {
          "index": 0,
          "latitude": 48.8773,
          "longitude": 14.0716
        }
      ],
      "radius": 12964.0,
      "shape": "POINT"
    },
    "handle": 2906375082,
    "identification": "LKD11",
    "name": "CHLUM",
    "note": {},
    "schedule": {},
    "sun": {
      "astronomicalDawn": "2020-12-06T05:05:00Z",
      "astronomicalDusk": "2020-12-06T14:43:00Z",
      "civilDawn": "2020-12-06T05:42:00Z",
      "civilDusk": "2020-12-06T14:07:00Z",
      "date": "2020-12-05T23:00:00Z"
    },
    "thumbprint": "81f9d1dca6ae0be5d82b7b05da3cca0919e1b5eea6f2ff7c73bb1e031830dcf7"
  },
  {
    "elevationRange": {
      "ceiling": {
        "origin": "AGL",
        "units": "FEETS",
        "value": 1000.0
      },
      "floor": {
        "origin": "GND",
        "units": "NONE",
        "value": 0.0
      }
    },
    "geometry": {
      "coordinates": [
        {
          "index": 0,
          "latitude": 50.1203,
          "longitude": 14.5679
        }
      ],
      "radius": 555.6,
      "shape": "POINT"
    },
    "handle": 2522989025,
    "identification": "LKD4",
    "name": "SATALICE",
    "note": {},
    "schedule": {},
    "sun": {
      "astronomicalDawn": "2020-12-06T05:07:00Z",
      "astronomicalDusk": "2020-12-06T14:38:00Z",
      "civilDawn": "2020-12-06T05:45:00Z",
      "civilDusk": "2020-12-06T14:00:00Z",
      "date": "2020-12-05T23:00:00Z"
    },
    "thumbprint": "f32773bb878a5292be5aa0694ca7338248e0cf21995c236b4ae8ff35aaa65c52"
  }
]