[
  {
    "elevationRange": {
      "ceiling": {
        "origin": "AMSL",
        "units": "FEETS",
        "value": 5000.0
      },
      "floor": {
        "origin": "GND",
        "units": "NONE",
        "value": 0.0
      }
    },
    "geometry": {
      "coordinates": [
        {
          "index": 0,
          "latitude": 50.0908,
          "longitude": 14.4005
        }
      ],
      "radius": 1111.2,
      "shape": "POINT"
    },
    "handle": 302224206,
    "identification": "LKP1",
    "name": "PRAŽSKÝ HRAD",
    "sun": {
      "astronomicalDawn": "2020-11-20T04:47:00Z",
      "astronomicalDusk": "2020-11-20T14:49:00Z",
      "civilDawn": "2020-11-20T05:23:00Z",
      "civilDusk": "2020-11-20T14:12:00Z",
      "date": "2020-11-19T23:00:00Z"
    },
    "thumbprint": "e0f542d504929a7c7c237ba7cb343edbdf679e249f577a6b426969092e996cd9"
  },
  {
    "elevationRange": {
      "ceiling": {
        "origin": "AMSL",
        "units": "FEETS",
        "value": 5000.0
      },
      "floor": {
        "origin": "GND",
        "units": "NONE",
        "value": 0.0
      }
    },
    "geometry": {
      "coordinates": [
        {
          "index": 0,
          "latitude": 49.1802,
          "longitude": 14.3755
        }
      ],
      "radius": 2037.2,
      "shape": "POINT"
    },
    "handle": 1773465828,
    "identification": "LKP2",
    "name": "TEMELIN",
    "sun": {
      "astronomicalDawn": "2020-11-20T04:44:00Z",
      "astronomicalDusk": "2020-11-20T14:51:00Z",
      "civilDawn": "2020-11-20T05:20:00Z",
      "civilDusk": "2020-11-20T14:16:00Z",
      "date": "2020-11-19T23:00:00Z"
    },
    "thumbprint": "2d9c7b3e89b29f7863c9e6ee07847d9fd2ac20782f702a82fe62b44cc31ec8a1"
  },
  {
    "elevationRange": {
      "ceiling": {
        "origin": "AMSL",
        "units": "FEETS",
        "value": 2000.0
      },
      "floor": {
        "origin": "GND",
        "units": "NONE",
        "value": 0.0
      }
    },
    "geometry": {
      "coordinates": [
        {
          "index": 0,
          "latitude": 50.1791,
          "longitude": 14.3635
        }
      ],
      "radius": 1481.6,
      "shape": "POINT"
    },
    "handle": 3895052394,
    "identification": "LKP12",
    "name": "REZ",
    "sun": {
      "astronomicalDawn": "2020-11-20T04:47:00Z",
      "astronomicalDusk": "2020-11-20T14:49:00Z",
      "civilDawn": "2020-11-20T05:23:00Z",
      "civilDusk": "2020-11-20T14:12:00Z",
      "date": "2020-11-19T23:00:00Z"
    },
    "thumbprint": "24e60456c3a569d555d14918e42e40199cd63ab969511c3f76c0e0a8dc66c76e"
  },
  {
    "elevationRange": {
      "ceiling": {
        "origin": "AMSL",
        "units": "FEETS",
        "value": 3000.0
      },
      "floor": {
        "origin": "GND",
        "units": "NONE",
        "value": 0.0
      }
    },
    "geometry": {
      "coordinates": [
        {
          "index": 0,
          "latitude": 50.068,
          "longitude": 15.7115
        }
      ],
      "radius": 2129.8,
      "shape": "POINT"
    },
    "handle": 779871728,
    "identification": "LKP6",
    "name": "SEMTÍN",
    "sun": {
      "astronomicalDawn": "2020-11-20T04:41:00Z",
      "astronomicalDusk": "2020-11-20T14:43:00Z",
      "civilDawn": "2020-11-20T05:18:00Z",
      "civilDusk": "2020-11-20T14:07:00Z",
      "date": "2020-11-19T23:00:00Z"
    },
    "thumbprint": "75fceb352aa24e53802664d05ce49d57ff4d4dcc878e5165213824b897aa1a6d"
  },
  {
    "elevationRange": {
      "ceiling": {
        "origin": "AMSL",
        "units": "FEETS",
        "value": 5000.0
      },
      "floor": {
        "origin": "GND",
        "units": "NONE",
        "value": 0.0
      }
    },
    "geometry": {
      "coordinates": [
        {
          "index": 0,
          "latitude": 49.6794,
          "longitude": 16.2778
        }
      ],
      "radius": 1481.6,
      "shape": "POINT"
    },
    "handle": 3240349159,
    "identification": "LKP7",
    "name": "POLICKA",
    "sun": {
      "astronomicalDawn": "2020-11-20T04:38:00Z",
      "astronomicalDusk": "2020-11-20T14:42:00Z",
      "civilDawn": "2020-11-20T05:14:00Z",
      "civilDusk": "2020-11-20T14:06:00Z",
      "date": "2020-11-19T23:00:00Z"
    },
    "thumbprint": "26a356b407b4aa0261c287501ebd6879b295c99cc66895c697f58f350bd95c3f"
  },
  {
    "elevationRange": {
      "ceiling": {
        "origin": "AMSL",
        "units": "FEETS",
        "value": 5000.0
      },
      "floor": {
        "origin": "GND",
        "units": "NONE",
        "value": 0.0
      }
    },
    "geometry": {
      "coordinates": [
        {
          "index": 0,
          "latitude": 49.7066,
          "longitude": 14.8991
        },
        {
          "index": 1,
          "latitude": 49.6815,
          "longitude": 14.966
        },
        {
          "index": 2,
          "latitude": 49.6613,
          "longitude": 14.9319
        },
        {
          "index": 3,
          "latitude": 49.7066,
          "longitude": 14.8991
        }
      ],
      "radius": 0.0,
      "shape": "POLYGON"
    },
    "handle": 4107478034,
    "identification": "LKP4",
    "name": "VLASIM",
    "sun": {
      "astronomicalDawn": "2020-11-20T04:44:00Z",
      "astronomicalDusk": "2020-11-20T14:48:00Z",
      "civilDawn": "2020-11-20T05:19:00Z",
      "civilDusk": "2020-11-20T14:12:00Z",
      "date": "2020-11-19T23:00:00Z"
    },
    "thumbprint": "7fbbc32998a0b6dec03cc5686cc6b80720d076114089115a385913fbc1353eb1"
  },
  {
    "elevationRange": {
      "ceiling": {
        "origin": "AMSL",
        "units": "FEETS",
        "value": 4000.0
      },
      "floor": {
        "origin": "GND",
        "units": "NONE",
        "value": 0.0
      }
    },
    "geometry": {
      "coordinates": [
        {
          "index": 0,
          "latitude": 50.6564,
          "longitude": 14.0202
        }
      ],
      "radius": 926.0,
      "shape": "POINT"
    },
    "handle": 599736448,
    "identification": "LKP10",
    "name": "USTI NAD LABEM",
    "sun": {
      "astronomicalDawn": "2020-11-20T04:50:00Z",
      "astronomicalDusk": "2020-11-20T14:49:00Z",
      "civilDawn": "2020-11-20T05:26:00Z",
      "civilDusk": "2020-11-20T14:12:00Z",
      "date": "2020-11-19T23:00:00Z"
    },
    "thumbprint": "fd6a4756e14b79b42219e9515793a965c5f569226479ed3d82a30e899fe5133e"
  },
  {
    "elevationRange": {
      "ceiling": {
        "origin": "AMSL",
        "units": "FEETS",
        "value": 4000.0
      },
      "floor": {
        "origin": "GND",
        "units": "NONE",
        "value": 0.0
      }
    },
    "geometry": {
      "coordinates": [
        {
          "index": 0,
          "latitude": 50.5634,
          "longitude": 13.6034
        }
      ],
      "radius": 2500.2,
      "shape": "POINT"
    },
    "handle": 722032471,
    "identification": "LKP8",
    "name": "MOST",
    "sun": {
      "astronomicalDawn": "2020-11-20T04:51:00Z",
      "astronomicalDusk": "2020-11-20T14:51:00Z",
      "civilDawn": "2020-11-20T05:28:00Z",
      "civilDusk": "2020-11-20T14:14:00Z",
      "date": "2020-11-19T23:00:00Z"
    },
    "thumbprint": "77d6202ce165dc34cb2c4571f8e7e11978c0fbfdf4e017826530b00c466d3a1c"
  },
  {
    "elevationRange": {
      "ceiling": {
        "origin": "AMSL",
        "units": "FEETS",
        "value": 2000.0
      },
      "floor": {
        "origin": "GND",
        "units": "NONE",
        "value": 0.0
      }
    },
    "geometry": {
      "coordinates": [
        {
          "index": 0,
          "latitude": 50.275,
          "longitude": 14.5194
        }
      ],
      "radius": 1481.6,
      "shape": "POINT"
    },
    "handle": 3028164230,
    "identification": "LKP11",
    "name": "NERATOVICE",
    "sun": {
      "astronomicalDawn": "2020-11-20T04:47:00Z",
      "astronomicalDusk": "2020-11-20T14:48:00Z",
      "civilDawn": "2020-11-20T05:23:00Z",
      "civilDusk": "2020-11-20T14:11:00Z",
      "date": "2020-11-19T23:00:00Z"
    },
    "thumbprint": "73fff30ffc2dfe77b80d10f092b078d691a69f4ce1ff8d0f85a499692c20d509"
  },
  {
    "elevationRange": {
      "ceiling": {
        "origin": "AMSL",
        "units": "FEETS",
        "value": 5000.0
      },
      "floor": {
        "origin": "GND",
        "units": "NONE",
        "value": 0.0
      }
    },
    "geometry": {
      "coordinates": [
        {
          "index": 0,
          "latitude": 49.5927,
          "longitude": 14.5233
        }
      ],
      "radius": 2778.0,
      "shape": "POINT"
    },
    "handle": 2264782048,
    "identification": "LKP5",
    "name": "PRCICE",
    "sun": {
      "astronomicalDawn": "2020-11-20T04:45:00Z",
      "astronomicalDusk": "2020-11-20T14:49:00Z",
      "civilDawn": "2020-11-20T05:21:00Z",
      "civilDusk": "2020-11-20T14:14:00Z",
      "date": "2020-11-19T23:00:00Z"
    },
    "thumbprint": "ee4b41291f9d3cea0a3b760f9ea97eb97801fc8849467abba93aabcc12930598"
  },
  {
    "elevationRange": {
      "ceiling": {
        "origin": "AMSL",
        "units": "FEETS",
        "value": 5000.0
      },
      "floor": {
        "origin": "GND",
        "units": "NONE",
        "value": 0.0
      }
    },
    "geometry": {
      "coordinates": [
        {
          "index": 0,
          "latitude": 49.0858,
          "longitude": 16.1458
        }
      ],
      "radius": 2037.2,
      "shape": "POINT"
    },
    "handle": 1571663621,
    "identification": "LKP9",
    "name": "DUKOVANY",
    "sun": {
      "astronomicalDawn": "2020-11-20T04:37:00Z",
      "astronomicalDusk": "2020-11-20T14:44:00Z",
      "civilDawn": "2020-11-20T05:12:00Z",
      "civilDusk": "2020-11-20T14:09:00Z",
      "date": "2020-11-19T23:00:00Z"
    },
    "thumbprint": "2d9045e38900a570f6ba2dc91bd16d158b390e760ca8a84f00551571c95f4626"
  }
]