[
  {
    "elevationRange": {
      "ceiling": {
        "origin": "AGL",
        "units": "FEETS",
        "value": 1000.0
      },
      "floor": {
        "origin": "GND",
        "units": "NONE",
        "value": 0.0
      }
    },
    "geometry": {
      "coordinates": [
        {
          "index": 0,
          "latitude": 50.1194,
          "longitude": 16.0681
        },
        {
          "index": 1,
          "latitude": 50.0975,
          "longitude": 16.2964
        },
        {
          "index": 2,
          "latitude": 50.0033,
          "longitude": 16.2817
        },
        {
          "index": 3,
          "latitude": 50.0194,
          "longitude": 16.0808
        },
        {
          "index": 4,
          "latitude": 50.1194,
          "longitude": 16.0681
        }
      ],
      "radius": 0.0,
      "shape": "POLYGON"
    },
    "handle": 3503519596,
    "identification": "LKTRA73",
    "name": "BOROHRADEK",
    "sun": {
      "astronomicalDawn": "2020-12-06T05:01:00Z",
      "astronomicalDusk": "2020-12-06T14:31:00Z",
      "civilDawn": "2020-12-06T05:39:00Z",
      "civilDusk": "2020-12-06T13:53:00Z",
      "date": "2020-12-05T23:00:00Z"
    },
    "thumbprint": "b05b74d162b1621c38ed1f4d87417aeab3ce16ee1e1c18f948489d0611fd1553"
  },
  {
    "elevationRange": {
      "ceiling": {
        "origin": "AMSL",
        "units": "FEETS",
        "value": 3000.0
      },
      "floor": {
        "origin": "GND",
        "units": "NONE",
        "value": 0.0
      }
    },
    "geometry": {
      "coordinates": [
        {
          "index": 0,
          "latitude": 50.2758,
          "longitude": 16.0167
        },
        {
          "index": 1,
          "latitude": 50.2744,
          "longitude": 16.1667
        },
        {
          "index": 2,
          "latitude": 50.1583,
          "longitude": 16.2667
        },
        {
          "index": 3,
          "latitude": 50.1583,
          "longitude": 16.0667
        },
        {
          "index": 4,
          "latitude": 50.2758,
          "longitude": 16.0167
        }
      ],
      "radius": 0.0,
      "shape": "POLYGON"
    },
    "handle": 313255434,
    "identification": "LKTRA72",
    "name": "OPOCNO",
    "sun": {
      "astronomicalDawn": "2020-12-06T05:01:00Z",
      "astronomicalDusk": "2020-12-06T14:31:00Z",
      "civilDawn": "2020-12-06T05:40:00Z",
      "civilDusk": "2020-12-06T13:53:00Z",
      "date": "2020-12-05T23:00:00Z"
    },
    "thumbprint": "1d3824c60a7a70422df6e270872434a24e216cda6e658b3c4b5278ba254fe5f0"
  },
  {
    "elevationRange": {
      "ceiling": {
        "origin": "FL",
        "units": "FEETS",
        "value": 12500.0
      },
      "floor": {
        "origin": "AMSL",
        "units": "FEETS",
        "value": 5000.0
      }
    },
    "geometry": {
      "coordinates": [
        {
          "index": 0,
          "latitude": 49.3888,
          "longitude": 15.5405
        },
        {
          "index": 1,
          "latitude": 49.3451,
          "longitude": 15.6975
        },
        {
          "index": 2,
          "latitude": 49.2742,
          "longitude": 15.4456
        },
        {
          "index": 3,
          "latitude": 49.3035,
          "longitude": 15.4437
        },
        {
          "index": 4,
          "latitude": 49.3888,
          "longitude": 15.5405
        }
      ],
      "radius": 0.0,
      "shape": "POLYGON"
    },
    "handle": 295601544,
    "identification": "LKTRA16",
    "name": "TREST",
    "sun": {
      "astronomicalDawn": "2020-12-06T05:01:00Z",
      "astronomicalDusk": "2020-12-06T14:36:00Z",
      "civilDawn": "2020-12-06T05:38:00Z",
      "civilDusk": "2020-12-06T13:59:00Z",
      "date": "2020-12-05T23:00:00Z"
    },
    "thumbprint": "92163be5022804909f5f835a4893e4edc84458d784394fbfa9836ecf91832ed2"
  },
  {
    "elevationRange": {
      "ceiling": {
        "origin": "FL",
        "units": "FEETS",
        "value": 12500.0
      },
      "floor": {
        "origin": "AMSL",
        "units": "FEETS",
        "value": 3000.0
      }
    },
    "geometry": {
      "coordinates": [
        {
          "index": 0,
          "latitude": 48.9649,
          "longitude": 16.2367
        },
        {
          "index": 1,
          "latitude": 48.8854,
          "longitude": 16.4
        },
        {
          "index": 2,
          "latitude": 48.863,
          "longitude": 16.3638
        },
        {
          "index": 3,
          "latitude": 48.9121,
          "longitude": 16.2564
        },
        {
          "index": 4,
          "latitude": 48.9649,
          "longitude": 16.2367
        }
      ],
      "radius": 0.0,
      "shape": "POLYGON"
    },
    "handle": 3197573693,
    "identification": "LKTRA11",
    "name": "MIROSLAV",
    "sun": {
      "astronomicalDawn": "2020-12-06T04:56:00Z",
      "astronomicalDusk": "2020-12-06T14:35:00Z",
      "civilDawn": "2020-12-06T05:33:00Z",
      "civilDusk": "2020-12-06T13:58:00Z",
      "date": "2020-12-05T23:00:00Z"
    },
    "thumbprint": "713dd91ccf953354c57433bd2c577bfc35ecd48d36edbb9eef08d7fdafc0d1a9"
  },
  {
    "elevationRange": {
      "ceiling": {
        "origin": "AGL",
        "units": "FEETS",
        "value": 1000.0
      },
      "floor": {
        "origin": "GND",
        "units": "NONE",
        "value": 0.0
      }
    },
    "geometry": {
      "coordinates": [
        {
          "index": 0,
          "latitude": 49.3229,
          "longitude": 15.7776
        },
        {
          "index": 1,
          "latitude": 49.2841,
          "longitude": 15.9165
        },
        {
          "index": 2,
          "latitude": 49.2469,
          "longitude": 15.8683
        },
        {
          "index": 3,
          "latitude": 49.1858,
          "longitude": 15.7816
        },
        {
          "index": 4,
          "latitude": 49.273,
          "longitude": 15.7071
        },
        {
          "index": 5,
          "latitude": 49.3229,
          "longitude": 15.7776
        }
      ],
      "radius": 0.0,
      "shape": "POLYGON"
    },
    "handle": 3956851922,
    "identification": "LKTRA17",
    "name": "OKRISKY",
    "sun": {
      "astronomicalDawn": "2020-12-06T04:59:00Z",
      "astronomicalDusk": "2020-12-06T14:36:00Z",
      "civilDawn": "2020-12-06T05:36:00Z",
      "civilDusk": "2020-12-06T13:58:00Z",
      "date": "2020-12-05T23:00:00Z"
    },
    "thumbprint": "84686d5f805caee0685b7875abb1e8cf7b958cbd4ff21117ffd00163ae41c9ef"
  },
  {
    "elevationRange": {
      "ceiling": {
        "origin": "FL",
        "units": "FEETS",
        "value": 12500.0
      },
      "floor": {
        "origin": "AGL",
        "units": "FEETS",
        "value": 1000.0
      }
    },
    "geometry": {
      "coordinates": [
        {
          "index": 0,
          "latitude": 50.3069,
          "longitude": 15.7423
        },
        {
          "index": 1,
          "latitude": 50.1468,
          "longitude": 15.7402
        },
        {
          "index": 2,
          "latitude": 50.1519,
          "longitude": 15.3811
        },
        {
          "index": 3,
          "latitude": 50.1858,
          "longitude": 15.3821
        },
        {
          "index": 4,
          "latitude": 50.3111,
          "longitude": 15.3857
        },
        {
          "index": 5,
          "latitude": 50.3069,
          "longitude": 15.7423
        }
      ],
      "radius": 0.0,
      "shape": "POLYGON"
    },
    "handle": 2890216823,
    "identification": "LKTRA56",
    "name": "NOVÝ BYDZOV",
    "sun": {
      "astronomicalDawn": "2020-12-06T05:04:00Z",
      "astronomicalDusk": "2020-12-06T14:33:00Z",
      "civilDawn": "2020-12-06T05:42:00Z",
      "civilDusk": "2020-12-06T13:55:00Z",
      "date": "2020-12-05T23:00:00Z"
    },
    "thumbprint": "491fdf333687922b4aaee814187a2ade73363cd6252948ec91bd1821e97c492e"
  },
  {
    "elevationRange": {
      "ceiling": {
        "origin": "FL",
        "units": "FEETS",
        "value": 12500.0
      },
      "floor": {
        "origin": "AMSL",
        "units": "FEETS",
        "value": 3000.0
      }
    },
    "geometry": {
      "coordinates": [
        {
          "index": 0,
          "latitude": 50.277,
          "longitude": 15.929
        },
        {
          "index": 1,
          "latitude": 50.274,
          "longitude": 16.2078
        },
        {
          "index": 2,
          "latitude": 50.1088,
          "longitude": 16.3664
        },
        {
          "index": 3,
          "latitude": 50.1375,
          "longitude": 15.9682
        },
        {
          "index": 4,
          "latitude": 50.277,
          "longitude": 15.929
        }
      ],
      "radius": 0.0,
      "shape": "POLYGON"
    },
    "handle": 3122081446,
    "identification": "LKTRA57",
    "name": "VAMBERK",
    "sun": {
      "astronomicalDawn": "2020-12-06T05:02:00Z",
      "astronomicalDusk": "2020-12-06T14:31:00Z",
      "civilDawn": "2020-12-06T05:40:00Z",
      "civilDusk": "2020-12-06T13:53:00Z",
      "date": "2020-12-05T23:00:00Z"
    },
    "thumbprint": "d5bcdfa75e24c4b13f581ceec68ee9d6fd134ecd35e5773fb870b222344dadba"
  },
  {
    "elevationRange": {
      "ceiling": {
        "origin": "FL",
        "units": "FEETS",
        "value": 12500.0
      },
      "floor": {
        "origin": "GND",
        "units": "NONE",
        "value": 0.0
      }
    },
    "geometry": {
      "coordinates": [
        {
          "index": 0,
          "latitude": 49.0287,
          "longitude": 16.1055
        },
        {
          "index": 1,
          "latitude": 48.9649,
          "longitude": 16.2367
        },
        {
          "index": 2,
          "latitude": 48.9121,
          "longitude": 16.2564
        },
        {
          "index": 3,
          "latitude": 48.863,
          "longitude": 16.3638
        },
        {
          "index": 4,
          "latitude": 48.7934,
          "longitude": 16.2574
        },
        {
          "index": 5,
          "latitude": 48.8157,
          "longitude": 16.1811
        },
        {
          "index": 6,
          "latitude": 48.9114,
          "longitude": 15.9746
        },
        {
          "index": 7,
          "latitude": 49.0287,
          "longitude": 16.1055
        }
      ],
      "radius": 0.0,
      "shape": "POLYGON"
    },
    "handle": 3164408564,
    "identification": "LKTRA12",
    "name": "UNANOV",
    "sun": {
      "astronomicalDawn": "2020-12-06T04:57:00Z",
      "astronomicalDusk": "2020-12-06T14:35:00Z",
      "civilDawn": "2020-12-06T05:34:00Z",
      "civilDusk": "2020-12-06T13:58:00Z",
      "date": "2020-12-05T23:00:00Z"
    },
    "thumbprint": "9b492db5dfe6e22b9486d62436cd080b865d7a1f47535efb0a5ad85e9333d024"
  },
  {
    "elevationRange": {
      "ceiling": {
        "origin": "FL",
        "units": "FEETS",
        "value": 24500.0
      },
      "floor": {
        "origin": "AMSL",
        "units": "FEETS",
        "value": 5000.0
      }
    },
    "geometry": {
      "coordinates": [
        {
          "index": 0,
          "latitude": 49.8708,
          "longitude": 16.3133
        },
        {
          "index": 1,
          "latitude": 49.8932,
          "longitude": 16.498
        },
        {
          "index": 2,
          "latitude": 49.7153,
          "longitude": 16.5868
        },
        {
          "index": 3,
          "latitude": 49.6271,
          "longitude": 16.3789
        },
        {
          "index": 4,
          "latitude": 49.7693,
          "longitude": 15.8496
        },
        {
          "index": 5,
          "latitude": 49.8441,
          "longitude": 15.7083
        },
        {
          "index": 6,
          "latitude": 49.8708,
          "longitude": 16.3133
        }
      ],
      "radius": 0.0,
      "shape": "POLYGON"
    },
    "handle": 1777370418,
    "identification": "LKTRA32",
    "name": "PROSEČ",
    "sun": {
      "astronomicalDawn": "2020-12-06T05:01:00Z",
      "astronomicalDusk": "2020-12-06T14:31:00Z",
      "civilDawn": "2020-12-06T05:39:00Z",
      "civilDusk": "2020-12-06T13:54:00Z",
      "date": "2020-12-05T23:00:00Z"
    },
    "thumbprint": "b5b2a4f215a8471b81e41c6202f8cb9e726422a75f6eb41fed89aa7b912f369d"
  },
  {
    "elevationRange": {
      "ceiling": {
        "origin": "FL",
        "units": "FEETS",
        "value": 24500.0
      },
      "floor": {
        "origin": "FL",
        "units": "FEETS",
        "value": 9500.0
      }
    },
    "geometry": {
      "coordinates": [
        {
          "index": 0,
          "latitude": 50.1649,
          "longitude": 16.4533
        },
        {
          "index": 1,
          "latitude": 50.0382,
          "longitude": 16.6975
        },
        {
          "index": 2,
          "latitude": 50.183,
          "longitude": 17.0482
        },
        {
          "index": 3,
          "latitude": 49.9833,
          "longitude": 17.2667
        },
        {
          "index": 4,
          "latitude": 49.8932,
          "longitude": 16.498
        },
        {
          "index": 5,
          "latitude": 49.8708,
          "longitude": 16.3133
        },
        {
          "index": 6,
          "latitude": 50.1088,
          "longitude": 16.3664
        },
        {
          "index": 7,
          "latitude": 50.1649,
          "longitude": 16.4533
        }
      ],
      "radius": 0.0,
      "shape": "POLYGON"
    },
    "handle": 3644479602,
    "identification": "LKTRA35",
    "name": "ŠUMPERK",
    "sun": {
      "astronomicalDawn": "2020-12-06T05:00:00Z",
      "astronomicalDusk": "2020-12-06T14:28:00Z",
      "civilDawn": "2020-12-06T05:37:00Z",
      "civilDusk": "2020-12-06T13:50:00Z",
      "date": "2020-12-05T23:00:00Z"
    },
    "thumbprint": "ce1eeb90ac6ee1758e5643fe5d1d600366c1e3f974a1b77315479550567339c7"
  },
  {
    "elevationRange": {
      "ceiling": {
        "origin": "FL",
        "units": "FEETS",
        "value": 9500.0
      },
      "floor": {
        "origin": "AGL",
        "units": "FEETS",
        "value": 1000.0
      }
    },
    "geometry": {
      "coordinates": [
        {
          "index": 0,
          "latitude": 49.1779,
          "longitude": 14.4248
        },
        {
          "index": 1,
          "latitude": 49.1225,
          "longitude": 14.4991
        },
        {
          "index": 2,
          "latitude": 49.0498,
          "longitude": 14.3527
        },
        {
          "index": 3,
          "latitude": 48.8091,
          "longitude": 14.2714
        },
        {
          "index": 4,
          "latitude": 48.9166,
          "longitude": 14.1324
        },
        {
          "index": 5,
          "latitude": 48.9116,
          "longitude": 13.8927
        },
        {
          "index": 6,
          "latitude": 49.0963,
          "longitude": 14.2605
        },
        {
          "index": 7,
          "latitude": 49.1779,
          "longitude": 14.4248
        }
      ],
      "radius": 0.0,
      "shape": "POLYGON"
    },
    "handle": 1720285957,
    "identification": "LKTRA74",
    "name": "VOLARY",
    "sun": {
      "astronomicalDawn": "2020-12-06T05:06:00Z",
      "astronomicalDusk": "2020-12-06T14:42:00Z",
      "civilDawn": "2020-12-06T05:42:00Z",
      "civilDusk": "2020-12-06T14:05:00Z",
      "date": "2020-12-05T23:00:00Z"
    },
    "thumbprint": "23cba591cc6dec7a6d76b43baa36112b2dddaae5b738505a716c2d9e5931edf9"
  },
  {
    "elevationRange": {
      "ceiling": {
        "origin": "FL",
        "units": "FEETS",
        "value": 24500.0
      },
      "floor": {
        "origin": "AGL",
        "units": "FEETS",
        "value": 1000.0
      }
    },
    "geometry": {
      "coordinates": [
        {
          "index": 0,
          "latitude": 49.6411,
          "longitude": 14.301
        },
        {
          "index": 1,
          "latitude": 49.3947,
          "longitude": 14.6118
        },
        {
          "index": 2,
          "latitude": 49.2276,
          "longitude": 14.358
        },
        {
          "index": 3,
          "latitude": 49.1255,
          "longitude": 14.2025
        },
        {
          "index": 4,
          "latitude": 49.3325,
          "longitude": 13.8991
        },
        {
          "index": 5,
          "latitude": 49.6411,
          "longitude": 14.301
        }
      ],
      "radius": 0.0,
      "shape": "POLYGON"
    },
    "handle": 3937084809,
    "identification": "LKTRA77",
    "name": "MILEVSKO",
    "sun": {
      "astronomicalDawn": "2020-12-06T05:07:00Z",
      "astronomicalDusk": "2020-12-06T14:40:00Z",
      "civilDawn": "2020-12-06T05:44:00Z",
      "civilDusk": "2020-12-06T14:03:00Z",
      "date": "2020-12-05T23:00:00Z"
    },
    "thumbprint": "d97cb95cb3875e0bc589329c2e48f83d3af4a936adc8cc9bac8879f1fea2ec07"
  },
  {
    "elevationRange": {
      "ceiling": {
        "origin": "FL",
        "units": "FEETS",
        "value": 24500.0
      },
      "floor": {
        "origin": "AGL",
        "units": "FEETS",
        "value": 1000.0
      }
    },
    "geometry": {
      "coordinates": [
        {
          "index": 0,
          "latitude": 49.7693,
          "longitude": 15.8496
        },
        {
          "index": 1,
          "latitude": 49.6271,
          "longitude": 16.3789
        },
        {
          "index": 2,
          "latitude": 49.5599,
          "longitude": 16.2219
        },
        {
          "index": 3,
          "latitude": 49.5124,
          "longitude": 16.1112
        },
        {
          "index": 4,
          "latitude": 49.6091,
          "longitude": 15.6571
        },
        {
          "index": 5,
          "latitude": 49.6808,
          "longitude": 15.7431
        },
        {
          "index": 6,
          "latitude": 49.7693,
          "longitude": 15.8496
        }
      ],
      "radius": 0.0,
      "shape": "POLYGON"
    },
    "handle": 1899227506,
    "identification": "LKTRA31",
    "name": "ŽĎÁR NAD SÁZAVOU",
    "sun": {
      "astronomicalDawn": "2020-12-06T05:01:00Z",
      "astronomicalDusk": "2020-12-06T14:33:00Z",
      "civilDawn": "2020-12-06T05:38:00Z",
      "civilDusk": "2020-12-06T13:55:00Z",
      "date": "2020-12-05T23:00:00Z"
    },
    "thumbprint": "31ec0f9daf506aae93800075fa71cd782448a0169eb12a9de2d77dfb7e573bc7"
  },
  {
    "elevationRange": {
      "ceiling": {
        "origin": "FL",
        "units": "FEETS",
        "value": 12500.0
      },
      "floor": {
        "origin": "FL",
        "units": "FEETS",
        "value": 9500.0
      }
    },
    "geometry": {
      "coordinates": [
        {
          "index": 0,
          "latitude": 49.3855,
          "longitude": 15.8771
        },
        {
          "index": 1,
          "latitude": 49.37,
          "longitude": 15.9818
        },
        {
          "index": 2,
          "latitude": 49.2935,
          "longitude": 16.1295
        },
        {
          "index": 3,
          "latitude": 49.2853,
          "longitude": 16.1456
        },
        {
          "index": 4,
          "latitude": 49.23,
          "longitude": 16.2519
        },
        {
          "index": 5,
          "latitude": 49.2012,
          "longitude": 16.3067
        },
        {
          "index": 6,
          "latitude": 49.0358,
          "longitude": 16.6213
        },
        {
          "index": 7,
          "latitude": 48.8854,
          "longitude": 16.4
        },
        {
          "index": 8,
          "latitude": 48.9649,
          "longitude": 16.2367
        },
        {
          "index": 9,
          "latitude": 49.0287,
          "longitude": 16.1055
        },
        {
          "index": 10,
          "latitude": 49.1186,
          "longitude": 15.9202
        },
        {
          "index": 11,
          "latitude": 49.1858,
          "longitude": 15.7816
        },
        {
          "index": 12,
          "latitude": 49.273,
          "longitude": 15.7071
        },
        {
          "index": 13,
          "latitude": 49.3229,
          "longitude": 15.7776
        },
        {
          "index": 14,
          "latitude": 49.3855,
          "longitude": 15.8771
        }
      ],
      "radius": 0.0,
      "shape": "POLYGON"
    },
    "handle": 4249058773,
    "identification": "LKTRA18",
    "name": "NAMEST",
    "sun": {
      "astronomicalDawn": "2020-12-06T04:59:00Z",
      "astronomicalDusk": "2020-12-06T14:34:00Z",
      "civilDawn": "2020-12-06T05:36:00Z",
      "civilDusk": "2020-12-06T13:57:00Z",
      "date": "2020-12-05T23:00:00Z"
    },
    "thumbprint": "25c1d224d82ef27f60074812ece826d97c92e42ce73900f55b4e0219cee56f6b"
  },
  {
    "elevationRange": {
      "ceiling": {
        "origin": "FL",
        "units": "FEETS",
        "value": 24500.0
      },
      "floor": {
        "origin": "AMSL",
        "units": "FEETS",
        "value": 3000.0
      }
    },
    "geometry": {
      "coordinates": [
        {
          "index": 0,
          "latitude": 50.4765,
          "longitude": 15.1698
        },
        {
          "index": 1,
          "latitude": 50.385,
          "longitude": 15.3878
        },
        {
          "index": 2,
          "latitude": 50.1858,
          "longitude": 15.3821
        },
        {
          "index": 3,
          "latitude": 50.1857,
          "longitude": 15.0567
        },
        {
          "index": 4,
          "latitude": 50.1856,
          "longitude": 14.9776
        },
        {
          "index": 5,
          "latitude": 50.1989,
          "longitude": 14.9733
        },
        {
          "index": 6,
          "latitude": 50.2076,
          "longitude": 14.9702
        },
        {
          "index": 7,
          "latitude": 50.2163,
          "longitude": 14.9667
        },
        {
          "index": 8,
          "latitude": 50.225,
          "longitude": 14.9631
        },
        {
          "index": 9,
          "latitude": 50.2359,
          "longitude": 14.958
        },
        {
          "index": 10,
          "latitude": 50.476,
          "longitude": 15.0011
        },
        {
          "index": 11,
          "latitude": 50.4765,
          "longitude": 15.1698
        }
      ],
      "radius": 0.0,
      "shape": "POLYGON"
    },
    "handle": 488768061,
    "identification": "LKTRA62",
    "name": "NYMBURK",
    "sun": {
      "astronomicalDawn": "2020-12-06T05:06:00Z",
      "astronomicalDusk": "2020-12-06T14:34:00Z",
      "civilDawn": "2020-12-06T05:45:00Z",
      "civilDusk": "2020-12-06T13:56:00Z",
      "date": "2020-12-05T23:00:00Z"
    },
    "thumbprint": "36fc1196d194c282d09efd19bb2b8bf86ce3071e3c80ed63959d48a586e125f0"
  },
  {
    "elevationRange": {
      "ceiling": {
        "origin": "FL",
        "units": "FEETS",
        "value": 24500.0
      },
      "floor": {
        "origin": "AGL",
        "units": "FEETS",
        "value": 1000.0
      }
    },
    "geometry": {
      "coordinates": [
        {
          "index": 0,
          "latitude": 49.3947,
          "longitude": 14.6118
        },
        {
          "index": 1,
          "latitude": 49.166,
          "longitude": 14.8963
        },
        {
          "index": 2,
          "latitude": 49.0519,
          "longitude": 14.8402
        },
        {
          "index": 3,
          "latitude": 48.985,
          "longitude": 14.6825
        },
        {
          "index": 4,
          "latitude": 49.2276,
          "longitude": 14.358
        },
        {
          "index": 5,
          "latitude": 49.3947,
          "longitude": 14.6118
        }
      ],
      "radius": 0.0,
      "shape": "POLYGON"
    },
    "handle": 236195950,
    "identification": "LKTRA78",
    "name": "SOBĚSLAV",
    "sun": {
      "astronomicalDawn": "2020-12-06T05:05:00Z",
      "astronomicalDusk": "2020-12-06T14:40:00Z",
      "civilDawn": "2020-12-06T05:42:00Z",
      "civilDusk": "2020-12-06T14:03:00Z",
      "date": "2020-12-05T23:00:00Z"
    },
    "thumbprint": "db0a8fb68d893dd3dc369cd5fda4ea2869da7d12590011356c0cf37898219665"
  },
  {
    "elevationRange": {
      "ceiling": {
        "origin": "FL",
        "units": "FEETS",
        "value": 7500.0
      },
      "floor": {
        "origin": "AGL",
        "units": "FEETS",
        "value": 1000.0
      }
    },
    "geometry": {
      "coordinates": [
        {
          "index": 0,
          "latitude": 49.6991,
          "longitude": 14.2277
        },
        {
          "index": 1,
          "latitude": 49.6411,
          "longitude": 14.301
        },
        {
          "index": 2,
          "latitude": 49.3325,
          "longitude": 13.8991
        },
        {
          "index": 3,
          "latitude": 49.4646,
          "longitude": 13.6831
        },
        {
          "index": 4,
          "latitude": 49.6991,
          "longitude": 14.2277
        }
      ],
      "radius": 0.0,
      "shape": "POLYGON"
    },
    "handle": 440273421,
    "identification": "LKTRA76",
    "name": "BLATNA",
    "sun": {
      "astronomicalDawn": "2020-12-06T05:08:00Z",
      "astronomicalDusk": "2020-12-06T14:41:00Z",
      "civilDawn": "2020-12-06T05:45:00Z",
      "civilDusk": "2020-12-06T14:03:00Z",
      "date": "2020-12-05T23:00:00Z"
    },
    "thumbprint": "3c81f2b3416170ba6a9ffaaae49a26fdd1cbc5300c6fe2f7bdc9aa11004b7009"
  },
  {
    "elevationRange": {
      "ceiling": {
        "origin": "FL",
        "units": "FEETS",
        "value": 24500.0
      },
      "floor": {
        "origin": "FL",
        "units": "FEETS",
        "value": 12500.0
      }
    },
    "geometry": {
      "coordinates": [
        {
          "index": 0,
          "latitude": 50.385,
          "longitude": 15.3878
        },
        {
          "index": 1,
          "latitude": 50.1375,
          "longitude": 15.9682
        },
        {
          "index": 2,
          "latitude": 50.1088,
          "longitude": 16.3664
        },
        {
          "index": 3,
          "latitude": 49.8708,
          "longitude": 16.3133
        },
        {
          "index": 4,
          "latitude": 49.8441,
          "longitude": 15.7083
        },
        {
          "index": 5,
          "latitude": 49.9299,
          "longitude": 15.5866
        },
        {
          "index": 6,
          "latitude": 50.0563,
          "longitude": 15.4071
        },
        {
          "index": 7,
          "latitude": 50.1519,
          "longitude": 15.3811
        },
        {
          "index": 8,
          "latitude": 50.1858,
          "longitude": 15.3821
        },
        {
          "index": 9,
          "latitude": 50.385,
          "longitude": 15.3878
        }
      ],
      "radius": 0.0,
      "shape": "POLYGON"
    },
    "handle": 4044188042,
    "identification": "LKTRA36",
    "name": "HOLICE",
    "sun": {
      "astronomicalDawn": "2020-12-06T05:04:00Z",
      "astronomicalDusk": "2020-12-06T14:31:00Z",
      "civilDawn": "2020-12-06T05:43:00Z",
      "civilDusk": "2020-12-06T13:53:00Z",
      "date": "2020-12-05T23:00:00Z"
    },
    "thumbprint": "02b34b72df63a12e8025c7f688ec4ea1401b05694f1afa1133f1c9731c2c6c05"
  },
  {
    "elevationRange": {
      "ceiling": {
        "origin": "FL",
        "units": "FEETS",
        "value": 9500.0
      },
      "floor": {
        "origin": "GND",
        "units": "NONE",
        "value": 0.0
      }
    },
    "geometry": {
      "coordinates": [
        {
          "index": 0,
          "latitude": 49.4478,
          "longitude": 17.1339
        }
      ],
      "radius": 5556.0,
      "shape": "POINT"
    },
    "handle": 2327069986,
    "identification": "LKTRA6",
    "name": "PROSTEJOV",
    "sun": {
      "astronomicalDawn": "2020-12-06T04:55:00Z",
      "astronomicalDusk": "2020-12-06T14:30:00Z",
      "civilDawn": "2020-12-06T05:32:00Z",
      "civilDusk": "2020-12-06T13:53:00Z",
      "date": "2020-12-05T23:00:00Z"
    },
    "thumbprint": "2bf8cfa887f581ff6d2ef76ecd347d3b7f0323a4af263e0da7dad9659b7759df"
  },
  {
    "elevationRange": {
      "ceiling": {
        "origin": "AGL",
        "units": "FEETS",
        "value": 1000.0
      },
      "floor": {
        "origin": "GND",
        "units": "NONE",
        "value": 0.0
      }
    },
    "geometry": {
      "coordinates": [
        {
          "index": 0,
          "latitude": 50.2919,
          "longitude": 15.4769
        },
        {
          "index": 1,
          "latitude": 50.26,
          "longitude": 15.7144
        },
        {
          "index": 2,
          "latitude": 50.2236,
          "longitude": 15.7319
        },
        {
          "index": 3,
          "latitude": 50.1483,
          "longitude": 15.6419
        },
        {
          "index": 4,
          "latitude": 50.1509,
          "longitude": 15.4592
        },
        {
          "index": 5,
          "latitude": 50.2919,
          "longitude": 15.4769
        }
      ],
      "radius": 0.0,
      "shape": "POLYGON"
    },
    "handle": 3706327619,
    "identification": "LKTRA71",
    "name": "SMIDARY",
    "sun": {
      "astronomicalDawn": "2020-12-06T05:04:00Z",
      "astronomicalDusk": "2020-12-06T14:33:00Z",
      "civilDawn": "2020-12-06T05:42:00Z",
      "civilDusk": "2020-12-06T13:55:00Z",
      "date": "2020-12-05T23:00:00Z"
    },
    "thumbprint": "8b63dfa2d7115e5ff7aa0e193adbb7fc9ba60a4aeed684f4463f61b99bb55d79"
  },
  {
    "elevationRange": {
      "ceiling": {
        "origin": "AMSL",
        "units": "FEETS",
        "value": 3000.0
      },
      "floor": {
        "origin": "GND",
        "units": "NONE",
        "value": 0.0
      }
    },
    "geometry": {
      "coordinates": [
        {
          "index": 0,
          "latitude": 50.3142,
          "longitude": 15.1594
        }
      ],
      "radius": 10186.0,
      "shape": "POINT"
    },
    "handle": 2721822544,
    "identification": "LKTRA61",
    "name": "KOPIDLNO",
    "sun": {
      "astronomicalDawn": "2020-12-06T05:06:00Z",
      "astronomicalDusk": "2020-12-06T14:35:00Z",
      "civilDawn": "2020-12-06T05:44:00Z",
      "civilDusk": "2020-12-06T13:56:00Z",
      "date": "2020-12-05T23:00:00Z"
    },
    "thumbprint": "79a24d4396852704e0774031101b6e11f29517f5ae5939ea1b9ed5d3e84a7a9b"
  },
  {
    "elevationRange": {
      "ceiling": {
        "origin": "FL",
        "units": "FEETS",
        "value": 12500.0
      },
      "floor": {
        "origin": "FL",
        "units": "FEETS",
        "value": 9500.0
      }
    },
    "geometry": {
      "coordinates": [
        {
          "index": 0,
          "latitude": 50.1519,
          "longitude": 15.3811
        },
        {
          "index": 1,
          "latitude": 50.1468,
          "longitude": 15.7402
        },
        {
          "index": 2,
          "latitude": 50.1375,
          "longitude": 15.9682
        },
        {
          "index": 3,
          "latitude": 50.1088,
          "longitude": 16.3664
        },
        {
          "index": 4,
          "latitude": 49.8708,
          "longitude": 16.3133
        },
        {
          "index": 5,
          "latitude": 49.8441,
          "longitude": 15.7083
        },
        {
          "index": 6,
          "latitude": 49.9299,
          "longitude": 15.5866
        },
        {
          "index": 7,
          "latitude": 50.0563,
          "longitude": 15.4071
        },
        {
          "index": 8,
          "latitude": 50.1519,
          "longitude": 15.3811
        }
      ],
      "radius": 0.0,
      "shape": "POLYGON"
    },
    "handle": 3964836319,
    "identification": "LKTRA63",
    "name": "PARDUBICE",
    "sun": {
      "astronomicalDawn": "2020-12-06T05:04:00Z",
      "astronomicalDusk": "2020-12-06T14:31:00Z",
      "civilDawn": "2020-12-06T05:42:00Z",
      "civilDusk": "2020-12-06T13:53:00Z",
      "date": "2020-12-05T23:00:00Z"
    },
    "thumbprint": "73b647974d1ac74ed00b5dd24193290fde5dac2659638b078b539949e36037ce"
  },
  {
    "elevationRange": {
      "ceiling": {
        "origin": "FL",
        "units": "FEETS",
        "value": 24500.0
      },
      "floor": {
        "origin": "AMSL",
        "units": "FEETS",
        "value": 5000.0
      }
    },
    "geometry": {
      "coordinates": [
        {
          "index": 0,
          "latitude": 49.8932,
          "longitude": 16.498
        },
        {
          "index": 1,
          "latitude": 49.9833,
          "longitude": 17.2667
        },
        {
          "index": 2,
          "latitude": 49.7766,
          "longitude": 17.541
        },
        {
          "index": 3,
          "latitude": 49.7422,
          "longitude": 17.4433
        },
        {
          "index": 4,
          "latitude": 49.6251,
          "longitude": 17.4058
        },
        {
          "index": 5,
          "latitude": 49.5997,
          "longitude": 17.3974
        },
        {
          "index": 6,
          "latitude": 49.4931,
          "longitude": 16.8764
        },
        {
          "index": 7,
          "latitude": 49.4592,
          "longitude": 16.7136
        },
        {
          "index": 8,
          "latitude": 49.7153,
          "longitude": 16.5868
        },
        {
          "index": 9,
          "latitude": 49.8932,
          "longitude": 16.498
        }
      ],
      "radius": 0.0,
      "shape": "POLYGON"
    },
    "handle": 2545533160,
    "identification": "LKTRA34",
    "name": "MOHELNICE",
    "sun": {
      "astronomicalDawn": "2020-12-06T04:58:00Z",
      "astronomicalDusk": "2020-12-06T14:27:00Z",
      "civilDawn": "2020-12-06T05:36:00Z",
      "civilDusk": "2020-12-06T13:50:00Z",
      "date": "2020-12-05T23:00:00Z"
    },
    "thumbprint": "e99faf77f412b2092546e8600fa132eb6838d21ce8f72b14c3f8d0713c6dfbab"
  },
  {
    "elevationRange": {
      "ceiling": {
        "origin": "FL",
        "units": "FEETS",
        "value": 24500.0
      },
      "floor": {
        "origin": "FL",
        "units": "FEETS",
        "value": 9500.0
      }
    },
    "geometry": {
      "coordinates": [
        {
          "index": 0,
          "latitude": 49.3325,
          "longitude": 13.8991
        },
        {
          "index": 1,
          "latitude": 49.1255,
          "longitude": 14.2025
        },
        {
          "index": 2,
          "latitude": 48.8512,
          "longitude": 14.7426
        },
        {
          "index": 3,
          "latitude": 48.8091,
          "longitude": 14.2714
        },
        {
          "index": 4,
          "latitude": 48.9166,
          "longitude": 14.1324
        },
        {
          "index": 5,
          "latitude": 48.9116,
          "longitude": 13.8927
        },
        {
          "index": 6,
          "latitude": 49.0535,
          "longitude": 13.5612
        },
        {
          "index": 7,
          "latitude": 49.3325,
          "longitude": 13.8991
        }
      ],
      "radius": 0.0,
      "shape": "POLYGON"
    },
    "handle": 1189494496,
    "identification": "LKTRA75",
    "name": "PRACHATICE",
    "sun": {
      "astronomicalDawn": "2020-12-06T05:07:00Z",
      "astronomicalDusk": "2020-12-06T14:42:00Z",
      "civilDawn": "2020-12-06T05:44:00Z",
      "civilDusk": "2020-12-06T14:05:00Z",
      "date": "2020-12-05T23:00:00Z"
    },
    "thumbprint": "81bc7ca8b2ae42b68c82a52832357001c17f6987f8aa4af0c9a3fcebf9b412c1"
  },
  {
    "elevationRange": {
      "ceiling": {
        "origin": "AGL",
        "units": "FEETS",
        "value": 1000.0
      },
      "floor": {
        "origin": "GND",
        "units": "NONE",
        "value": 0.0
      }
    },
    "geometry": {
      "coordinates": [
        {
          "index": 0,
          "latitude": 49.0972,
          "longitude": 16.3797
        },
        {
          "index": 1,
          "latitude": 49.0045,
          "longitude": 16.5753
        },
        {
          "index": 2,
          "latitude": 48.8854,
          "longitude": 16.4
        },
        {
          "index": 3,
          "latitude": 49.0177,
          "longitude": 16.2936
        },
        {
          "index": 4,
          "latitude": 49.0972,
          "longitude": 16.3797
        }
      ],
      "radius": 0.0,
      "shape": "POLYGON"
    },
    "handle": 303957583,
    "identification": "LKTRA10",
    "name": "POHORELICE",
    "sun": {
      "astronomicalDawn": "2020-12-06T04:56:00Z",
      "astronomicalDusk": "2020-12-06T14:34:00Z",
      "civilDawn": "2020-12-06T05:33:00Z",
      "civilDusk": "2020-12-06T13:57:00Z",
      "date": "2020-12-05T23:00:00Z"
    },
    "thumbprint": "96d222f57b9c92be78381b29630e93c6650540a6582c7042f0cac5c66610a5a4"
  },
  {
    "elevationRange": {
      "ceiling": {
        "origin": "FL",
        "units": "FEETS",
        "value": 12500.0
      },
      "floor": {
        "origin": "GND",
        "units": "NONE",
        "value": 0.0
      }
    },
    "geometry": {
      "coordinates": [
        {
          "index": 0,
          "latitude": 49.1858,
          "longitude": 15.7816
        },
        {
          "index": 1,
          "latitude": 49.1186,
          "longitude": 15.9202
        },
        {
          "index": 2,
          "latitude": 49.0124,
          "longitude": 15.7563
        },
        {
          "index": 3,
          "latitude": 49.1149,
          "longitude": 15.5344
        },
        {
          "index": 4,
          "latitude": 49.14,
          "longitude": 15.696
        },
        {
          "index": 5,
          "latitude": 49.1858,
          "longitude": 15.7816
        }
      ],
      "radius": 0.0,
      "shape": "POLYGON"
    },
    "handle": 4080932417,
    "identification": "LKTRA14",
    "name": "CASLAVICE",
    "sun": {
      "astronomicalDawn": "2020-12-06T05:00:00Z",
      "astronomicalDusk": "2020-12-06T14:36:00Z",
      "civilDawn": "2020-12-06T05:37:00Z",
      "civilDusk": "2020-12-06T13:59:00Z",
      "date": "2020-12-05T23:00:00Z"
    },
    "thumbprint": "58625252a4161b47757fd101c94d58e8cf5b6da8e1f0a8544a0b114e7d1459ee"
  },
  {
    "elevationRange": {
      "ceiling": {
        "origin": "FL",
        "units": "FEETS",
        "value": 12500.0
      },
      "floor": {
        "origin": "GND",
        "units": "NONE",
        "value": 0.0
      }
    },
    "geometry": {
      "coordinates": [
        {
          "index": 0,
          "latitude": 49.1186,
          "longitude": 15.9202
        },
        {
          "index": 1,
          "latitude": 49.0287,
          "longitude": 16.1055
        },
        {
          "index": 2,
          "latitude": 48.9114,
          "longitude": 15.9746
        },
        {
          "index": 3,
          "latitude": 49.0124,
          "longitude": 15.7563
        },
        {
          "index": 4,
          "latitude": 49.1186,
          "longitude": 15.9202
        }
      ],
      "radius": 0.0,
      "shape": "POLYGON"
    },
    "handle": 174060676,
    "identification": "LKTRA13",
    "name": "JEVISOVICE",
    "sun": {
      "astronomicalDawn": "2020-12-06T04:58:00Z",
      "astronomicalDusk": "2020-12-06T14:36:00Z",
      "civilDawn": "2020-12-06T05:35:00Z",
      "civilDusk": "2020-12-06T13:59:00Z",
      "date": "2020-12-05T23:00:00Z"
    },
    "thumbprint": "c0707f9fd58f39bcc67b8e75ab535c1e5b3b8e8453fca094a29caeafda22f48c"
  },
  {
    "elevationRange": {
      "ceiling": {
        "origin": "FL",
        "units": "FEETS",
        "value": 12500.0
      },
      "floor": {
        "origin": "AGL",
        "units": "FEETS",
        "value": 300.0
      }
    },
    "geometry": {
      "coordinates": [
        {
          "index": 0,
          "latitude": 49.3451,
          "longitude": 15.6975
        },
        {
          "index": 1,
          "latitude": 49.3229,
          "longitude": 15.7776
        },
        {
          "index": 2,
          "latitude": 49.273,
          "longitude": 15.7071
        },
        {
          "index": 3,
          "latitude": 49.1858,
          "longitude": 15.7816
        },
        {
          "index": 4,
          "latitude": 49.14,
          "longitude": 15.696
        },
        {
          "index": 5,
          "latitude": 49.1149,
          "longitude": 15.5344
        },
        {
          "index": 6,
          "latitude": 49.185,
          "longitude": 15.4514
        },
        {
          "index": 7,
          "latitude": 49.2742,
          "longitude": 15.4456
        },
        {
          "index": 8,
          "latitude": 49.3451,
          "longitude": 15.6975
        }
      ],
      "radius": 0.0,
      "shape": "POLYGON"
    },
    "handle": 2604352730,
    "identification": "LKTRA15",
    "name": "BRTNICE",
    "sun": {
      "astronomicalDawn": "2020-12-06T05:00:00Z",
      "astronomicalDusk": "2020-12-06T14:36:00Z",
      "civilDawn": "2020-12-06T05:38:00Z",
      "civilDusk": "2020-12-06T13:59:00Z",
      "date": "2020-12-05T23:00:00Z"
    },
    "thumbprint": "3caabd7e76afb60021a71c3db21411129b32054a33f351ea2aaa349bc1bc3f1c"
  },
  {
    "elevationRange": {
      "ceiling": {
        "origin": "FL",
        "units": "FEETS",
        "value": 24500.0
      },
      "floor": {
        "origin": "AMSL",
        "units": "FEETS",
        "value": 5000.0
      }
    },
    "geometry": {
      "coordinates": [
        {
          "index": 0,
          "latitude": 49.7153,
          "longitude": 16.5868
        },
        {
          "index": 1,
          "latitude": 49.4592,
          "longitude": 16.7136
        },
        {
          "index": 2,
          "latitude": 49.425,
          "longitude": 16.551
        },
        {
          "index": 3,
          "latitude": 49.5124,
          "longitude": 16.1112
        },
        {
          "index": 4,
          "latitude": 49.5599,
          "longitude": 16.2219
        },
        {
          "index": 5,
          "latitude": 49.6271,
          "longitude": 16.3789
        },
        {
          "index": 6,
          "latitude": 49.7153,
          "longitude": 16.5868
        }
      ],
      "radius": 0.0,
      "shape": "POLYGON"
    },
    "handle": 935991920,
    "identification": "LKTRA33",
    "name": "LETOVICE",
    "sun": {
      "astronomicalDawn": "2020-12-06T04:59:00Z",
      "astronomicalDusk": "2020-12-06T14:31:00Z",
      "civilDawn": "2020-12-06T05:36:00Z",
      "civilDusk": "2020-12-06T13:54:00Z",
      "date": "2020-12-05T23:00:00Z"
    },
    "thumbprint": "b4ce74121362db73fc96de98d7d04c65797335b15b03ec95742ab31287a98987"
  },
  {
    "elevationRange": {
      "ceiling": {
        "origin": "FL",
        "units": "FEETS",
        "value": 24500.0
      },
      "floor": {
        "origin": "FL",
        "units": "FEETS",
        "value": 9500.0
      }
    },
    "geometry": {
      "coordinates": [
        {
          "index": 0,
          "latitude": 49.2276,
          "longitude": 14.358
        },
        {
          "index": 1,
          "latitude": 48.985,
          "longitude": 14.6825
        },
        {
          "index": 2,
          "latitude": 49.0519,
          "longitude": 14.8402
        },
        {
          "index": 3,
          "latitude": 48.8512,
          "longitude": 14.7426
        },
        {
          "index": 4,
          "latitude": 49.1255,
          "longitude": 14.2025
        },
        {
          "index": 5,
          "latitude": 49.2276,
          "longitude": 14.358
        }
      ],
      "radius": 0.0,
      "shape": "POLYGON"
    },
    "handle": 1200635529,
    "identification": "LKTRA79",
    "name": "HOSIN",
    "sun": {
      "astronomicalDawn": "2020-12-06T05:05:00Z",
      "astronomicalDusk": "2020-12-06T14:41:00Z",
      "civilDawn": "2020-12-06T05:42:00Z",
      "civilDusk": "2020-12-06T14:04:00Z",
      "date": "2020-12-05T23:00:00Z"
    },
    "thumbprint": "13d70934f6c028bd7b7f5dec39b85705e5f486654b971cc02298ff9209f9aa63"
  },
  {
    "elevationRange": {
      "ceiling": {
        "origin": "FL",
        "units": "FEETS",
        "value": 66000.0
      },
      "floor": {
        "origin": "FL",
        "units": "FEETS",
        "value": 24500.0
      }
    },
    "geometry": {
      "coordinates": [
        {
          "index": 0,
          "latitude": 49.9663,
          "longitude": 15.0481
        },
        {
          "index": 1,
          "latitude": 49.9762,
          "longitude": 15.2954
        },
        {
          "index": 2,
          "latitude": 49.6808,
          "longitude": 15.7431
        },
        {
          "index": 3,
          "latitude": 49.6091,
          "longitude": 15.6571
        },
        {
          "index": 4,
          "latitude": 49.8349,
          "longitude": 15.1319
        },
        {
          "index": 5,
          "latitude": 49.9663,
          "longitude": 15.0481
        }
      ],
      "radius": 0.0,
      "shape": "POLYGON"
    },
    "handle": 4000702746,
    "identification": "LKTRA38",
    "name": "HABRY",
    "sun": {
      "astronomicalDawn": "2020-12-06T05:04:00Z",
      "astronomicalDusk": "2020-12-06T14:35:00Z",
      "civilDawn": "2020-12-06T05:42:00Z",
      "civilDusk": "2020-12-06T13:57:00Z",
      "date": "2020-12-05T23:00:00Z"
    },
    "thumbprint": "13fd5033a02b559dbc91c7f6f34db61a58e3cce4978a55e92580f9a636b845e6"
  },
  {
    "elevationRange": {
      "ceiling": {
        "origin": "FL",
        "units": "FEETS",
        "value": 24500.0
      },
      "floor": {
        "origin": "FL",
        "units": "FEETS",
        "value": 9500.0
      }
    },
    "geometry": {
      "coordinates": [
        {
          "index": 0,
          "latitude": 50.1858,
          "longitude": 15.3821
        },
        {
          "index": 1,
          "latitude": 50.1519,
          "longitude": 15.3811
        },
        {
          "index": 2,
          "latitude": 50.0563,
          "longitude": 15.4071
        },
        {
          "index": 3,
          "latitude": 49.9299,
          "longitude": 15.5866
        },
        {
          "index": 4,
          "latitude": 49.8441,
          "longitude": 15.7083
        },
        {
          "index": 5,
          "latitude": 49.7693,
          "longitude": 15.8496
        },
        {
          "index": 6,
          "latitude": 49.6808,
          "longitude": 15.7431
        },
        {
          "index": 7,
          "latitude": 49.6091,
          "longitude": 15.6571
        },
        {
          "index": 8,
          "latitude": 49.8349,
          "longitude": 15.1319
        },
        {
          "index": 9,
          "latitude": 49.9663,
          "longitude": 15.0481
        },
        {
          "index": 10,
          "latitude": 50.1857,
          "longitude": 15.0567
        },
        {
          "index": 11,
          "latitude": 50.1858,
          "longitude": 15.3821
        }
      ],
      "radius": 0.0,
      "shape": "POLYGON"
    },
    "handle": 1724920079,
    "identification": "LKTRA30",
    "name": "ČÁSLAV",
    "sun": {
      "astronomicalDawn": "2020-12-06T05:05:00Z",
      "astronomicalDusk": "2020-12-06T14:34:00Z",
      "civilDawn": "2020-12-06T05:43:00Z",
      "civilDusk": "2020-12-06T13:57:00Z",
      "date": "2020-12-05T23:00:00Z"
    },
    "thumbprint": "12fa027c2fb90f7e3307c25b92b110d041d8de9cf27c6adbd31e09ba5e1eb269"
  },
  {
    "elevationRange": {
      "ceiling": {
        "origin": "FL",
        "units": "FEETS",
        "value": 24500.0
      },
      "floor": {
        "origin": "FL",
        "units": "FEETS",
        "value": 12500.0
      }
    },
    "geometry": {
      "coordinates": [
        {
          "index": 0,
          "latitude": 49.3888,
          "longitude": 15.5405
        },
        {
          "index": 1,
          "latitude": 49.3451,
          "longitude": 15.6975
        },
        {
          "index": 2,
          "latitude": 49.3229,
          "longitude": 15.7776
        },
        {
          "index": 3,
          "latitude": 49.2841,
          "longitude": 15.9165
        },
        {
          "index": 4,
          "latitude": 49.2277,
          "longitude": 16.1474
        },
        {
          "index": 5,
          "latitude": 49.0177,
          "longitude": 16.2936
        },
        {
          "index": 6,
          "latitude": 48.8854,
          "longitude": 16.4
        },
        {
          "index": 7,
          "latitude": 48.863,
          "longitude": 16.3638
        },
        {
          "index": 8,
          "latitude": 48.7934,
          "longitude": 16.2574
        },
        {
          "index": 9,
          "latitude": 48.8157,
          "longitude": 16.1811
        },
        {
          "index": 10,
          "latitude": 48.9114,
          "longitude": 15.9746
        },
        {
          "index": 11,
          "latitude": 49.0124,
          "longitude": 15.7563
        },
        {
          "index": 12,
          "latitude": 49.1149,
          "longitude": 15.5344
        },
        {
          "index": 13,
          "latitude": 49.185,
          "longitude": 15.4514
        },
        {
          "index": 14,
          "latitude": 49.2742,
          "longitude": 15.4456
        },
        {
          "index": 15,
          "latitude": 49.3035,
          "longitude": 15.4437
        },
        {
          "index": 16,
          "latitude": 49.3888,
          "longitude": 15.5405
        }
      ],
      "radius": 0.0,
      "shape": "POLYGON"
    },
    "handle": 3595967231,
    "identification": "LKTRA19",
    "name": "TREBIC",
    "sun": {
      "astronomicalDawn": "2020-12-06T05:01:00Z",
      "astronomicalDusk": "2020-12-06T14:35:00Z",
      "civilDawn": "2020-12-06T05:38:00Z",
      "civilDusk": "2020-12-06T13:58:00Z",
      "date": "2020-12-05T23:00:00Z"
    },
    "thumbprint": "a8abf1a1f1b838effd2cb4f33154d132188b72904055e9b4f5acf93141ed5525"
  },
  {
    "elevationRange": {
      "ceiling": {
        "origin": "FL",
        "units": "FEETS",
        "value": 66000.0
      },
      "floor": {
        "origin": "FL",
        "units": "FEETS",
        "value": 9500.0
      }
    },
    "geometry": {
      "coordinates": [
        {
          "index": 0,
          "latitude": 50.7264,
          "longitude": 15.5049
        },
        {
          "index": 1,
          "latitude": 50.5393,
          "longitude": 16.041
        },
        {
          "index": 2,
          "latitude": 50.5316,
          "longitude": 16.1488
        },
        {
          "index": 3,
          "latitude": 50.442,
          "longitude": 16.0961
        },
        {
          "index": 4,
          "latitude": 50.3589,
          "longitude": 16.1717
        },
        {
          "index": 5,
          "latitude": 50.1649,
          "longitude": 16.4533
        },
        {
          "index": 6,
          "latitude": 50.1088,
          "longitude": 16.3664
        },
        {
          "index": 7,
          "latitude": 50.1375,
          "longitude": 15.9682
        },
        {
          "index": 8,
          "latitude": 50.385,
          "longitude": 15.3878
        },
        {
          "index": 9,
          "latitude": 50.4765,
          "longitude": 15.1698
        },
        {
          "index": 10,
          "latitude": 50.5666,
          "longitude": 15.0492
        },
        {
          "index": 11,
          "latitude": 50.6089,
          "longitude": 15.0953
        },
        {
          "index": 12,
          "latitude": 50.7264,
          "longitude": 15.5049
        }
      ],
      "radius": 0.0,
      "shape": "POLYGON"
    },
    "handle": 4160263779,
    "identification": "LKTRA37",
    "name": "NOVÁ PAKA",
    "sun": {
      "astronomicalDawn": "2020-12-06T05:06:00Z",
      "astronomicalDusk": "2020-12-06T14:31:00Z",
      "civilDawn": "2020-12-06T05:45:00Z",
      "civilDusk": "2020-12-06T13:52:00Z",
      "date": "2020-12-05T23:00:00Z"
    },
    "thumbprint": "17f12196d0bfd528d900173e9e1d641dca0cdb545ad6a18087f2f445246ecdf9"
  }
]