[
  {
    "elevationRange": {
      "ceiling": {
        "origin": "FL",
        "units": "FEETS",
        "value": 12500.0
      },
      "floor": {
        "origin": "AGL",
        "units": "FEETS",
        "value": 1000.0
      }
    },
    "geometry": {
      "coordinates": [
        {
          "index": 0,
          "latitude": 50.3069,
          "longitude": 15.7423
        },
        {
          "index": 1,
          "latitude": 50.1468,
          "longitude": 15.7402
        },
        {
          "index": 2,
          "latitude": 50.1519,
          "longitude": 15.3811
        },
        {
          "index": 3,
          "latitude": 50.1858,
          "longitude": 15.3821
        },
        {
          "index": 4,
          "latitude": 50.3111,
          "longitude": 15.3857
        },
        {
          "index": 5,
          "latitude": 50.3069,
          "longitude": 15.7423
        }
      ],
      "radius": 0.0,
      "shape": "POLYGON"
    },
    "handle": 103652455,
    "identification": "LKTRA56",
    "name": "NOVÝ BYDZOV",
    "sun": {
      "astronomicalDawn": "2020-11-20T04:43:00Z",
      "astronomicalDusk": "2020-11-20T14:43:00Z",
      "civilDawn": "2020-11-20T05:20:00Z",
      "civilDusk": "2020-11-20T14:06:00Z",
      "date": "2020-11-19T23:00:00Z"
    },
    "thumbprint": "1e18ba0b994dee674e802410833b3fd209c43bc76bee15e7fc11cfdab06f58ea"
  },
  {
    "elevationRange": {
      "ceiling": {
        "origin": "FL",
        "units": "FEETS",
        "value": 12500.0
      },
      "floor": {
        "origin": "GND",
        "units": "NONE",
        "value": 0.0
      }
    },
    "geometry": {
      "coordinates": [
        {
          "index": 0,
          "latitude": 49.1858,
          "longitude": 15.7816
        },
        {
          "index": 1,
          "latitude": 49.1186,
          "longitude": 15.9202
        },
        {
          "index": 2,
          "latitude": 49.0124,
          "longitude": 15.7563
        },
        {
          "index": 3,
          "latitude": 49.1149,
          "longitude": 15.5344
        },
        {
          "index": 4,
          "latitude": 49.14,
          "longitude": 15.696
        },
        {
          "index": 5,
          "latitude": 49.1858,
          "longitude": 15.7816
        }
      ],
      "radius": 0.0,
      "shape": "POLYGON"
    },
    "handle": 3295670046,
    "identification": "LKTRA14",
    "name": "CASLAVICE",
    "sun": {
      "astronomicalDawn": "2020-11-20T04:39:00Z",
      "astronomicalDusk": "2020-11-20T14:45:00Z",
      "civilDawn": "2020-11-20T05:15:00Z",
      "civilDusk": "2020-11-20T14:10:00Z",
      "date": "2020-11-19T23:00:00Z"
    },
    "thumbprint": "a4b87d4c9d9598e4c868fc05565e10d0362695f7d3f7e2724abdcd7c310b6d28"
  },
  {
    "elevationRange": {
      "ceiling": {
        "origin": "FL",
        "units": "FEETS",
        "value": 66000.0
      },
      "floor": {
        "origin": "FL",
        "units": "FEETS",
        "value": 9500.0
      }
    },
    "geometry": {
      "coordinates": [
        {
          "index": 0,
          "latitude": 50.7264,
          "longitude": 15.5049
        },
        {
          "index": 1,
          "latitude": 50.5393,
          "longitude": 16.041
        },
        {
          "index": 2,
          "latitude": 50.5316,
          "longitude": 16.1488
        },
        {
          "index": 3,
          "latitude": 50.442,
          "longitude": 16.0961
        },
        {
          "index": 4,
          "latitude": 50.3589,
          "longitude": 16.1717
        },
        {
          "index": 5,
          "latitude": 50.1649,
          "longitude": 16.4533
        },
        {
          "index": 6,
          "latitude": 50.1088,
          "longitude": 16.3664
        },
        {
          "index": 7,
          "latitude": 50.1375,
          "longitude": 15.9682
        },
        {
          "index": 8,
          "latitude": 50.385,
          "longitude": 15.3878
        },
        {
          "index": 9,
          "latitude": 50.4765,
          "longitude": 15.1698
        },
        {
          "index": 10,
          "latitude": 50.5666,
          "longitude": 15.0492
        },
        {
          "index": 11,
          "latitude": 50.6089,
          "longitude": 15.0953
        },
        {
          "index": 12,
          "latitude": 50.7264,
          "longitude": 15.5049
        }
      ],
      "radius": 0.0,
      "shape": "POLYGON"
    },
    "handle": 98719982,
    "identification": "LKTRA37",
    "name": "NOVÁ PAKA",
    "sun": {
      "astronomicalDawn": "2020-11-20T04:45:00Z",
      "astronomicalDusk": "2020-11-20T14:40:00Z",
      "civilDawn": "2020-11-20T05:22:00Z",
      "civilDusk": "2020-11-20T14:04:00Z",
      "date": "2020-11-19T23:00:00Z"
    },
    "thumbprint": "05185b50e5fa183d91784164291ad4e5e36c7be767172d32d0a13f621f4443a7"
  },
  {
    "elevationRange": {
      "ceiling": {
        "origin": "FL",
        "units": "FEETS",
        "value": 24500.0
      },
      "floor": {
        "origin": "FL",
        "units": "FEETS",
        "value": 9500.0
      }
    },
    "geometry": {
      "coordinates": [
        {
          "index": 0,
          "latitude": 49.3325,
          "longitude": 13.8991
        },
        {
          "index": 1,
          "latitude": 49.1255,
          "longitude": 14.2025
        },
        {
          "index": 2,
          "latitude": 48.8512,
          "longitude": 14.7426
        },
        {
          "index": 3,
          "latitude": 48.8091,
          "longitude": 14.2714
        },
        {
          "index": 4,
          "latitude": 48.9166,
          "longitude": 14.1324
        },
        {
          "index": 5,
          "latitude": 48.9116,
          "longitude": 13.8927
        },
        {
          "index": 6,
          "latitude": 49.0535,
          "longitude": 13.5612
        },
        {
          "index": 7,
          "latitude": 49.3325,
          "longitude": 13.8991
        }
      ],
      "radius": 0.0,
      "shape": "POLYGON"
    },
    "handle": 1365429696,
    "identification": "LKTRA75",
    "name": "PRACHATICE",
    "sun": {
      "astronomicalDawn": "2020-11-20T04:47:00Z",
      "astronomicalDusk": "2020-11-20T14:51:00Z",
      "civilDawn": "2020-11-20T05:22:00Z",
      "civilDusk": "2020-11-20T14:16:00Z",
      "date": "2020-11-19T23:00:00Z"
    },
    "thumbprint": "4889130791cf07f362db902d75db10fa6ac35520dae1fd2b9eb093062320c8fe"
  },
  {
    "elevationRange": {
      "ceiling": {
        "origin": "FL",
        "units": "FEETS",
        "value": 12500.0
      },
      "floor": {
        "origin": "GND",
        "units": "NONE",
        "value": 0.0
      }
    },
    "geometry": {
      "coordinates": [
        {
          "index": 0,
          "latitude": 49.0287,
          "longitude": 16.1055
        },
        {
          "index": 1,
          "latitude": 48.9649,
          "longitude": 16.2367
        },
        {
          "index": 2,
          "latitude": 48.9121,
          "longitude": 16.2564
        },
        {
          "index": 3,
          "latitude": 48.863,
          "longitude": 16.3638
        },
        {
          "index": 4,
          "latitude": 48.7934,
          "longitude": 16.2574
        },
        {
          "index": 5,
          "latitude": 48.8157,
          "longitude": 16.1811
        },
        {
          "index": 6,
          "latitude": 48.9114,
          "longitude": 15.9746
        },
        {
          "index": 7,
          "latitude": 49.0287,
          "longitude": 16.1055
        }
      ],
      "radius": 0.0,
      "shape": "POLYGON"
    },
    "handle": 1997257180,
    "identification": "LKTRA12",
    "name": "UNANOV",
    "sun": {
      "astronomicalDawn": "2020-11-20T04:37:00Z",
      "astronomicalDusk": "2020-11-20T14:44:00Z",
      "civilDawn": "2020-11-20T05:12:00Z",
      "civilDusk": "2020-11-20T14:09:00Z",
      "date": "2020-11-19T23:00:00Z"
    },
    "thumbprint": "f871f8fa6879154ae1aadc0791efda35352af86139b95eed3d62119e7b1f2f45"
  },
  {
    "elevationRange": {
      "ceiling": {
        "origin": "FL",
        "units": "FEETS",
        "value": 12500.0
      },
      "floor": {
        "origin": "AGL",
        "units": "FEETS",
        "value": 300.0
      }
    },
    "geometry": {
      "coordinates": [
        {
          "index": 0,
          "latitude": 49.3451,
          "longitude": 15.6975
        },
        {
          "index": 1,
          "latitude": 49.3229,
          "longitude": 15.7776
        },
        {
          "index": 2,
          "latitude": 49.273,
          "longitude": 15.7071
        },
        {
          "index": 3,
          "latitude": 49.1858,
          "longitude": 15.7816
        },
        {
          "index": 4,
          "latitude": 49.14,
          "longitude": 15.696
        },
        {
          "index": 5,
          "latitude": 49.1149,
          "longitude": 15.5344
        },
        {
          "index": 6,
          "latitude": 49.185,
          "longitude": 15.4514
        },
        {
          "index": 7,
          "latitude": 49.2742,
          "longitude": 15.4456
        },
        {
          "index": 8,
          "latitude": 49.3451,
          "longitude": 15.6975
        }
      ],
      "radius": 0.0,
      "shape": "POLYGON"
    },
    "handle": 3807051706,
    "identification": "LKTRA15",
    "name": "BRTNICE",
    "sun": {
      "astronomicalDawn": "2020-11-20T04:40:00Z",
      "astronomicalDusk": "2020-11-20T14:45:00Z",
      "civilDawn": "2020-11-20T05:16:00Z",
      "civilDusk": "2020-11-20T14:10:00Z",
      "date": "2020-11-19T23:00:00Z"
    },
    "thumbprint": "2512d847e8105f8ce69f7797c1ff2a3444a82c555ba63fc8b2305e71b028b4bb"
  },
  {
    "elevationRange": {
      "ceiling": {
        "origin": "FL",
        "units": "FEETS",
        "value": 12500.0
      },
      "floor": {
        "origin": "AMSL",
        "units": "FEETS",
        "value": 3000.0
      }
    },
    "geometry": {
      "coordinates": [
        {
          "index": 0,
          "latitude": 50.277,
          "longitude": 15.929
        },
        {
          "index": 1,
          "latitude": 50.274,
          "longitude": 16.2078
        },
        {
          "index": 2,
          "latitude": 50.1088,
          "longitude": 16.3664
        },
        {
          "index": 3,
          "latitude": 50.1375,
          "longitude": 15.9682
        },
        {
          "index": 4,
          "latitude": 50.277,
          "longitude": 15.929
        }
      ],
      "radius": 0.0,
      "shape": "POLYGON"
    },
    "handle": 2912636717,
    "identification": "LKTRA57",
    "name": "VAMBERK",
    "sun": {
      "astronomicalDawn": "2020-11-20T04:41:00Z",
      "astronomicalDusk": "2020-11-20T14:41:00Z",
      "civilDawn": "2020-11-20T05:17:00Z",
      "civilDusk": "2020-11-20T14:05:00Z",
      "date": "2020-11-19T23:00:00Z"
    },
    "thumbprint": "a94a9d2c76f42f5c19be66757f76a423f837f8b86aadfaee7a92e5c88c4ceb28"
  },
  {
    "elevationRange": {
      "ceiling": {
        "origin": "AGL",
        "units": "FEETS",
        "value": 1000.0
      },
      "floor": {
        "origin": "GND",
        "units": "NONE",
        "value": 0.0
      }
    },
    "geometry": {
      "coordinates": [
        {
          "index": 0,
          "latitude": 50.2919,
          "longitude": 15.4769
        },
        {
          "index": 1,
          "latitude": 50.26,
          "longitude": 15.7144
        },
        {
          "index": 2,
          "latitude": 50.2236,
          "longitude": 15.7319
        },
        {
          "index": 3,
          "latitude": 50.1483,
          "longitude": 15.6419
        },
        {
          "index": 4,
          "latitude": 50.1509,
          "longitude": 15.4592
        },
        {
          "index": 5,
          "latitude": 50.2919,
          "longitude": 15.4769
        }
      ],
      "radius": 0.0,
      "shape": "POLYGON"
    },
    "handle": 3776445546,
    "identification": "LKTRA71",
    "name": "SMIDARY",
    "sun": {
      "astronomicalDawn": "2020-11-20T04:43:00Z",
      "astronomicalDusk": "2020-11-20T14:43:00Z",
      "civilDawn": "2020-11-20T05:19:00Z",
      "civilDusk": "2020-11-20T14:07:00Z",
      "date": "2020-11-19T23:00:00Z"
    },
    "thumbprint": "a34a799f12cdd8aed03f5e5c5335b989493f2e612a6a718cc788ee58a5c8c28d"
  },
  {
    "elevationRange": {
      "ceiling": {
        "origin": "AGL",
        "units": "FEETS",
        "value": 1000.0
      },
      "floor": {
        "origin": "GND",
        "units": "NONE",
        "value": 0.0
      }
    },
    "geometry": {
      "coordinates": [
        {
          "index": 0,
          "latitude": 49.3229,
          "longitude": 15.7776
        },
        {
          "index": 1,
          "latitude": 49.2841,
          "longitude": 15.9165
        },
        {
          "index": 2,
          "latitude": 49.2469,
          "longitude": 15.8683
        },
        {
          "index": 3,
          "latitude": 49.1858,
          "longitude": 15.7816
        },
        {
          "index": 4,
          "latitude": 49.273,
          "longitude": 15.7071
        },
        {
          "index": 5,
          "latitude": 49.3229,
          "longitude": 15.7776
        }
      ],
      "radius": 0.0,
      "shape": "POLYGON"
    },
    "handle": 1972016155,
    "identification": "LKTRA17",
    "name": "OKRISKY",
    "sun": {
      "astronomicalDawn": "2020-11-20T04:39:00Z",
      "astronomicalDusk": "2020-11-20T14:45:00Z",
      "civilDawn": "2020-11-20T05:15:00Z",
      "civilDusk": "2020-11-20T14:09:00Z",
      "date": "2020-11-19T23:00:00Z"
    },
    "thumbprint": "18371388f2795e22fb2e205c36e4aafe185feef08b8d02906964dbeeb753d3e7"
  },
  {
    "elevationRange": {
      "ceiling": {
        "origin": "FL",
        "units": "FEETS",
        "value": 24500.0
      },
      "floor": {
        "origin": "FL",
        "units": "FEETS",
        "value": 12500.0
      }
    },
    "geometry": {
      "coordinates": [
        {
          "index": 0,
          "latitude": 49.3888,
          "longitude": 15.5405
        },
        {
          "index": 1,
          "latitude": 49.3451,
          "longitude": 15.6975
        },
        {
          "index": 2,
          "latitude": 49.3229,
          "longitude": 15.7776
        },
        {
          "index": 3,
          "latitude": 49.2841,
          "longitude": 15.9165
        },
        {
          "index": 4,
          "latitude": 49.2277,
          "longitude": 16.1474
        },
        {
          "index": 5,
          "latitude": 49.0177,
          "longitude": 16.2936
        },
        {
          "index": 6,
          "latitude": 48.8854,
          "longitude": 16.4
        },
        {
          "index": 7,
          "latitude": 48.863,
          "longitude": 16.3638
        },
        {
          "index": 8,
          "latitude": 48.7934,
          "longitude": 16.2574
        },
        {
          "index": 9,
          "latitude": 48.8157,
          "longitude": 16.1811
        },
        {
          "index": 10,
          "latitude": 48.9114,
          "longitude": 15.9746
        },
        {
          "index": 11,
          "latitude": 49.0124,
          "longitude": 15.7563
        },
        {
          "index": 12,
          "latitude": 49.1149,
          "longitude": 15.5344
        },
        {
          "index": 13,
          "latitude": 49.185,
          "longitude": 15.4514
        },
        {
          "index": 14,
          "latitude": 49.2742,
          "longitude": 15.4456
        },
        {
          "index": 15,
          "latitude": 49.3035,
          "longitude": 15.4437
        },
        {
          "index": 16,
          "latitude": 49.3888,
          "longitude": 15.5405
        }
      ],
      "radius": 0.0,
      "shape": "POLYGON"
    },
    "handle": 2279228712,
    "identification": "LKTRA19",
    "name": "TREBIC",
    "sun": {
      "astronomicalDawn": "2020-11-20T04:40:00Z",
      "astronomicalDusk": "2020-11-20T14:44:00Z",
      "civilDawn": "2020-11-20T05:16:00Z",
      "civilDusk": "2020-11-20T14:09:00Z",
      "date": "2020-11-19T23:00:00Z"
    },
    "thumbprint": "10f585ea698fc3f76ce17a77fcf8fd1cf2e677bbf0b59a555705cabae016978a"
  },
  {
    "elevationRange": {
      "ceiling": {
        "origin": "AMSL",
        "units": "FEETS",
        "value": 3000.0
      },
      "floor": {
        "origin": "GND",
        "units": "NONE",
        "value": 0.0
      }
    },
    "geometry": {
      "coordinates": [
        {
          "index": 0,
          "latitude": 50.3142,
          "longitude": 15.1594
        }
      ],
      "radius": 10186.0,
      "shape": "POINT"
    },
    "handle": 1808611715,
    "identification": "LKTRA61",
    "name": "KOPIDLNO",
    "sun": {
      "astronomicalDawn": "2020-11-20T04:45:00Z",
      "astronomicalDusk": "2020-11-20T14:45:00Z",
      "civilDawn": "2020-11-20T05:21:00Z",
      "civilDusk": "2020-11-20T14:08:00Z",
      "date": "2020-11-19T23:00:00Z"
    },
    "thumbprint": "8fdf645ee19397e0939c3e3a4bfc8e756646332d51ee773b93b981820037e2a5"
  },
  {
    "elevationRange": {
      "ceiling": {
        "origin": "FL",
        "units": "FEETS",
        "value": 12500.0
      },
      "floor": {
        "origin": "AMSL",
        "units": "FEETS",
        "value": 5000.0
      }
    },
    "geometry": {
      "coordinates": [
        {
          "index": 0,
          "latitude": 49.3888,
          "longitude": 15.5405
        },
        {
          "index": 1,
          "latitude": 49.3451,
          "longitude": 15.6975
        },
        {
          "index": 2,
          "latitude": 49.2742,
          "longitude": 15.4456
        },
        {
          "index": 3,
          "latitude": 49.3035,
          "longitude": 15.4437
        },
        {
          "index": 4,
          "latitude": 49.3888,
          "longitude": 15.5405
        }
      ],
      "radius": 0.0,
      "shape": "POLYGON"
    },
    "handle": 3698213865,
    "identification": "LKTRA16",
    "name": "TREST",
    "sun": {
      "astronomicalDawn": "2020-11-20T04:40:00Z",
      "astronomicalDusk": "2020-11-20T14:46:00Z",
      "civilDawn": "2020-11-20T05:16:00Z",
      "civilDusk": "2020-11-20T14:10:00Z",
      "date": "2020-11-19T23:00:00Z"
    },
    "thumbprint": "8da4eaf7f9c92c6e65da2b6c41f4985a333d5a2bea4076f925eb6deed54913f5"
  },
  {
    "elevationRange": {
      "ceiling": {
        "origin": "FL",
        "units": "FEETS",
        "value": 24500.0
      },
      "floor": {
        "origin": "AMSL",
        "units": "FEETS",
        "value": 5000.0
      }
    },
    "geometry": {
      "coordinates": [
        {
          "index": 0,
          "latitude": 49.8932,
          "longitude": 16.498
        },
        {
          "index": 1,
          "latitude": 49.9833,
          "longitude": 17.2667
        },
        {
          "index": 2,
          "latitude": 49.7766,
          "longitude": 17.541
        },
        {
          "index": 3,
          "latitude": 49.7422,
          "longitude": 17.4433
        },
        {
          "index": 4,
          "latitude": 49.6251,
          "longitude": 17.4058
        },
        {
          "index": 5,
          "latitude": 49.5997,
          "longitude": 17.3974
        },
        {
          "index": 6,
          "latitude": 49.4931,
          "longitude": 16.8764
        },
        {
          "index": 7,
          "latitude": 49.4592,
          "longitude": 16.7136
        },
        {
          "index": 8,
          "latitude": 49.7153,
          "longitude": 16.5868
        },
        {
          "index": 9,
          "latitude": 49.8932,
          "longitude": 16.498
        }
      ],
      "radius": 0.0,
      "shape": "POLYGON"
    },
    "handle": 3943505616,
    "identification": "LKTRA34",
    "name": "MOHELNICE",
    "sun": {
      "astronomicalDawn": "2020-11-20T04:38:00Z",
      "astronomicalDusk": "2020-11-20T14:37:00Z",
      "civilDawn": "2020-11-20T05:14:00Z",
      "civilDusk": "2020-11-20T14:01:00Z",
      "date": "2020-11-19T23:00:00Z"
    },
    "thumbprint": "59fa96b232ba4c8778e3121e1014c92a5a1b17272132175306496a047d04bc47"
  },
  {
    "elevationRange": {
      "ceiling": {
        "origin": "FL",
        "units": "FEETS",
        "value": 24500.0
      },
      "floor": {
        "origin": "FL",
        "units": "FEETS",
        "value": 12500.0
      }
    },
    "geometry": {
      "coordinates": [
        {
          "index": 0,
          "latitude": 50.385,
          "longitude": 15.3878
        },
        {
          "index": 1,
          "latitude": 50.1375,
          "longitude": 15.9682
        },
        {
          "index": 2,
          "latitude": 50.1088,
          "longitude": 16.3664
        },
        {
          "index": 3,
          "latitude": 49.8708,
          "longitude": 16.3133
        },
        {
          "index": 4,
          "latitude": 49.8441,
          "longitude": 15.7083
        },
        {
          "index": 5,
          "latitude": 49.9299,
          "longitude": 15.5866
        },
        {
          "index": 6,
          "latitude": 50.0563,
          "longitude": 15.4071
        },
        {
          "index": 7,
          "latitude": 50.1519,
          "longitude": 15.3811
        },
        {
          "index": 8,
          "latitude": 50.1858,
          "longitude": 15.3821
        },
        {
          "index": 9,
          "latitude": 50.385,
          "longitude": 15.3878
        }
      ],
      "radius": 0.0,
      "shape": "POLYGON"
    },
    "handle": 11904355,
    "identification": "LKTRA36",
    "name": "HOLICE",
    "sun": {
      "astronomicalDawn": "2020-11-20T04:43:00Z",
      "astronomicalDusk": "2020-11-20T14:41:00Z",
      "civilDawn": "2020-11-20T05:20:00Z",
      "civilDusk": "2020-11-20T14:05:00Z",
      "date": "2020-11-19T23:00:00Z"
    },
    "thumbprint": "03f78ab24d9df62f07d6b3b6fa621f9639c53a51c6533c23e1087d3e664bed3b"
  },
  {
    "elevationRange": {
      "ceiling": {
        "origin": "FL",
        "units": "FEETS",
        "value": 12500.0
      },
      "floor": {
        "origin": "FL",
        "units": "FEETS",
        "value": 9500.0
      }
    },
    "geometry": {
      "coordinates": [
        {
          "index": 0,
          "latitude": 49.3855,
          "longitude": 15.8771
        },
        {
          "index": 1,
          "latitude": 49.37,
          "longitude": 15.9818
        },
        {
          "index": 2,
          "latitude": 49.2935,
          "longitude": 16.1295
        },
        {
          "index": 3,
          "latitude": 49.2853,
          "longitude": 16.1456
        },
        {
          "index": 4,
          "latitude": 49.23,
          "longitude": 16.2519
        },
        {
          "index": 5,
          "latitude": 49.2012,
          "longitude": 16.3067
        },
        {
          "index": 6,
          "latitude": 49.0358,
          "longitude": 16.6213
        },
        {
          "index": 7,
          "latitude": 48.8854,
          "longitude": 16.4
        },
        {
          "index": 8,
          "latitude": 48.9649,
          "longitude": 16.2367
        },
        {
          "index": 9,
          "latitude": 49.0287,
          "longitude": 16.1055
        },
        {
          "index": 10,
          "latitude": 49.1186,
          "longitude": 15.9202
        },
        {
          "index": 11,
          "latitude": 49.1858,
          "longitude": 15.7816
        },
        {
          "index": 12,
          "latitude": 49.273,
          "longitude": 15.7071
        },
        {
          "index": 13,
          "latitude": 49.3229,
          "longitude": 15.7776
        },
        {
          "index": 14,
          "latitude": 49.3855,
          "longitude": 15.8771
        }
      ],
      "radius": 0.0,
      "shape": "POLYGON"
    },
    "handle": 318481265,
    "identification": "LKTRA18",
    "name": "NAMEST",
    "sun": {
      "astronomicalDawn": "2020-11-20T04:39:00Z",
      "astronomicalDusk": "2020-11-20T14:43:00Z",
      "civilDawn": "2020-11-20T05:15:00Z",
      "civilDusk": "2020-11-20T14:07:00Z",
      "date": "2020-11-19T23:00:00Z"
    },
    "thumbprint": "a5dc013a54ae3982c2d2f3a1856dc47b37d11d7f7fcb07338630cc5a4bcc9fa6"
  },
  {
    "elevationRange": {
      "ceiling": {
        "origin": "FL",
        "units": "FEETS",
        "value": 24500.0
      },
      "floor": {
        "origin": "FL",
        "units": "FEETS",
        "value": 9500.0
      }
    },
    "geometry": {
      "coordinates": [
        {
          "index": 0,
          "latitude": 50.1649,
          "longitude": 16.4533
        },
        {
          "index": 1,
          "latitude": 50.0382,
          "longitude": 16.6975
        },
        {
          "index": 2,
          "latitude": 50.183,
          "longitude": 17.0482
        },
        {
          "index": 3,
          "latitude": 49.9833,
          "longitude": 17.2667
        },
        {
          "index": 4,
          "latitude": 49.8932,
          "longitude": 16.498
        },
        {
          "index": 5,
          "latitude": 49.8708,
          "longitude": 16.3133
        },
        {
          "index": 6,
          "latitude": 50.1088,
          "longitude": 16.3664
        },
        {
          "index": 7,
          "latitude": 50.1649,
          "longitude": 16.4533
        }
      ],
      "radius": 0.0,
      "shape": "POLYGON"
    },
    "handle": 388042603,
    "identification": "LKTRA35",
    "name": "ŠUMPERK",
    "sun": {
      "astronomicalDawn": "2020-11-20T04:39:00Z",
      "astronomicalDusk": "2020-11-20T14:38:00Z",
      "civilDawn": "2020-11-20T05:15:00Z",
      "civilDusk": "2020-11-20T14:02:00Z",
      "date": "2020-11-19T23:00:00Z"
    },
    "thumbprint": "4da9bee95e86e7da2ff7764fa636d7a91256c701866fcf5dc2f969e4dcb6e296"
  },
  {
    "elevationRange": {
      "ceiling": {
        "origin": "FL",
        "units": "FEETS",
        "value": 12500.0
      },
      "floor": {
        "origin": "FL",
        "units": "FEETS",
        "value": 9500.0
      }
    },
    "geometry": {
      "coordinates": [
        {
          "index": 0,
          "latitude": 50.1519,
          "longitude": 15.3811
        },
        {
          "index": 1,
          "latitude": 50.1468,
          "longitude": 15.7402
        },
        {
          "index": 2,
          "latitude": 50.1375,
          "longitude": 15.9682
        },
        {
          "index": 3,
          "latitude": 50.1088,
          "longitude": 16.3664
        },
        {
          "index": 4,
          "latitude": 49.8708,
          "longitude": 16.3133
        },
        {
          "index": 5,
          "latitude": 49.8441,
          "longitude": 15.7083
        },
        {
          "index": 6,
          "latitude": 49.9299,
          "longitude": 15.5866
        },
        {
          "index": 7,
          "latitude": 50.0563,
          "longitude": 15.4071
        },
        {
          "index": 8,
          "latitude": 50.1519,
          "longitude": 15.3811
        }
      ],
      "radius": 0.0,
      "shape": "POLYGON"
    },
    "handle": 841552371,
    "identification": "LKTRA63",
    "name": "PARDUBICE",
    "sun": {
      "astronomicalDawn": "2020-11-20T04:43:00Z",
      "astronomicalDusk": "2020-11-20T14:41:00Z",
      "civilDawn": "2020-11-20T05:19:00Z",
      "civilDusk": "2020-11-20T14:05:00Z",
      "date": "2020-11-19T23:00:00Z"
    },
    "thumbprint": "bff2a4f5479c97de42e447adb3ff185f13b22e4c273c9c7ff06150bed2cc0ec9"
  },
  {
    "elevationRange": {
      "ceiling": {
        "origin": "FL",
        "units": "FEETS",
        "value": 12500.0
      },
      "floor": {
        "origin": "GND",
        "units": "NONE",
        "value": 0.0
      }
    },
    "geometry": {
      "coordinates": [
        {
          "index": 0,
          "latitude": 49.1186,
          "longitude": 15.9202
        },
        {
          "index": 1,
          "latitude": 49.0287,
          "longitude": 16.1055
        },
        {
          "index": 2,
          "latitude": 48.9114,
          "longitude": 15.9746
        },
        {
          "index": 3,
          "latitude": 49.0124,
          "longitude": 15.7563
        },
        {
          "index": 4,
          "latitude": 49.1186,
          "longitude": 15.9202
        }
      ],
      "radius": 0.0,
      "shape": "POLYGON"
    },
    "handle": 641422448,
    "identification": "LKTRA13",
    "name": "JEVISOVICE",
    "sun": {
      "astronomicalDawn": "2020-11-20T04:38:00Z",
      "astronomicalDusk": "2020-11-20T14:45:00Z",
      "civilDawn": "2020-11-20T05:13:00Z",
      "civilDusk": "2020-11-20T14:10:00Z",
      "date": "2020-11-19T23:00:00Z"
    },
    "thumbprint": "b5baf0279dbe7d544200e93e4ecb02036bd6e6cb8a13e2e13eb2c294274ad802"
  },
  {
    "elevationRange": {
      "ceiling": {
        "origin": "FL",
        "units": "FEETS",
        "value": 66000.0
      },
      "floor": {
        "origin": "FL",
        "units": "FEETS",
        "value": 24500.0
      }
    },
    "geometry": {
      "coordinates": [
        {
          "index": 0,
          "latitude": 49.9663,
          "longitude": 15.0481
        },
        {
          "index": 1,
          "latitude": 49.9762,
          "longitude": 15.2954
        },
        {
          "index": 2,
          "latitude": 49.6808,
          "longitude": 15.7431
        },
        {
          "index": 3,
          "latitude": 49.6091,
          "longitude": 15.6571
        },
        {
          "index": 4,
          "latitude": 49.8349,
          "longitude": 15.1319
        },
        {
          "index": 5,
          "latitude": 49.9663,
          "longitude": 15.0481
        }
      ],
      "radius": 0.0,
      "shape": "POLYGON"
    },
    "handle": 144081077,
    "identification": "LKTRA38",
    "name": "HABRY",
    "sun": {
      "astronomicalDawn": "2020-11-20T04:44:00Z",
      "astronomicalDusk": "2020-11-20T14:45:00Z",
      "civilDawn": "2020-11-20T05:20:00Z",
      "civilDusk": "2020-11-20T14:09:00Z",
      "date": "2020-11-19T23:00:00Z"
    },
    "thumbprint": "306263111021727472494966470bfa860f364cf253dd4535704a013678d8cc98"
  },
  {
    "elevationRange": {
      "ceiling": {
        "origin": "AGL",
        "units": "FEETS",
        "value": 1000.0
      },
      "floor": {
        "origin": "GND",
        "units": "NONE",
        "value": 0.0
      }
    },
    "geometry": {
      "coordinates": [
        {
          "index": 0,
          "latitude": 50.1194,
          "longitude": 16.0681
        },
        {
          "index": 1,
          "latitude": 50.0975,
          "longitude": 16.2964
        },
        {
          "index": 2,
          "latitude": 50.0033,
          "longitude": 16.2817
        },
        {
          "index": 3,
          "latitude": 50.0194,
          "longitude": 16.0808
        },
        {
          "index": 4,
          "latitude": 50.1194,
          "longitude": 16.0681
        }
      ],
      "radius": 0.0,
      "shape": "POLYGON"
    },
    "handle": 1784361292,
    "identification": "LKTRA73",
    "name": "BOROHRADEK",
    "sun": {
      "astronomicalDawn": "2020-11-20T04:40:00Z",
      "astronomicalDusk": "2020-11-20T14:41:00Z",
      "civilDawn": "2020-11-20T05:16:00Z",
      "civilDusk": "2020-11-20T14:05:00Z",
      "date": "2020-11-19T23:00:00Z"
    },
    "thumbprint": "9c59a59e1fb2292adbecbd040b4396e2b19a099b7c70d92ffb666b718e61cddc"
  },
  {
    "elevationRange": {
      "ceiling": {
        "origin": "FL",
        "units": "FEETS",
        "value": 12500.0
      },
      "floor": {
        "origin": "AMSL",
        "units": "FEETS",
        "value": 3000.0
      }
    },
    "geometry": {
      "coordinates": [
        {
          "index": 0,
          "latitude": 48.9649,
          "longitude": 16.2367
        },
        {
          "index": 1,
          "latitude": 48.8854,
          "longitude": 16.4
        },
        {
          "index": 2,
          "latitude": 48.863,
          "longitude": 16.3638
        },
        {
          "index": 3,
          "latitude": 48.9121,
          "longitude": 16.2564
        },
        {
          "index": 4,
          "latitude": 48.9649,
          "longitude": 16.2367
        }
      ],
      "radius": 0.0,
      "shape": "POLYGON"
    },
    "handle": 2429983356,
    "identification": "LKTRA11",
    "name": "MIROSLAV",
    "sun": {
      "astronomicalDawn": "2020-11-20T04:36:00Z",
      "astronomicalDusk": "2020-11-20T14:44:00Z",
      "civilDawn": "2020-11-20T05:11:00Z",
      "civilDusk": "2020-11-20T14:09:00Z",
      "date": "2020-11-19T23:00:00Z"
    },
    "thumbprint": "c003bf0a6a90391ab4d726267113e47026010e6c04738fcd8d068e954260bee6"
  },
  {
    "elevationRange": {
      "ceiling": {
        "origin": "FL",
        "units": "FEETS",
        "value": 24500.0
      },
      "floor": {
        "origin": "FL",
        "units": "FEETS",
        "value": 9500.0
      }
    },
    "geometry": {
      "coordinates": [
        {
          "index": 0,
          "latitude": 49.2276,
          "longitude": 14.358
        },
        {
          "index": 1,
          "latitude": 48.985,
          "longitude": 14.6825
        },
        {
          "index": 2,
          "latitude": 49.0519,
          "longitude": 14.8402
        },
        {
          "index": 3,
          "latitude": 48.8512,
          "longitude": 14.7426
        },
        {
          "index": 4,
          "latitude": 49.1255,
          "longitude": 14.2025
        },
        {
          "index": 5,
          "latitude": 49.2276,
          "longitude": 14.358
        }
      ],
      "radius": 0.0,
      "shape": "POLYGON"
    },
    "handle": 1136355346,
    "identification": "LKTRA79",
    "name": "HOSIN",
    "sun": {
      "astronomicalDawn": "2020-11-20T04:45:00Z",
      "astronomicalDusk": "2020-11-20T14:50:00Z",
      "civilDawn": "2020-11-20T05:20:00Z",
      "civilDusk": "2020-11-20T14:15:00Z",
      "date": "2020-11-19T23:00:00Z"
    },
    "thumbprint": "24d9e9dd69e6b275a5c2be0f04645147ba7cbee07262198280c402d3a4435e41"
  },
  {
    "elevationRange": {
      "ceiling": {
        "origin": "FL",
        "units": "FEETS",
        "value": 24500.0
      },
      "floor": {
        "origin": "AGL",
        "units": "FEETS",
        "value": 1000.0
      }
    },
    "geometry": {
      "coordinates": [
        {
          "index": 0,
          "latitude": 49.7693,
          "longitude": 15.8496
        },
        {
          "index": 1,
          "latitude": 49.6271,
          "longitude": 16.3789
        },
        {
          "index": 2,
          "latitude": 49.5599,
          "longitude": 16.2219
        },
        {
          "index": 3,
          "latitude": 49.5124,
          "longitude": 16.1112
        },
        {
          "index": 4,
          "latitude": 49.6091,
          "longitude": 15.6571
        },
        {
          "index": 5,
          "latitude": 49.6808,
          "longitude": 15.7431
        },
        {
          "index": 6,
          "latitude": 49.7693,
          "longitude": 15.8496
        }
      ],
      "radius": 0.0,
      "shape": "POLYGON"
    },
    "handle": 3270457595,
    "identification": "LKTRA31",
    "name": "ŽĎÁR NAD SÁZAVOU",
    "sun": {
      "astronomicalDawn": "2020-11-20T04:40:00Z",
      "astronomicalDusk": "2020-11-20T14:42:00Z",
      "civilDawn": "2020-11-20T05:16:00Z",
      "civilDusk": "2020-11-20T14:06:00Z",
      "date": "2020-11-19T23:00:00Z"
    },
    "thumbprint": "d2f70f3f148f5ddbea2cf013baff6606842b2f58db67622ce14b97dff0639c9d"
  },
  {
    "elevationRange": {
      "ceiling": {
        "origin": "FL",
        "units": "FEETS",
        "value": 24500.0
      },
      "floor": {
        "origin": "FL",
        "units": "FEETS",
        "value": 9500.0
      }
    },
    "geometry": {
      "coordinates": [
        {
          "index": 0,
          "latitude": 50.1858,
          "longitude": 15.3821
        },
        {
          "index": 1,
          "latitude": 50.1519,
          "longitude": 15.3811
        },
        {
          "index": 2,
          "latitude": 50.0563,
          "longitude": 15.4071
        },
        {
          "index": 3,
          "latitude": 49.9299,
          "longitude": 15.5866
        },
        {
          "index": 4,
          "latitude": 49.8441,
          "longitude": 15.7083
        },
        {
          "index": 5,
          "latitude": 49.7693,
          "longitude": 15.8496
        },
        {
          "index": 6,
          "latitude": 49.6808,
          "longitude": 15.7431
        },
        {
          "index": 7,
          "latitude": 49.6091,
          "longitude": 15.6571
        },
        {
          "index": 8,
          "latitude": 49.8349,
          "longitude": 15.1319
        },
        {
          "index": 9,
          "latitude": 49.9663,
          "longitude": 15.0481
        },
        {
          "index": 10,
          "latitude": 50.1857,
          "longitude": 15.0567
        },
        {
          "index": 11,
          "latitude": 50.1858,
          "longitude": 15.3821
        }
      ],
      "radius": 0.0,
      "shape": "POLYGON"
    },
    "handle": 1098405422,
    "identification": "LKTRA30",
    "name": "ČÁSLAV",
    "sun": {
      "astronomicalDawn": "2020-11-20T04:44:00Z",
      "astronomicalDusk": "2020-11-20T14:44:00Z",
      "civilDawn": "2020-11-20T05:20:00Z",
      "civilDusk": "2020-11-20T14:08:00Z",
      "date": "2020-11-19T23:00:00Z"
    },
    "thumbprint": "1546f15612e44a75e6a79632dfe904c2e4e24c9ffaaffda87ee51fac9551aaa8"
  },
  {
    "elevationRange": {
      "ceiling": {
        "origin": "FL",
        "units": "FEETS",
        "value": 24500.0
      },
      "floor": {
        "origin": "AGL",
        "units": "FEETS",
        "value": 1000.0
      }
    },
    "geometry": {
      "coordinates": [
        {
          "index": 0,
          "latitude": 49.3947,
          "longitude": 14.6118
        },
        {
          "index": 1,
          "latitude": 49.166,
          "longitude": 14.8963
        },
        {
          "index": 2,
          "latitude": 49.0519,
          "longitude": 14.8402
        },
        {
          "index": 3,
          "latitude": 48.985,
          "longitude": 14.6825
        },
        {
          "index": 4,
          "latitude": 49.2276,
          "longitude": 14.358
        },
        {
          "index": 5,
          "latitude": 49.3947,
          "longitude": 14.6118
        }
      ],
      "radius": 0.0,
      "shape": "POLYGON"
    },
    "handle": 2965852141,
    "identification": "LKTRA78",
    "name": "SOBĚSLAV",
    "sun": {
      "astronomicalDawn": "2020-11-20T04:44:00Z",
      "astronomicalDusk": "2020-11-20T14:49:00Z",
      "civilDawn": "2020-11-20T05:20:00Z",
      "civilDusk": "2020-11-20T14:14:00Z",
      "date": "2020-11-19T23:00:00Z"
    },
    "thumbprint": "bd1f00cd2a5e8e7752b92391100a214e423ef8f6fd84d07fd225462d71cd2254"
  },
  {
    "elevationRange": {
      "ceiling": {
        "origin": "FL",
        "units": "FEETS",
        "value": 24500.0
      },
      "floor": {
        "origin": "AMSL",
        "units": "FEETS",
        "value": 5000.0
      }
    },
    "geometry": {
      "coordinates": [
        {
          "index": 0,
          "latitude": 49.7153,
          "longitude": 16.5868
        },
        {
          "index": 1,
          "latitude": 49.4592,
          "longitude": 16.7136
        },
        {
          "index": 2,
          "latitude": 49.425,
          "longitude": 16.551
        },
        {
          "index": 3,
          "latitude": 49.5124,
          "longitude": 16.1112
        },
        {
          "index": 4,
          "latitude": 49.5599,
          "longitude": 16.2219
        },
        {
          "index": 5,
          "latitude": 49.6271,
          "longitude": 16.3789
        },
        {
          "index": 6,
          "latitude": 49.7153,
          "longitude": 16.5868
        }
      ],
      "radius": 0.0,
      "shape": "POLYGON"
    },
    "handle": 2207777996,
    "identification": "LKTRA33",
    "name": "LETOVICE",
    "sun": {
      "astronomicalDawn": "2020-11-20T04:38:00Z",
      "astronomicalDusk": "2020-11-20T14:41:00Z",
      "civilDawn": "2020-11-20T05:14:00Z",
      "civilDusk": "2020-11-20T14:05:00Z",
      "date": "2020-11-19T23:00:00Z"
    },
    "thumbprint": "da1bd920bc61db549631be5fe799d5b976cb2a0428cbb74e56cc89851d341611"
  },
  {
    "elevationRange": {
      "ceiling": {
        "origin": "FL",
        "units": "FEETS",
        "value": 24500.0
      },
      "floor": {
        "origin": "AMSL",
        "units": "FEETS",
        "value": 3000.0
      }
    },
    "geometry": {
      "coordinates": [
        {
          "index": 0,
          "latitude": 50.4765,
          "longitude": 15.1698
        },
        {
          "index": 1,
          "latitude": 50.385,
          "longitude": 15.3878
        },
        {
          "index": 2,
          "latitude": 50.1858,
          "longitude": 15.3821
        },
        {
          "index": 3,
          "latitude": 50.1857,
          "longitude": 15.0567
        },
        {
          "index": 4,
          "latitude": 50.1856,
          "longitude": 14.9776
        },
        {
          "index": 5,
          "latitude": 50.1989,
          "longitude": 14.9733
        },
        {
          "index": 6,
          "latitude": 50.2076,
          "longitude": 14.9702
        },
        {
          "index": 7,
          "latitude": 50.2163,
          "longitude": 14.9667
        },
        {
          "index": 8,
          "latitude": 50.225,
          "longitude": 14.9631
        },
        {
          "index": 9,
          "latitude": 50.2359,
          "longitude": 14.958
        },
        {
          "index": 10,
          "latitude": 50.476,
          "longitude": 15.0011
        },
        {
          "index": 11,
          "latitude": 50.4765,
          "longitude": 15.1698
        }
      ],
      "radius": 0.0,
      "shape": "POLYGON"
    },
    "handle": 1100848167,
    "identification": "LKTRA62",
    "name": "NYMBURK",
    "sun": {
      "astronomicalDawn": "2020-11-20T04:45:00Z",
      "astronomicalDusk": "2020-11-20T14:44:00Z",
      "civilDawn": "2020-11-20T05:22:00Z",
      "civilDusk": "2020-11-20T14:08:00Z",
      "date": "2020-11-19T23:00:00Z"
    },
    "thumbprint": "c0f208872643619c3ede03a1fdee7af85c9ca0deaa04ee78a92ca940d36051e8"
  },
  {
    "elevationRange": {
      "ceiling": {
        "origin": "FL",
        "units": "FEETS",
        "value": 24500.0
      },
      "floor": {
        "origin": "AMSL",
        "units": "FEETS",
        "value": 5000.0
      }
    },
    "geometry": {
      "coordinates": [
        {
          "index": 0,
          "latitude": 49.8708,
          "longitude": 16.3133
        },
        {
          "index": 1,
          "latitude": 49.8932,
          "longitude": 16.498
        },
        {
          "index": 2,
          "latitude": 49.7153,
          "longitude": 16.5868
        },
        {
          "index": 3,
          "latitude": 49.6271,
          "longitude": 16.3789
        },
        {
          "index": 4,
          "latitude": 49.7693,
          "longitude": 15.8496
        },
        {
          "index": 5,
          "latitude": 49.8441,
          "longitude": 15.7083
        },
        {
          "index": 6,
          "latitude": 49.8708,
          "longitude": 16.3133
        }
      ],
      "radius": 0.0,
      "shape": "POLYGON"
    },
    "handle": 4068410856,
    "identification": "LKTRA32",
    "name": "PROSEČ",
    "sun": {
      "astronomicalDawn": "2020-11-20T04:41:00Z",
      "astronomicalDusk": "2020-11-20T14:41:00Z",
      "civilDawn": "2020-11-20T05:17:00Z",
      "civilDusk": "2020-11-20T14:05:00Z",
      "date": "2020-11-19T23:00:00Z"
    },
    "thumbprint": "77270834dbbde07091c810ed7a128baabaf579814d033d4bb6d3e41b0953470d"
  },
  {
    "elevationRange": {
      "ceiling": {
        "origin": "FL",
        "units": "FEETS",
        "value": 9500.0
      },
      "floor": {
        "origin": "AGL",
        "units": "FEETS",
        "value": 1000.0
      }
    },
    "geometry": {
      "coordinates": [
        {
          "index": 0,
          "latitude": 49.1779,
          "longitude": 14.4248
        },
        {
          "index": 1,
          "latitude": 49.1225,
          "longitude": 14.4991
        },
        {
          "index": 2,
          "latitude": 49.0498,
          "longitude": 14.3527
        },
        {
          "index": 3,
          "latitude": 48.8091,
          "longitude": 14.2714
        },
        {
          "index": 4,
          "latitude": 48.9166,
          "longitude": 14.1324
        },
        {
          "index": 5,
          "latitude": 48.9116,
          "longitude": 13.8927
        },
        {
          "index": 6,
          "latitude": 49.0963,
          "longitude": 14.2605
        },
        {
          "index": 7,
          "latitude": 49.1779,
          "longitude": 14.4248
        }
      ],
      "radius": 0.0,
      "shape": "POLYGON"
    },
    "handle": 3654655501,
    "identification": "LKTRA74",
    "name": "VOLARY",
    "sun": {
      "astronomicalDawn": "2020-11-20T04:45:00Z",
      "astronomicalDusk": "2020-11-20T14:51:00Z",
      "civilDawn": "2020-11-20T05:21:00Z",
      "civilDusk": "2020-11-20T14:16:00Z",
      "date": "2020-11-19T23:00:00Z"
    },
    "thumbprint": "61f262c4656386e250e72698398309399b24459079e85577c8e999272fb9dab1"
  },
  {
    "elevationRange": {
      "ceiling": {
        "origin": "FL",
        "units": "FEETS",
        "value": 7500.0
      },
      "floor": {
        "origin": "AGL",
        "units": "FEETS",
        "value": 1000.0
      }
    },
    "geometry": {
      "coordinates": [
        {
          "index": 0,
          "latitude": 49.6991,
          "longitude": 14.2277
        },
        {
          "index": 1,
          "latitude": 49.6411,
          "longitude": 14.301
        },
        {
          "index": 2,
          "latitude": 49.3325,
          "longitude": 13.8991
        },
        {
          "index": 3,
          "latitude": 49.4646,
          "longitude": 13.6831
        },
        {
          "index": 4,
          "latitude": 49.6991,
          "longitude": 14.2277
        }
      ],
      "radius": 0.0,
      "shape": "POLYGON"
    },
    "handle": 319382226,
    "identification": "LKTRA76",
    "name": "BLATNA",
    "sun": {
      "astronomicalDawn": "2020-11-20T04:48:00Z",
      "astronomicalDusk": "2020-11-20T14:50:00Z",
      "civilDawn": "2020-11-20T05:23:00Z",
      "civilDusk": "2020-11-20T14:15:00Z",
      "date": "2020-11-19T23:00:00Z"
    },
    "thumbprint": "492ad3ac9e22723ecb008efae895e0d4c0a0bfaf31b0b5b070b52c35d8aea802"
  },
  {
    "elevationRange": {
      "ceiling": {
        "origin": "AGL",
        "units": "FEETS",
        "value": 1000.0
      },
      "floor": {
        "origin": "GND",
        "units": "NONE",
        "value": 0.0
      }
    },
    "geometry": {
      "coordinates": [
        {
          "index": 0,
          "latitude": 49.0972,
          "longitude": 16.3797
        },
        {
          "index": 1,
          "latitude": 49.0045,
          "longitude": 16.5753
        },
        {
          "index": 2,
          "latitude": 48.8854,
          "longitude": 16.4
        },
        {
          "index": 3,
          "latitude": 49.0177,
          "longitude": 16.2936
        },
        {
          "index": 4,
          "latitude": 49.0972,
          "longitude": 16.3797
        }
      ],
      "radius": 0.0,
      "shape": "POLYGON"
    },
    "handle": 2641118100,
    "identification": "LKTRA10",
    "name": "POHORELICE",
    "sun": {
      "astronomicalDawn": "2020-11-20T04:36:00Z",
      "astronomicalDusk": "2020-11-20T14:43:00Z",
      "civilDawn": "2020-11-20T05:11:00Z",
      "civilDusk": "2020-11-20T14:08:00Z",
      "date": "2020-11-19T23:00:00Z"
    },
    "thumbprint": "7e99b52cfb091300e782e24388c1b8bd069dc1fe5b3812a374763a0e5cbc8901"
  },
  {
    "elevationRange": {
      "ceiling": {
        "origin": "FL",
        "units": "FEETS",
        "value": 24500.0
      },
      "floor": {
        "origin": "AGL",
        "units": "FEETS",
        "value": 1000.0
      }
    },
    "geometry": {
      "coordinates": [
        {
          "index": 0,
          "latitude": 49.6411,
          "longitude": 14.301
        },
        {
          "index": 1,
          "latitude": 49.3947,
          "longitude": 14.6118
        },
        {
          "index": 2,
          "latitude": 49.2276,
          "longitude": 14.358
        },
        {
          "index": 3,
          "latitude": 49.1255,
          "longitude": 14.2025
        },
        {
          "index": 4,
          "latitude": 49.3325,
          "longitude": 13.8991
        },
        {
          "index": 5,
          "latitude": 49.6411,
          "longitude": 14.301
        }
      ],
      "radius": 0.0,
      "shape": "POLYGON"
    },
    "handle": 1991621039,
    "identification": "LKTRA77",
    "name": "MILEVSKO",
    "sun": {
      "astronomicalDawn": "2020-11-20T04:47:00Z",
      "astronomicalDusk": "2020-11-20T14:50:00Z",
      "civilDawn": "2020-11-20T05:22:00Z",
      "civilDusk": "2020-11-20T14:14:00Z",
      "date": "2020-11-19T23:00:00Z"
    },
    "thumbprint": "0c5218f2d1e13a131e24184593aa327c65faa8572536a0e04517fa326064c6c7"
  },
  {
    "elevationRange": {
      "ceiling": {
        "origin": "AMSL",
        "units": "FEETS",
        "value": 3000.0
      },
      "floor": {
        "origin": "GND",
        "units": "NONE",
        "value": 0.0
      }
    },
    "geometry": {
      "coordinates": [
        {
          "index": 0,
          "latitude": 50.2758,
          "longitude": 16.0167
        },
        {
          "index": 1,
          "latitude": 50.2744,
          "longitude": 16.1667
        },
        {
          "index": 2,
          "latitude": 50.1583,
          "longitude": 16.2667
        },
        {
          "index": 3,
          "latitude": 50.1583,
          "longitude": 16.0667
        },
        {
          "index": 4,
          "latitude": 50.2758,
          "longitude": 16.0167
        }
      ],
      "radius": 0.0,
      "shape": "POLYGON"
    },
    "handle": 3695204749,
    "identification": "LKTRA72",
    "name": "OPOCNO",
    "sun": {
      "astronomicalDawn": "2020-11-20T04:41:00Z",
      "astronomicalDusk": "2020-11-20T14:41:00Z",
      "civilDawn": "2020-11-20T05:17:00Z",
      "civilDusk": "2020-11-20T14:05:00Z",
      "date": "2020-11-19T23:00:00Z"
    },
    "thumbprint": "be4a9dc4c234c9e4f79b2290ba9502305f351023508f049ed69ba5ac4729cb86"
  },
  {
    "elevationRange": {
      "ceiling": {
        "origin": "FL",
        "units": "FEETS",
        "value": 9500.0
      },
      "floor": {
        "origin": "GND",
        "units": "NONE",
        "value": 0.0
      }
    },
    "geometry": {
      "coordinates": [
        {
          "index": 0,
          "latitude": 49.4478,
          "longitude": 17.1339
        }
      ],
      "radius": 5556.0,
      "shape": "POINT"
    },
    "handle": 4241202766,
    "identification": "LKTRA6",
    "name": "PROSTEJOV",
    "sun": {
      "astronomicalDawn": "2020-11-20T04:34:00Z",
      "astronomicalDusk": "2020-11-20T14:39:00Z",
      "civilDawn": "2020-11-20T05:10:00Z",
      "civilDusk": "2020-11-20T14:04:00Z",
      "date": "2020-11-19T23:00:00Z"
    },
    "thumbprint": "8cb4cdfdb1ef276b19be67a837e636a23ab360e47391d6f61e1e9c4f7d3533ec"
  }
]