[
  {
    "elevationRange": {
      "ceiling": {
        "origin": "FL",
        "units": "FEETS",
        "value": 66000.0
      },
      "floor": {
        "origin": "GND",
        "units": "NONE",
        "value": 0.0
      }
    },
    "geometry": {
      "coordinates": [
        {
          "index": 0,
          "latitude": 49.7633,
          "longitude": 17.6816
        },
        {
          "index": 1,
          "latitude": 49.7047,
          "longitude": 17.7224
        },
        {
          "index": 2,
          "latitude": 49.6497,
          "longitude": 17.6383
        },
        {
          "index": 3,
          "latitude": 49.5705,
          "longitude": 17.628
        },
        {
          "index": 4,
          "latitude": 49.5564,
          "longitude": 17.5444
        },
        {
          "index": 5,
          "latitude": 49.557,
          "longitude": 17.5308
        },
        {
          "index": 6,
          "latitude": 49.578,
          "longitude": 17.4833
        },
        {
          "index": 7,
          "latitude": 49.5997,
          "longitude": 17.3974
        },
        {
          "index": 8,
          "latitude": 49.6251,
          "longitude": 17.4058
        },
        {
          "index": 9,
          "latitude": 49.7422,
          "longitude": 17.4433
        },
        {
          "index": 10,
          "latitude": 49.7766,
          "longitude": 17.541
        },
        {
          "index": 11,
          "latitude": 49.7633,
          "longitude": 17.6816
        }
      ],
      "radius": 0.0,
      "shape": "POLYGON"
    },
    "handle": 105019258,
    "identification": "LKTSA3",
    "metar": {},
    "name": "LIBAVA",
    "sun": {
      "astronomicalDawn": "2020-11-20T04:33:00Z",
      "astronomicalDusk": "2020-11-20T14:37:00Z",
      "civilDawn": "2020-11-20T05:09:00Z",
      "civilDusk": "2020-11-20T14:01:00Z",
      "date": "2020-11-19T23:00:00Z"
    },
    "thumbprint": "454c142685dcb9c5fb146f276647468f3c6905c233cf72bedaaf2d3744ccfc3f"
  },
  {
    "elevationRange": {
      "ceiling": {
        "origin": "FL",
        "units": "FEETS",
        "value": 66000.0
      },
      "floor": {
        "origin": "GND",
        "units": "NONE",
        "value": 0.0
      }
    },
    "geometry": {
      "coordinates": [
        {
          "index": 0,
          "latitude": 50.3097,
          "longitude": 13.2292
        },
        {
          "index": 1,
          "latitude": 50.2778,
          "longitude": 13.235
        },
        {
          "index": 2,
          "latitude": 50.2143,
          "longitude": 13.2638
        },
        {
          "index": 3,
          "latitude": 50.1906,
          "longitude": 13.1756
        },
        {
          "index": 4,
          "latitude": 50.2275,
          "longitude": 13.0153
        },
        {
          "index": 5,
          "latitude": 50.2973,
          "longitude": 13.022
        },
        {
          "index": 6,
          "latitude": 50.3097,
          "longitude": 13.2292
        }
      ],
      "radius": 0.0,
      "shape": "POLYGON"
    },
    "handle": 2288632371,
    "identification": "LKTSA4C",
    "metar": {},
    "name": "HRADISTE",
    "sun": {
      "astronomicalDawn": "2020-11-20T04:53:00Z",
      "astronomicalDusk": "2020-11-20T14:53:00Z",
      "civilDawn": "2020-11-20T05:29:00Z",
      "civilDusk": "2020-11-20T14:16:00Z",
      "date": "2020-11-19T23:00:00Z"
    },
    "thumbprint": "6df0b5eaf60b0b35f27b29f19a591754b78e1baf251f8b669bd7a332bcb9a511"
  },
  {
    "elevationRange": {
      "ceiling": {
        "origin": "FL",
        "units": "FEETS",
        "value": 66000.0
      },
      "floor": {
        "origin": "GND",
        "units": "NONE",
        "value": 0.0
      }
    },
    "geometry": {
      "coordinates": [
        {
          "index": 0,
          "latitude": 49.6497,
          "longitude": 17.6383
        },
        {
          "index": 1,
          "latitude": 49.5705,
          "longitude": 17.628
        },
        {
          "index": 2,
          "latitude": 49.5564,
          "longitude": 17.5444
        },
        {
          "index": 3,
          "latitude": 49.557,
          "longitude": 17.5308
        },
        {
          "index": 4,
          "latitude": 49.578,
          "longitude": 17.4833
        },
        {
          "index": 5,
          "latitude": 49.6048,
          "longitude": 17.5377
        },
        {
          "index": 6,
          "latitude": 49.6497,
          "longitude": 17.6383
        }
      ],
      "radius": 0.0,
      "shape": "POLYGON"
    },
    "handle": 1195244388,
    "identification": "LKTSA3B",
    "metar": {},
    "name": "LIBAVA",
    "sun": {
      "astronomicalDawn": "2020-11-20T04:33:00Z",
      "astronomicalDusk": "2020-11-20T14:37:00Z",
      "civilDawn": "2020-11-20T05:09:00Z",
      "civilDusk": "2020-11-20T14:01:00Z",
      "date": "2020-11-19T23:00:00Z"
    },
    "thumbprint": "e31d7c8e5575e45a4277f9e107a5bf608f76ccaf728aae7fdc04548b6db52b42"
  },
  {
    "elevationRange": {
      "ceiling": {
        "origin": "AGL",
        "units": "FEETS",
        "value": 1000.0
      },
      "floor": {
        "origin": "AGL",
        "units": "FEETS",
        "value": 300.0
      }
    },
    "geometry": {
      "coordinates": [
        {
          "index": 0,
          "latitude": 49.8383,
          "longitude": 15.6232
        },
        {
          "index": 1,
          "latitude": 49.756,
          "longitude": 15.6483
        },
        {
          "index": 2,
          "latitude": 49.6652,
          "longitude": 15.5632
        },
        {
          "index": 3,
          "latitude": 49.624,
          "longitude": 15.461
        },
        {
          "index": 4,
          "latitude": 49.5178,
          "longitude": 15.4535
        },
        {
          "index": 5,
          "latitude": 49.3662,
          "longitude": 15.2766
        },
        {
          "index": 6,
          "latitude": 49.2364,
          "longitude": 14.922
        },
        {
          "index": 7,
          "latitude": 49.166,
          "longitude": 14.8963
        },
        {
          "index": 8,
          "latitude": 49.1115,
          "longitude": 14.8695
        },
        {
          "index": 9,
          "latitude": 49.1163,
          "longitude": 14.7768
        },
        {
          "index": 10,
          "latitude": 49.2642,
          "longitude": 14.8303
        },
        {
          "index": 11,
          "latitude": 49.4126,
          "longitude": 15.241
        },
        {
          "index": 12,
          "latitude": 49.5375,
          "longitude": 15.3703
        },
        {
          "index": 13,
          "latitude": 49.6594,
          "longitude": 15.3789
        },
        {
          "index": 14,
          "latitude": 49.7207,
          "longitude": 15.521
        },
        {
          "index": 15,
          "latitude": 49.7774,
          "longitude": 15.5204
        },
        {
          "index": 16,
          "latitude": 49.8383,
          "longitude": 15.6232
        }
      ],
      "radius": 0.0,
      "shape": "POLYGON"
    },
    "handle": 612498412,
    "identification": "LKTSA27",
    "metar": {},
    "name": "HUMPOLEC",
    "sun": {
      "astronomicalDawn": "2020-11-20T04:43:00Z",
      "astronomicalDusk": "2020-11-20T14:45:00Z",
      "civilDawn": "2020-11-20T05:18:00Z",
      "civilDusk": "2020-11-20T14:09:00Z",
      "date": "2020-11-19T23:00:00Z"
    },
    "thumbprint": "53302424bbac03004c459f8fc6256d1d9c5b65a3194ecd9dd3b2a6509d01bb22"
  },
  {
    "elevationRange": {
      "ceiling": {
        "origin": "FL",
        "units": "FEETS",
        "value": 66000.0
      },
      "floor": {
        "origin": "GND",
        "units": "NONE",
        "value": 0.0
      }
    },
    "geometry": {
      "coordinates": [
        {
          "index": 0,
          "latitude": 49.8089,
          "longitude": 13.9639
        },
        {
          "index": 1,
          "latitude": 49.77,
          "longitude": 14.0156
        },
        {
          "index": 2,
          "latitude": 49.7181,
          "longitude": 13.9444
        },
        {
          "index": 3,
          "latitude": 49.7189,
          "longitude": 13.8822
        },
        {
          "index": 4,
          "latitude": 49.7622,
          "longitude": 13.85
        },
        {
          "index": 5,
          "latitude": 49.8089,
          "longitude": 13.9639
        }
      ],
      "radius": 0.0,
      "shape": "POLYGON"
    },
    "handle": 2102708542,
    "identification": "LKTSA7B",
    "metar": {},
    "name": "JINCE",
    "sun": {
      "astronomicalDawn": "2020-11-20T04:48:00Z",
      "astronomicalDusk": "2020-11-20T14:51:00Z",
      "civilDawn": "2020-11-20T05:24:00Z",
      "civilDusk": "2020-11-20T14:15:00Z",
      "date": "2020-11-19T23:00:00Z"
    },
    "thumbprint": "60bd0ab7c76cb6b77db0c5b012b9d39a612c0097dd218caf84af583273d234ac"
  },
  {
    "elevationRange": {
      "ceiling": {
        "origin": "FL",
        "units": "FEETS",
        "value": 66000.0
      },
      "floor": {
        "origin": "GND",
        "units": "NONE",
        "value": 0.0
      }
    },
    "geometry": {
      "coordinates": [
        {
          "index": 0,
          "latitude": 49.46,
          "longitude": 16.9778
        },
        {
          "index": 1,
          "latitude": 49.3869,
          "longitude": 17.0244
        },
        {
          "index": 2,
          "latitude": 49.3669,
          "longitude": 17.0147
        },
        {
          "index": 3,
          "latitude": 49.3286,
          "longitude": 16.9181
        },
        {
          "index": 4,
          "latitude": 49.435,
          "longitude": 16.8994
        },
        {
          "index": 5,
          "latitude": 49.46,
          "longitude": 16.9778
        }
      ],
      "radius": 0.0,
      "shape": "POLYGON"
    },
    "handle": 3689457017,
    "identification": "LKTSA2B",
    "metar": {},
    "name": "BREZINA",
    "sun": {
      "astronomicalDawn": "2020-11-20T04:35:00Z",
      "astronomicalDusk": "2020-11-20T14:40:00Z",
      "civilDawn": "2020-11-20T05:10:00Z",
      "civilDusk": "2020-11-20T14:05:00Z",
      "date": "2020-11-19T23:00:00Z"
    },
    "thumbprint": "27014d280498a4be2b29c338304d5f399d85b739aede1adaab01fb9510fc6376"
  },
  {
    "elevationRange": {
      "ceiling": {
        "origin": "FL",
        "units": "FEETS",
        "value": 66000.0
      },
      "floor": {
        "origin": "GND",
        "units": "NONE",
        "value": 0.0
      }
    },
    "geometry": {
      "coordinates": [
        {
          "index": 0,
          "latitude": 49.3669,
          "longitude": 17.0147
        },
        {
          "index": 1,
          "latitude": 49.3453,
          "longitude": 17.0039
        },
        {
          "index": 2,
          "latitude": 49.3203,
          "longitude": 16.9781
        },
        {
          "index": 3,
          "latitude": 49.3286,
          "longitude": 16.9181
        },
        {
          "index": 4,
          "latitude": 49.3669,
          "longitude": 17.0147
        }
      ],
      "radius": 0.0,
      "shape": "POLYGON"
    },
    "handle": 2968347543,
    "identification": "LKTSA2C",
    "metar": {},
    "name": "BREZINA",
    "sun": {
      "astronomicalDawn": "2020-11-20T04:34:00Z",
      "astronomicalDusk": "2020-11-20T14:40:00Z",
      "civilDawn": "2020-11-20T05:10:00Z",
      "civilDusk": "2020-11-20T14:05:00Z",
      "date": "2020-11-19T23:00:00Z"
    },
    "thumbprint": "a64d289c128c44a289ae375eaf464ceb7b7d76ebcbc71e359daff7382d398787"
  },
  {
    "elevationRange": {
      "ceiling": {
        "origin": "AGL",
        "units": "FEETS",
        "value": 1000.0
      },
      "floor": {
        "origin": "GND",
        "units": "NONE",
        "value": 0.0
      }
    },
    "geometry": {
      "coordinates": [
        {
          "index": 0,
          "latitude": 49.3411,
          "longitude": 14.0756
        },
        {
          "index": 1,
          "latitude": 49.3451,
          "longitude": 14.0766
        },
        {
          "index": 2,
          "latitude": 49.3493,
          "longitude": 14.0787
        },
        {
          "index": 3,
          "latitude": 49.3531,
          "longitude": 14.0819
        },
        {
          "index": 4,
          "latitude": 49.3565,
          "longitude": 14.086
        },
        {
          "index": 5,
          "latitude": 49.3594,
          "longitude": 14.0909
        },
        {
          "index": 6,
          "latitude": 49.3617,
          "longitude": 14.0966
        },
        {
          "index": 7,
          "latitude": 49.3634,
          "longitude": 14.1028
        },
        {
          "index": 8,
          "latitude": 49.3643,
          "longitude": 14.1093
        },
        {
          "index": 9,
          "latitude": 49.3644,
          "longitude": 14.116
        },
        {
          "index": 10,
          "latitude": 49.3638,
          "longitude": 14.1226
        },
        {
          "index": 11,
          "latitude": 49.3624,
          "longitude": 14.1289
        },
        {
          "index": 12,
          "latitude": 49.3604,
          "longitude": 14.1348
        },
        {
          "index": 13,
          "latitude": 49.3577,
          "longitude": 14.1401
        },
        {
          "index": 14,
          "latitude": 49.3544,
          "longitude": 14.1445
        },
        {
          "index": 15,
          "latitude": 49.3507,
          "longitude": 14.148
        },
        {
          "index": 16,
          "latitude": 49.3467,
          "longitude": 14.1505
        },
        {
          "index": 17,
          "latitude": 49.3424,
          "longitude": 14.1519
        },
        {
          "index": 18,
          "latitude": 49.3381,
          "longitude": 14.1521
        },
        {
          "index": 19,
          "latitude": 49.3338,
          "longitude": 14.1511
        },
        {
          "index": 20,
          "latitude": 49.3296,
          "longitude": 14.149
        },
        {
          "index": 21,
          "latitude": 49.3258,
          "longitude": 14.1459
        },
        {
          "index": 22,
          "latitude": 49.3224,
          "longitude": 14.1418
        },
        {
          "index": 23,
          "latitude": 49.3183,
          "longitude": 14.1344
        },
        {
          "index": 24,
          "latitude": 49.3303,
          "longitude": 14.1103
        },
        {
          "index": 25,
          "latitude": 49.3411,
          "longitude": 14.0756
        }
      ],
      "radius": 0.0,
      "shape": "POLYGON"
    },
    "handle": 1664269663,
    "identification": "LKTSA60",
    "metar": {},
    "name": "PÍSEK",
    "sun": {
      "astronomicalDawn": "2020-11-20T04:46:00Z",
      "astronomicalDusk": "2020-11-20T14:52:00Z",
      "civilDawn": "2020-11-20T05:21:00Z",
      "civilDusk": "2020-11-20T14:16:00Z",
      "date": "2020-11-19T23:00:00Z"
    },
    "thumbprint": "94cc8b75f22eab3a565d9393e5e753a12896b9fee9862279f87bcb734ef57fb5"
  },
  {
    "elevationRange": {
      "ceiling": {
        "origin": "FL",
        "units": "FEETS",
        "value": 66000.0
      },
      "floor": {
        "origin": "GND",
        "units": "NONE",
        "value": 0.0
      }
    },
    "geometry": {
      "coordinates": [
        {
          "index": 0,
          "latitude": 48.9166,
          "longitude": 14.1324
        },
        {
          "index": 1,
          "latitude": 48.8091,
          "longitude": 14.2714
        },
        {
          "index": 2,
          "latitude": 48.7724,
          "longitude": 14.0325
        },
        {
          "index": 3,
          "latitude": 48.9116,
          "longitude": 13.8927
        },
        {
          "index": 4,
          "latitude": 48.9166,
          "longitude": 14.1324
        }
      ],
      "radius": 0.0,
      "shape": "POLYGON"
    },
    "handle": 2955065264,
    "identification": "LKTSA1",
    "metar": {},
    "name": "BOLETICE",
    "sun": {
      "astronomicalDawn": "2020-11-20T04:45:00Z",
      "astronomicalDusk": "2020-11-20T14:53:00Z",
      "civilDawn": "2020-11-20T05:21:00Z",
      "civilDusk": "2020-11-20T14:18:00Z",
      "date": "2020-11-19T23:00:00Z"
    },
    "thumbprint": "e4b56dfd4dfbba67780e0ad6046891ee41f467aef372aaba19e9a6fc9e4a6039"
  },
  {
    "elevationRange": {
      "ceiling": {
        "origin": "FL",
        "units": "FEETS",
        "value": 66000.0
      },
      "floor": {
        "origin": "GND",
        "units": "NONE",
        "value": 0.0
      }
    },
    "geometry": {
      "coordinates": [
        {
          "index": 0,
          "latitude": 49.4883,
          "longitude": 16.96
        },
        {
          "index": 1,
          "latitude": 49.46,
          "longitude": 16.9778
        },
        {
          "index": 2,
          "latitude": 49.3869,
          "longitude": 17.0244
        },
        {
          "index": 3,
          "latitude": 49.3669,
          "longitude": 17.0147
        },
        {
          "index": 4,
          "latitude": 49.3453,
          "longitude": 17.0039
        },
        {
          "index": 5,
          "latitude": 49.3203,
          "longitude": 16.9781
        },
        {
          "index": 6,
          "latitude": 49.3286,
          "longitude": 16.9181
        },
        {
          "index": 7,
          "latitude": 49.435,
          "longitude": 16.8994
        },
        {
          "index": 8,
          "latitude": 49.4667,
          "longitude": 16.8794
        },
        {
          "index": 9,
          "latitude": 49.4883,
          "longitude": 16.96
        }
      ],
      "radius": 0.0,
      "shape": "POLYGON"
    },
    "handle": 1104376777,
    "identification": "LKTSA2",
    "metar": {},
    "name": "BREZINA",
    "sun": {
      "astronomicalDawn": "2020-11-20T04:35:00Z",
      "astronomicalDusk": "2020-11-20T14:40:00Z",
      "civilDawn": "2020-11-20T05:11:00Z",
      "civilDusk": "2020-11-20T14:05:00Z",
      "date": "2020-11-19T23:00:00Z"
    },
    "thumbprint": "401dafc0f9a03e17061803827d2effc1703009516687f1f80abfd9cfc40b3901"
  },
  {
    "elevationRange": {
      "ceiling": {
        "origin": "FL",
        "units": "FEETS",
        "value": 23500.0
      },
      "floor": {
        "origin": "FL",
        "units": "FEETS",
        "value": 9500.0
      }
    },
    "geometry": {
      "coordinates": [
        {
          "index": 0,
          "latitude": 50.0514,
          "longitude": 16.7292
        },
        {
          "index": 1,
          "latitude": 50.183,
          "longitude": 17.0482
        },
        {
          "index": 2,
          "latitude": 49.9833,
          "longitude": 17.2667
        },
        {
          "index": 3,
          "latitude": 50.0514,
          "longitude": 16.7292
        }
      ],
      "radius": 0.0,
      "shape": "POLYGON"
    },
    "handle": 2065954462,
    "identification": "LKTSA48",
    "metar": {},
    "name": "HANUŠOVICE",
    "sun": {
      "astronomicalDawn": "2020-11-20T04:37:00Z",
      "astronomicalDusk": "2020-11-20T14:38:00Z",
      "civilDawn": "2020-11-20T05:13:00Z",
      "civilDusk": "2020-11-20T14:02:00Z",
      "date": "2020-11-19T23:00:00Z"
    },
    "thumbprint": "49a94c6e35490c455ab248f7c5daa87db21e2394c3336c269aa54a6b7d216298"
  },
  {
    "elevationRange": {
      "ceiling": {
        "origin": "FL",
        "units": "FEETS",
        "value": 66000.0
      },
      "floor": {
        "origin": "GND",
        "units": "NONE",
        "value": 0.0
      }
    },
    "geometry": {
      "coordinates": [
        {
          "index": 0,
          "latitude": 49.7633,
          "longitude": 17.6816
        },
        {
          "index": 1,
          "latitude": 49.7047,
          "longitude": 17.7224
        },
        {
          "index": 2,
          "latitude": 49.6497,
          "longitude": 17.6383
        },
        {
          "index": 3,
          "latitude": 49.6048,
          "longitude": 17.5377
        },
        {
          "index": 4,
          "latitude": 49.578,
          "longitude": 17.4833
        },
        {
          "index": 5,
          "latitude": 49.5997,
          "longitude": 17.3974
        },
        {
          "index": 6,
          "latitude": 49.6251,
          "longitude": 17.4058
        },
        {
          "index": 7,
          "latitude": 49.7422,
          "longitude": 17.4433
        },
        {
          "index": 8,
          "latitude": 49.7766,
          "longitude": 17.541
        },
        {
          "index": 9,
          "latitude": 49.7633,
          "longitude": 17.6816
        }
      ],
      "radius": 0.0,
      "shape": "POLYGON"
    },
    "handle": 104280535,
    "identification": "LKTSA3A",
    "metar": {},
    "name": "LIBAVA",
    "sun": {
      "astronomicalDawn": "2020-11-20T04:33:00Z",
      "astronomicalDusk": "2020-11-20T14:37:00Z",
      "civilDawn": "2020-11-20T05:09:00Z",
      "civilDusk": "2020-11-20T14:01:00Z",
      "date": "2020-11-19T23:00:00Z"
    },
    "thumbprint": "1ba10a9d31f37f80da945d006fb426061a45ce713e664a40d8459f72d5babc6e"
  },
  {
    "elevationRange": {
      "ceiling": {
        "origin": "FL",
        "units": "FEETS",
        "value": 66000.0
      },
      "floor": {
        "origin": "GND",
        "units": "NONE",
        "value": 0.0
      }
    },
    "geometry": {
      "coordinates": [
        {
          "index": 0,
          "latitude": 50.3511,
          "longitude": 13.2297
        },
        {
          "index": 1,
          "latitude": 50.3097,
          "longitude": 13.2292
        },
        {
          "index": 2,
          "latitude": 50.2973,
          "longitude": 13.022
        },
        {
          "index": 3,
          "latitude": 50.3364,
          "longitude": 13.05
        },
        {
          "index": 4,
          "latitude": 50.3622,
          "longitude": 13.1036
        },
        {
          "index": 5,
          "latitude": 50.3511,
          "longitude": 13.2297
        }
      ],
      "radius": 0.0,
      "shape": "POLYGON"
    },
    "handle": 3013973531,
    "identification": "LKTSA4D",
    "metar": {},
    "name": "HRADISTE",
    "sun": {
      "astronomicalDawn": "2020-11-20T04:53:00Z",
      "astronomicalDusk": "2020-11-20T14:53:00Z",
      "civilDawn": "2020-11-20T05:29:00Z",
      "civilDusk": "2020-11-20T14:16:00Z",
      "date": "2020-11-19T23:00:00Z"
    },
    "thumbprint": "79ffa98fdf2d23f63dbe2e4f55f8fbdc1b3e23c0e6eef33164bf347369294a99"
  },
  {
    "elevationRange": {
      "ceiling": {
        "origin": "FL",
        "units": "FEETS",
        "value": 66000.0
      },
      "floor": {
        "origin": "GND",
        "units": "NONE",
        "value": 0.0
      }
    },
    "geometry": {
      "coordinates": [
        {
          "index": 0,
          "latitude": 49.7622,
          "longitude": 13.85
        },
        {
          "index": 1,
          "latitude": 49.7189,
          "longitude": 13.8822
        },
        {
          "index": 2,
          "latitude": 49.7181,
          "longitude": 13.9444
        },
        {
          "index": 3,
          "latitude": 49.6783,
          "longitude": 13.9111
        },
        {
          "index": 4,
          "latitude": 49.7083,
          "longitude": 13.8236
        },
        {
          "index": 5,
          "latitude": 49.7622,
          "longitude": 13.85
        }
      ],
      "radius": 0.0,
      "shape": "POLYGON"
    },
    "handle": 2158399052,
    "identification": "LKTSA7A",
    "metar": {},
    "name": "JINCE",
    "sun": {
      "astronomicalDawn": "2020-11-20T04:48:00Z",
      "astronomicalDusk": "2020-11-20T14:52:00Z",
      "civilDawn": "2020-11-20T05:24:00Z",
      "civilDusk": "2020-11-20T14:16:00Z",
      "date": "2020-11-19T23:00:00Z"
    },
    "thumbprint": "a54b4fe9e3010fe1cec2374f65889f628fe88d880d22e9f14dd210ed1fa6aee3"
  },
  {
    "elevationRange": {
      "ceiling": {
        "origin": "FL",
        "units": "FEETS",
        "value": 66000.0
      },
      "floor": {
        "origin": "GND",
        "units": "NONE",
        "value": 0.0
      }
    },
    "geometry": {
      "coordinates": [
        {
          "index": 0,
          "latitude": 50.1831,
          "longitude": 13.1072
        },
        {
          "index": 1,
          "latitude": 50.1951,
          "longitude": 13.0228
        },
        {
          "index": 2,
          "latitude": 50.1975,
          "longitude": 13.0169
        },
        {
          "index": 3,
          "latitude": 50.2275,
          "longitude": 13.0153
        },
        {
          "index": 4,
          "latitude": 50.1831,
          "longitude": 13.1072
        }
      ],
      "radius": 0.0,
      "shape": "POLYGON"
    },
    "handle": 1158711347,
    "identification": "LKTSA4A",
    "metar": {},
    "name": "HRADISTE",
    "sun": {
      "astronomicalDawn": "2020-11-20T04:52:00Z",
      "astronomicalDusk": "2020-11-20T14:54:00Z",
      "civilDawn": "2020-11-20T05:29:00Z",
      "civilDusk": "2020-11-20T14:17:00Z",
      "date": "2020-11-19T23:00:00Z"
    },
    "thumbprint": "bc93f9a47dfb7d65c8581722e77eef71bb818a816d3825a4154ac8751f00c771"
  },
  {
    "elevationRange": {
      "ceiling": {
        "origin": "FL",
        "units": "FEETS",
        "value": 23500.0
      },
      "floor": {
        "origin": "FL",
        "units": "FEETS",
        "value": 9500.0
      }
    },
    "geometry": {
      "coordinates": [
        {
          "index": 0,
          "latitude": 50.0964,
          "longitude": 16.7051
        },
        {
          "index": 1,
          "latitude": 50.0973,
          "longitude": 16.7035
        },
        {
          "index": 2,
          "latitude": 50.1161,
          "longitude": 16.7272
        },
        {
          "index": 3,
          "latitude": 50.1333,
          "longitude": 16.7411
        },
        {
          "index": 4,
          "latitude": 50.1342,
          "longitude": 16.7589
        },
        {
          "index": 5,
          "latitude": 50.1433,
          "longitude": 16.7731
        },
        {
          "index": 6,
          "latitude": 50.1575,
          "longitude": 16.7872
        },
        {
          "index": 7,
          "latitude": 50.1755,
          "longitude": 16.795
        },
        {
          "index": 8,
          "latitude": 50.1803,
          "longitude": 16.7992
        },
        {
          "index": 9,
          "latitude": 50.1886,
          "longitude": 16.8208
        },
        {
          "index": 10,
          "latitude": 50.1975,
          "longitude": 16.8236
        },
        {
          "index": 11,
          "latitude": 50.2086,
          "longitude": 16.8431
        },
        {
          "index": 12,
          "latitude": 50.2055,
          "longitude": 16.8494
        },
        {
          "index": 13,
          "latitude": 50.1961,
          "longitude": 16.8694
        },
        {
          "index": 14,
          "latitude": 50.2003,
          "longitude": 16.8767
        },
        {
          "index": 15,
          "latitude": 50.2189,
          "longitude": 16.8889
        },
        {
          "index": 16,
          "latitude": 50.2239,
          "longitude": 16.905
        },
        {
          "index": 17,
          "latitude": 50.2239,
          "longitude": 16.905
        },
        {
          "index": 18,
          "latitude": 50.2242,
          "longitude": 16.9225
        },
        {
          "index": 19,
          "latitude": 50.2219,
          "longitude": 16.9381
        },
        {
          "index": 20,
          "latitude": 50.2253,
          "longitude": 16.9522
        },
        {
          "index": 21,
          "latitude": 50.228,
          "longitude": 16.9575
        },
        {
          "index": 22,
          "latitude": 50.2364,
          "longitude": 16.9547
        },
        {
          "index": 23,
          "latitude": 50.2436,
          "longitude": 16.9714
        },
        {
          "index": 24,
          "latitude": 50.2347,
          "longitude": 16.9789
        },
        {
          "index": 25,
          "latitude": 50.2244,
          "longitude": 16.9856
        },
        {
          "index": 26,
          "latitude": 50.2167,
          "longitude": 16.9983
        },
        {
          "index": 27,
          "latitude": 50.2244,
          "longitude": 17.0161
        },
        {
          "index": 28,
          "latitude": 50.2308,
          "longitude": 17.0206
        },
        {
          "index": 29,
          "latitude": 50.2458,
          "longitude": 17.0075
        },
        {
          "index": 30,
          "latitude": 50.2569,
          "longitude": 17.0008
        },
        {
          "index": 31,
          "latitude": 50.2711,
          "longitude": 17.0142
        },
        {
          "index": 32,
          "latitude": 50.2903,
          "longitude": 17.0092
        },
        {
          "index": 33,
          "latitude": 50.2989,
          "longitude": 16.9983
        },
        {
          "index": 34,
          "latitude": 50.308,
          "longitude": 16.9672
        },
        {
          "index": 35,
          "latitude": 50.3133,
          "longitude": 16.9422
        },
        {
          "index": 36,
          "latitude": 50.3255,
          "longitude": 16.9286
        },
        {
          "index": 37,
          "latitude": 50.34,
          "longitude": 16.9292
        },
        {
          "index": 38,
          "latitude": 50.3517,
          "longitude": 16.9178
        },
        {
          "index": 39,
          "latitude": 50.3628,
          "longitude": 16.9122
        },
        {
          "index": 40,
          "latitude": 50.3717,
          "longitude": 16.9139
        },
        {
          "index": 41,
          "latitude": 50.385,
          "longitude": 16.9067
        },
        {
          "index": 42,
          "latitude": 50.3917,
          "longitude": 16.8917
        },
        {
          "index": 43,
          "latitude": 50.403,
          "longitude": 16.8678
        },
        {
          "index": 44,
          "latitude": 50.4089,
          "longitude": 16.86
        },
        {
          "index": 45,
          "latitude": 50.4292,
          "longitude": 16.8764
        },
        {
          "index": 46,
          "latitude": 50.4383,
          "longitude": 16.8828
        },
        {
          "index": 47,
          "latitude": 50.4436,
          "longitude": 16.8942
        },
        {
          "index": 48,
          "latitude": 50.4453,
          "longitude": 16.9122
        },
        {
          "index": 49,
          "latitude": 50.4355,
          "longitude": 16.9369
        },
        {
          "index": 50,
          "latitude": 50.4264,
          "longitude": 16.9603
        },
        {
          "index": 51,
          "latitude": 50.42,
          "longitude": 16.9889
        },
        {
          "index": 52,
          "latitude": 50.4197,
          "longitude": 16.9961
        },
        {
          "index": 53,
          "latitude": 50.4186,
          "longitude": 17.02
        },
        {
          "index": 54,
          "latitude": 50.4122,
          "longitude": 17.0303
        },
        {
          "index": 55,
          "latitude": 50.405,
          "longitude": 17.0408
        },
        {
          "index": 56,
          "latitude": 50.4089,
          "longitude": 17.0525
        },
        {
          "index": 57,
          "latitude": 50.4033,
          "longitude": 17.0661
        },
        {
          "index": 58,
          "latitude": 50.4053,
          "longitude": 17.0989
        },
        {
          "index": 59,
          "latitude": 50.3933,
          "longitude": 17.1056
        },
        {
          "index": 60,
          "latitude": 50.3897,
          "longitude": 17.1075
        },
        {
          "index": 61,
          "latitude": 50.3894,
          "longitude": 17.1222
        },
        {
          "index": 62,
          "latitude": 50.3792,
          "longitude": 17.1381
        },
        {
          "index": 63,
          "latitude": 50.3811,
          "longitude": 17.1456
        },
        {
          "index": 64,
          "latitude": 50.3786,
          "longitude": 17.1517
        },
        {
          "index": 65,
          "latitude": 50.3816,
          "longitude": 17.1706
        },
        {
          "index": 66,
          "latitude": 50.3841,
          "longitude": 17.1769
        },
        {
          "index": 67,
          "latitude": 50.3861,
          "longitude": 17.1914
        },
        {
          "index": 68,
          "latitude": 50.3778,
          "longitude": 17.1986
        },
        {
          "index": 69,
          "latitude": 50.3789,
          "longitude": 17.1917
        },
        {
          "index": 70,
          "latitude": 50.3778,
          "longitude": 17.19
        },
        {
          "index": 71,
          "latitude": 50.3739,
          "longitude": 17.1844
        },
        {
          "index": 72,
          "latitude": 50.3624,
          "longitude": 17.1979
        },
        {
          "index": 73,
          "latitude": 50.364,
          "longitude": 17.2011
        },
        {
          "index": 74,
          "latitude": 50.2234,
          "longitude": 17.1952
        },
        {
          "index": 75,
          "latitude": 49.9952,
          "longitude": 17.4325
        },
        {
          "index": 76,
          "latitude": 49.9833,
          "longitude": 17.2667
        },
        {
          "index": 77,
          "latitude": 50.183,
          "longitude": 17.0482
        },
        {
          "index": 78,
          "latitude": 50.0514,
          "longitude": 16.7292
        },
        {
          "index": 79,
          "latitude": 50.0964,
          "longitude": 16.7051
        }
      ],
      "radius": 0.0,
      "shape": "POLYGON"
    },
    "handle": 1524001564,
    "identification": "LKTSA44",
    "metar": {},
    "name": "JESENÍKY",
    "sun": {
      "astronomicalDawn": "2020-11-20T04:38:00Z",
      "astronomicalDusk": "2020-11-20T14:37:00Z",
      "civilDawn": "2020-11-20T05:14:00Z",
      "civilDusk": "2020-11-20T14:00:00Z",
      "date": "2020-11-19T23:00:00Z"
    },
    "thumbprint": "3867dce1b50b1b0b938d835822e433314bfa8f1ee713774895aab6d5af7c0313"
  },
  {
    "elevationRange": {
      "ceiling": {
        "origin": "FL",
        "units": "FEETS",
        "value": 18500.0
      },
      "floor": {
        "origin": "FL",
        "units": "FEETS",
        "value": 9500.0
      }
    },
    "geometry": {
      "coordinates": [
        {
          "index": 0,
          "latitude": 50.253,
          "longitude": 17.4453
        },
        {
          "index": 1,
          "latitude": 50.2522,
          "longitude": 17.448
        },
        {
          "index": 2,
          "latitude": 50.2602,
          "longitude": 17.4533
        },
        {
          "index": 3,
          "latitude": 50.2664,
          "longitude": 17.4581
        },
        {
          "index": 4,
          "latitude": 50.2686,
          "longitude": 17.4781
        },
        {
          "index": 5,
          "latitude": 50.273,
          "longitude": 17.5081
        },
        {
          "index": 6,
          "latitude": 50.273,
          "longitude": 17.5089
        },
        {
          "index": 7,
          "latitude": 50.2689,
          "longitude": 17.5325
        },
        {
          "index": 8,
          "latitude": 50.27,
          "longitude": 17.5653
        },
        {
          "index": 9,
          "latitude": 50.2733,
          "longitude": 17.5794
        },
        {
          "index": 10,
          "latitude": 50.2744,
          "longitude": 17.5881
        },
        {
          "index": 11,
          "latitude": 50.2686,
          "longitude": 17.5972
        },
        {
          "index": 12,
          "latitude": 50.2647,
          "longitude": 17.6117
        },
        {
          "index": 13,
          "latitude": 50.2675,
          "longitude": 17.6192
        },
        {
          "index": 14,
          "latitude": 50.2711,
          "longitude": 17.6308
        },
        {
          "index": 15,
          "latitude": 50.2725,
          "longitude": 17.6389
        },
        {
          "index": 16,
          "latitude": 50.2737,
          "longitude": 17.6384
        },
        {
          "index": 17,
          "latitude": 50.2034,
          "longitude": 17.7337
        },
        {
          "index": 18,
          "latitude": 50.2012,
          "longitude": 17.7327
        },
        {
          "index": 19,
          "latitude": 50.2013,
          "longitude": 17.7317
        },
        {
          "index": 20,
          "latitude": 50.2041,
          "longitude": 17.7211
        },
        {
          "index": 21,
          "latitude": 50.193,
          "longitude": 17.7072
        },
        {
          "index": 22,
          "latitude": 50.1863,
          "longitude": 17.7072
        },
        {
          "index": 23,
          "latitude": 50.1788,
          "longitude": 17.6925
        },
        {
          "index": 24,
          "latitude": 50.1794,
          "longitude": 17.6822
        },
        {
          "index": 25,
          "latitude": 50.1816,
          "longitude": 17.6728
        },
        {
          "index": 26,
          "latitude": 50.1758,
          "longitude": 17.6603
        },
        {
          "index": 27,
          "latitude": 50.1738,
          "longitude": 17.6458
        },
        {
          "index": 28,
          "latitude": 50.1697,
          "longitude": 17.6375
        },
        {
          "index": 29,
          "latitude": 50.1677,
          "longitude": 17.6094
        },
        {
          "index": 30,
          "latitude": 50.165,
          "longitude": 17.5931
        },
        {
          "index": 31,
          "latitude": 50.1519,
          "longitude": 17.5942
        },
        {
          "index": 32,
          "latitude": 50.1452,
          "longitude": 17.6033
        },
        {
          "index": 33,
          "latitude": 50.1188,
          "longitude": 17.6467
        },
        {
          "index": 34,
          "latitude": 50.1088,
          "longitude": 17.6597
        },
        {
          "index": 35,
          "latitude": 50.1063,
          "longitude": 17.6747
        },
        {
          "index": 36,
          "latitude": 50.1133,
          "longitude": 17.6914
        },
        {
          "index": 37,
          "latitude": 50.1133,
          "longitude": 17.6939
        },
        {
          "index": 38,
          "latitude": 50.1077,
          "longitude": 17.705
        },
        {
          "index": 39,
          "latitude": 50.1019,
          "longitude": 17.7264
        },
        {
          "index": 40,
          "latitude": 50.1005,
          "longitude": 17.7347
        },
        {
          "index": 41,
          "latitude": 50.0891,
          "longitude": 17.7389
        },
        {
          "index": 42,
          "latitude": 50.0805,
          "longitude": 17.7444
        },
        {
          "index": 43,
          "latitude": 50.0697,
          "longitude": 17.7542
        },
        {
          "index": 44,
          "latitude": 50.0672,
          "longitude": 17.755
        },
        {
          "index": 45,
          "latitude": 50.0641,
          "longitude": 17.7597
        },
        {
          "index": 46,
          "latitude": 50.0502,
          "longitude": 17.7692
        },
        {
          "index": 47,
          "latitude": 50.0427,
          "longitude": 17.7731
        },
        {
          "index": 48,
          "latitude": 50.0288,
          "longitude": 17.7786
        },
        {
          "index": 49,
          "latitude": 50.0236,
          "longitude": 17.7783
        },
        {
          "index": 50,
          "latitude": 50.0202,
          "longitude": 17.7841
        },
        {
          "index": 51,
          "latitude": 50.0194,
          "longitude": 17.7829
        },
        {
          "index": 52,
          "latitude": 49.8932,
          "longitude": 17.7533
        },
        {
          "index": 53,
          "latitude": 50.0083,
          "longitude": 17.6209
        },
        {
          "index": 54,
          "latitude": 50.1646,
          "longitude": 17.4398
        },
        {
          "index": 55,
          "latitude": 50.253,
          "longitude": 17.4453
        }
      ],
      "radius": 0.0,
      "shape": "POLYGON"
    },
    "handle": 571661086,
    "identification": "LKTSA49",
    "metar": {},
    "name": "KRNOV",
    "sun": {
      "astronomicalDawn": "2020-11-20T04:35:00Z",
      "astronomicalDusk": "2020-11-20T14:35:00Z",
      "civilDawn": "2020-11-20T05:11:00Z",
      "civilDusk": "2020-11-20T13:59:00Z",
      "date": "2020-11-19T23:00:00Z"
    },
    "thumbprint": "732ceed4f0e73c1c6fb74031f863a860fe1a9594d02510f917460582f390a394"
  },
  {
    "elevationRange": {
      "ceiling": {
        "origin": "AGL",
        "units": "FEETS",
        "value": 1000.0
      },
      "floor": {
        "origin": "AGL",
        "units": "FEETS",
        "value": 300.0
      }
    },
    "geometry": {
      "coordinates": [
        {
          "index": 0,
          "latitude": 49.5599,
          "longitude": 16.2219
        },
        {
          "index": 1,
          "latitude": 49.5017,
          "longitude": 16.3249
        },
        {
          "index": 2,
          "latitude": 49.4545,
          "longitude": 16.2035
        },
        {
          "index": 3,
          "latitude": 49.4067,
          "longitude": 16.0811
        },
        {
          "index": 4,
          "latitude": 49.3147,
          "longitude": 15.9552
        },
        {
          "index": 5,
          "latitude": 49.2841,
          "longitude": 15.9165
        },
        {
          "index": 6,
          "latitude": 49.3229,
          "longitude": 15.7776
        },
        {
          "index": 7,
          "latitude": 49.3855,
          "longitude": 15.8771
        },
        {
          "index": 8,
          "latitude": 49.5124,
          "longitude": 16.1112
        },
        {
          "index": 9,
          "latitude": 49.5599,
          "longitude": 16.2219
        }
      ],
      "radius": 0.0,
      "shape": "POLYGON"
    },
    "handle": 4216706946,
    "identification": "LKTSA21",
    "metar": {},
    "name": "MERIN",
    "sun": {
      "astronomicalDawn": "2020-11-20T04:39:00Z",
      "astronomicalDusk": "2020-11-20T14:43:00Z",
      "civilDawn": "2020-11-20T05:14:00Z",
      "civilDusk": "2020-11-20T14:07:00Z",
      "date": "2020-11-19T23:00:00Z"
    },
    "thumbprint": "d3e745a0e5925c5861ea659954b9c7f2e2c90069aac09f4266e3194016ea6efe"
  },
  {
    "elevationRange": {
      "ceiling": {
        "origin": "FL",
        "units": "FEETS",
        "value": 22500.0
      },
      "floor": {
        "origin": "FL",
        "units": "FEETS",
        "value": 9500.0
      }
    },
    "geometry": {
      "coordinates": [
        {
          "index": 0,
          "latitude": 50.777,
          "longitude": 15.5243
        },
        {
          "index": 1,
          "latitude": 50.7797,
          "longitude": 15.5234
        },
        {
          "index": 2,
          "latitude": 50.7822,
          "longitude": 15.5414
        },
        {
          "index": 3,
          "latitude": 50.7811,
          "longitude": 15.5561
        },
        {
          "index": 4,
          "latitude": 50.7797,
          "longitude": 15.5831
        },
        {
          "index": 5,
          "latitude": 50.78,
          "longitude": 15.5867
        },
        {
          "index": 6,
          "latitude": 50.7783,
          "longitude": 15.6056
        },
        {
          "index": 7,
          "latitude": 50.7747,
          "longitude": 15.6158
        },
        {
          "index": 8,
          "latitude": 50.7639,
          "longitude": 15.6333
        },
        {
          "index": 9,
          "latitude": 50.7625,
          "longitude": 15.6544
        },
        {
          "index": 10,
          "latitude": 50.7575,
          "longitude": 15.6767
        },
        {
          "index": 11,
          "latitude": 50.7469,
          "longitude": 15.6828
        },
        {
          "index": 12,
          "latitude": 50.7397,
          "longitude": 15.6992
        },
        {
          "index": 13,
          "latitude": 50.7406,
          "longitude": 15.7247
        },
        {
          "index": 14,
          "latitude": 50.7364,
          "longitude": 15.7364
        },
        {
          "index": 15,
          "latitude": 50.7428,
          "longitude": 15.7472
        },
        {
          "index": 16,
          "latitude": 50.7458,
          "longitude": 15.7556
        },
        {
          "index": 17,
          "latitude": 50.7467,
          "longitude": 15.7656
        },
        {
          "index": 18,
          "latitude": 50.7442,
          "longitude": 15.7811
        },
        {
          "index": 19,
          "latitude": 50.7492,
          "longitude": 15.7897
        },
        {
          "index": 20,
          "latitude": 50.7544,
          "longitude": 15.7936
        },
        {
          "index": 21,
          "latitude": 50.7558,
          "longitude": 15.8078
        },
        {
          "index": 22,
          "latitude": 50.7536,
          "longitude": 15.8153
        },
        {
          "index": 23,
          "latitude": 50.7494,
          "longitude": 15.8208
        },
        {
          "index": 24,
          "latitude": 50.7406,
          "longitude": 15.8275
        },
        {
          "index": 25,
          "latitude": 50.7286,
          "longitude": 15.8269
        },
        {
          "index": 26,
          "latitude": 50.7178,
          "longitude": 15.8369
        },
        {
          "index": 27,
          "latitude": 50.7139,
          "longitude": 15.8419
        },
        {
          "index": 28,
          "latitude": 50.7114,
          "longitude": 15.8489
        },
        {
          "index": 29,
          "latitude": 50.6875,
          "longitude": 15.8594
        },
        {
          "index": 30,
          "latitude": 50.675,
          "longitude": 15.8608
        },
        {
          "index": 31,
          "latitude": 50.6719,
          "longitude": 15.8803
        },
        {
          "index": 32,
          "latitude": 50.6831,
          "longitude": 15.9117
        },
        {
          "index": 33,
          "latitude": 50.6889,
          "longitude": 15.9336
        },
        {
          "index": 34,
          "latitude": 50.6936,
          "longitude": 15.9578
        },
        {
          "index": 35,
          "latitude": 50.6931,
          "longitude": 15.9722
        },
        {
          "index": 36,
          "latitude": 50.6883,
          "longitude": 15.9858
        },
        {
          "index": 37,
          "latitude": 50.6858,
          "longitude": 15.9872
        },
        {
          "index": 38,
          "latitude": 50.6764,
          "longitude": 15.9925
        },
        {
          "index": 39,
          "latitude": 50.6547,
          "longitude": 16.0
        },
        {
          "index": 40,
          "latitude": 50.6261,
          "longitude": 15.9956
        },
        {
          "index": 41,
          "latitude": 50.6153,
          "longitude": 15.9881
        },
        {
          "index": 42,
          "latitude": 50.6125,
          "longitude": 15.9914
        },
        {
          "index": 43,
          "latitude": 50.6072,
          "longitude": 15.9994
        },
        {
          "index": 44,
          "latitude": 50.6083,
          "longitude": 16.0139
        },
        {
          "index": 45,
          "latitude": 50.6067,
          "longitude": 16.0292
        },
        {
          "index": 46,
          "latitude": 50.6144,
          "longitude": 16.0436
        },
        {
          "index": 47,
          "latitude": 50.6158,
          "longitude": 16.0583
        },
        {
          "index": 48,
          "latitude": 50.6286,
          "longitude": 16.0611
        },
        {
          "index": 49,
          "latitude": 50.6408,
          "longitude": 16.0689
        },
        {
          "index": 50,
          "latitude": 50.6511,
          "longitude": 16.0875
        },
        {
          "index": 51,
          "latitude": 50.6528,
          "longitude": 16.089
        },
        {
          "index": 52,
          "latitude": 50.6527,
          "longitude": 16.0892
        },
        {
          "index": 53,
          "latitude": 50.5796,
          "longitude": 16.0613
        },
        {
          "index": 54,
          "latitude": 50.7463,
          "longitude": 15.5842
        },
        {
          "index": 55,
          "latitude": 50.777,
          "longitude": 15.5243
        }
      ],
      "radius": 0.0,
      "shape": "POLYGON"
    },
    "handle": 2443083522,
    "identification": "LKTSA42",
    "metar": {},
    "name": "KRKONOŠE",
    "sun": {
      "astronomicalDawn": "2020-11-20T04:44:00Z",
      "astronomicalDusk": "2020-11-20T14:40:00Z",
      "civilDawn": "2020-11-20T05:21:00Z",
      "civilDusk": "2020-11-20T14:04:00Z",
      "date": "2020-11-19T23:00:00Z"
    },
    "thumbprint": "7cb3395dccc0c68e630eabcf770c92743d1164f5b1d6aab439d25dcbb39265c7"
  },
  {
    "elevationRange": {
      "ceiling": {
        "origin": "FL",
        "units": "FEETS",
        "value": 66000.0
      },
      "floor": {
        "origin": "GND",
        "units": "NONE",
        "value": 0.0
      }
    },
    "geometry": {
      "coordinates": [
        {
          "index": 0,
          "latitude": 49.8283,
          "longitude": 13.9381
        },
        {
          "index": 1,
          "latitude": 49.8089,
          "longitude": 13.9639
        },
        {
          "index": 2,
          "latitude": 49.7622,
          "longitude": 13.85
        },
        {
          "index": 3,
          "latitude": 49.7956,
          "longitude": 13.8667
        },
        {
          "index": 4,
          "latitude": 49.8283,
          "longitude": 13.9381
        }
      ],
      "radius": 0.0,
      "shape": "POLYGON"
    },
    "handle": 540504933,
    "identification": "LKTSA7C",
    "metar": {},
    "name": "JINCE",
    "sun": {
      "astronomicalDawn": "2020-11-20T04:48:00Z",
      "astronomicalDusk": "2020-11-20T14:51:00Z",
      "civilDawn": "2020-11-20T05:24:00Z",
      "civilDusk": "2020-11-20T14:15:00Z",
      "date": "2020-11-19T23:00:00Z"
    },
    "thumbprint": "b19b977e358ae3f47680dec77e36015a0ba9a603e3aa6c1ea4f29d1a78b92613"
  },
  {
    "elevationRange": {
      "ceiling": {
        "origin": "AGL",
        "units": "FEETS",
        "value": 1000.0
      },
      "floor": {
        "origin": "AGL",
        "units": "FEETS",
        "value": 300.0
      }
    },
    "geometry": {
      "coordinates": [
        {
          "index": 0,
          "latitude": 49.9592,
          "longitude": 15.1992
        },
        {
          "index": 1,
          "latitude": 49.9349,
          "longitude": 15.2013
        },
        {
          "index": 2,
          "latitude": 49.8985,
          "longitude": 15.2532
        },
        {
          "index": 3,
          "latitude": 49.8433,
          "longitude": 15.1328
        },
        {
          "index": 4,
          "latitude": 49.6203,
          "longitude": 15.0558
        },
        {
          "index": 5,
          "latitude": 49.5129,
          "longitude": 14.693
        },
        {
          "index": 6,
          "latitude": 49.4637,
          "longitude": 14.4009
        },
        {
          "index": 7,
          "latitude": 49.5117,
          "longitude": 14.4194
        },
        {
          "index": 8,
          "latitude": 49.5574,
          "longitude": 14.6684
        },
        {
          "index": 9,
          "latitude": 49.6678,
          "longitude": 14.9775
        },
        {
          "index": 10,
          "latitude": 49.8777,
          "longitude": 15.0555
        },
        {
          "index": 11,
          "latitude": 49.9592,
          "longitude": 15.1992
        }
      ],
      "radius": 0.0,
      "shape": "POLYGON"
    },
    "handle": 3123768077,
    "identification": "LKTSA26",
    "metar": {},
    "name": "PRAVONIN",
    "sun": {
      "astronomicalDawn": "2020-11-20T04:45:00Z",
      "astronomicalDusk": "2020-11-20T14:46:00Z",
      "civilDawn": "2020-11-20T05:21:00Z",
      "civilDusk": "2020-11-20T14:10:00Z",
      "date": "2020-11-19T23:00:00Z"
    },
    "thumbprint": "6a379f5aa0935986c080725705aadb1122ff079c572d29a4bda3b86a84abb5db"
  },
  {
    "elevationRange": {
      "ceiling": {
        "origin": "AGL",
        "units": "FEETS",
        "value": 1000.0
      },
      "floor": {
        "origin": "AGL",
        "units": "FEETS",
        "value": 300.0
      }
    },
    "geometry": {
      "coordinates": [
        {
          "index": 0,
          "latitude": 49.3229,
          "longitude": 15.7776
        },
        {
          "index": 1,
          "latitude": 49.2841,
          "longitude": 15.9165
        },
        {
          "index": 2,
          "latitude": 49.2469,
          "longitude": 15.8683
        },
        {
          "index": 3,
          "latitude": 49.1858,
          "longitude": 15.7816
        },
        {
          "index": 4,
          "latitude": 49.14,
          "longitude": 15.696
        },
        {
          "index": 5,
          "latitude": 49.1149,
          "longitude": 15.5344
        },
        {
          "index": 6,
          "latitude": 49.0458,
          "longitude": 15.0989
        },
        {
          "index": 7,
          "latitude": 49.0518,
          "longitude": 14.754
        },
        {
          "index": 8,
          "latitude": 49.1163,
          "longitude": 14.7768
        },
        {
          "index": 9,
          "latitude": 49.1115,
          "longitude": 14.8695
        },
        {
          "index": 10,
          "latitude": 49.1018,
          "longitude": 15.0513
        },
        {
          "index": 11,
          "latitude": 49.1916,
          "longitude": 15.5525
        },
        {
          "index": 12,
          "latitude": 49.273,
          "longitude": 15.7071
        },
        {
          "index": 13,
          "latitude": 49.3229,
          "longitude": 15.7776
        }
      ],
      "radius": 0.0,
      "shape": "POLYGON"
    },
    "handle": 313130170,
    "identification": "LKTSA22",
    "metar": {},
    "name": "OPATOV",
    "sun": {
      "astronomicalDawn": "2020-11-20T04:42:00Z",
      "astronomicalDusk": "2020-11-20T14:45:00Z",
      "civilDawn": "2020-11-20T05:18:00Z",
      "civilDusk": "2020-11-20T14:09:00Z",
      "date": "2020-11-19T23:00:00Z"
    },
    "thumbprint": "a93a4f9282c862abc5576b6a859ba7c365f074f39c9cf7703e9214ec95c99b2f"
  },
  {
    "elevationRange": {
      "ceiling": {
        "origin": "FL",
        "units": "FEETS",
        "value": 66000.0
      },
      "floor": {
        "origin": "GND",
        "units": "NONE",
        "value": 0.0
      }
    },
    "geometry": {
      "coordinates": [
        {
          "index": 0,
          "latitude": 50.1906,
          "longitude": 13.1756
        },
        {
          "index": 1,
          "latitude": 50.1831,
          "longitude": 13.1072
        },
        {
          "index": 2,
          "latitude": 50.2275,
          "longitude": 13.0153
        },
        {
          "index": 3,
          "latitude": 50.1906,
          "longitude": 13.1756
        }
      ],
      "radius": 0.0,
      "shape": "POLYGON"
    },
    "handle": 1210505156,
    "identification": "LKTSA4B",
    "metar": {},
    "name": "HRADISTE",
    "sun": {
      "astronomicalDawn": "2020-11-20T04:52:00Z",
      "astronomicalDusk": "2020-11-20T14:53:00Z",
      "civilDawn": "2020-11-20T05:29:00Z",
      "civilDusk": "2020-11-20T14:17:00Z",
      "date": "2020-11-19T23:00:00Z"
    },
    "thumbprint": "4b78a0da4c1b4fb57e21b21a4f3bca0788fdf383988ba72cba3d45838a824545"
  },
  {
    "elevationRange": {
      "ceiling": {
        "origin": "FL",
        "units": "FEETS",
        "value": 66000.0
      },
      "floor": {
        "origin": "GND",
        "units": "NONE",
        "value": 0.0
      }
    },
    "geometry": {
      "coordinates": [
        {
          "index": 0,
          "latitude": 49.4883,
          "longitude": 16.96
        },
        {
          "index": 1,
          "latitude": 49.46,
          "longitude": 16.9778
        },
        {
          "index": 2,
          "latitude": 49.435,
          "longitude": 16.8994
        },
        {
          "index": 3,
          "latitude": 49.4667,
          "longitude": 16.8794
        },
        {
          "index": 4,
          "latitude": 49.4883,
          "longitude": 16.96
        }
      ],
      "radius": 0.0,
      "shape": "POLYGON"
    },
    "handle": 2468218139,
    "identification": "LKTSA2A",
    "metar": {},
    "name": "BREZINA",
    "sun": {
      "astronomicalDawn": "2020-11-20T04:35:00Z",
      "astronomicalDusk": "2020-11-20T14:40:00Z",
      "civilDawn": "2020-11-20T05:11:00Z",
      "civilDusk": "2020-11-20T14:05:00Z",
      "date": "2020-11-19T23:00:00Z"
    },
    "thumbprint": "8e5d3c04d1f66a870c5af16904f3ac689f75b6aca6e36939eaca586591403684"
  },
  {
    "elevationRange": {
      "ceiling": {
        "origin": "AGL",
        "units": "FEETS",
        "value": 1000.0
      },
      "floor": {
        "origin": "AGL",
        "units": "FEETS",
        "value": 300.0
      }
    },
    "geometry": {
      "coordinates": [
        {
          "index": 0,
          "latitude": 49.8383,
          "longitude": 15.6232
        },
        {
          "index": 1,
          "latitude": 49.7693,
          "longitude": 15.8496
        },
        {
          "index": 2,
          "latitude": 49.5599,
          "longitude": 16.2219
        },
        {
          "index": 3,
          "latitude": 49.5124,
          "longitude": 16.1112
        },
        {
          "index": 4,
          "latitude": 49.7452,
          "longitude": 15.7049
        },
        {
          "index": 5,
          "latitude": 49.7774,
          "longitude": 15.5204
        },
        {
          "index": 6,
          "latitude": 49.8383,
          "longitude": 15.6232
        }
      ],
      "radius": 0.0,
      "shape": "POLYGON"
    },
    "handle": 1886329322,
    "identification": "LKTSA20",
    "metar": {},
    "name": "ŽDÍREC",
    "sun": {
      "astronomicalDawn": "2020-11-20T04:41:00Z",
      "astronomicalDusk": "2020-11-20T14:43:00Z",
      "civilDawn": "2020-11-20T05:17:00Z",
      "civilDusk": "2020-11-20T14:07:00Z",
      "date": "2020-11-19T23:00:00Z"
    },
    "thumbprint": "eb48b6a889c495a106b32270f145f18e92b1adebf9fe58bb9575c52a4138ea9b"
  },
  {
    "elevationRange": {
      "ceiling": {
        "origin": "FL",
        "units": "FEETS",
        "value": 22500.0
      },
      "floor": {
        "origin": "FL",
        "units": "FEETS",
        "value": 9500.0
      }
    },
    "geometry": {
      "coordinates": [
        {
          "index": 0,
          "latitude": 50.5796,
          "longitude": 16.0613
        },
        {
          "index": 1,
          "latitude": 50.6527,
          "longitude": 16.0892
        },
        {
          "index": 2,
          "latitude": 50.6528,
          "longitude": 16.089
        },
        {
          "index": 3,
          "latitude": 50.6622,
          "longitude": 16.0978
        },
        {
          "index": 4,
          "latitude": 50.6611,
          "longitude": 16.1094
        },
        {
          "index": 5,
          "latitude": 50.6553,
          "longitude": 16.1347
        },
        {
          "index": 6,
          "latitude": 50.6553,
          "longitude": 16.1439
        },
        {
          "index": 7,
          "latitude": 50.6453,
          "longitude": 16.1644
        },
        {
          "index": 8,
          "latitude": 50.6356,
          "longitude": 16.1767
        },
        {
          "index": 9,
          "latitude": 50.6264,
          "longitude": 16.1878
        },
        {
          "index": 10,
          "latitude": 50.6317,
          "longitude": 16.2017
        },
        {
          "index": 11,
          "latitude": 50.6367,
          "longitude": 16.2178
        },
        {
          "index": 12,
          "latitude": 50.6392,
          "longitude": 16.2208
        },
        {
          "index": 13,
          "latitude": 50.6519,
          "longitude": 16.2228
        },
        {
          "index": 14,
          "latitude": 50.6656,
          "longitude": 16.2278
        },
        {
          "index": 15,
          "latitude": 50.6728,
          "longitude": 16.2367
        },
        {
          "index": 16,
          "latitude": 50.6681,
          "longitude": 16.2686
        },
        {
          "index": 17,
          "latitude": 50.6614,
          "longitude": 16.285
        },
        {
          "index": 18,
          "latitude": 50.6614,
          "longitude": 16.3022
        },
        {
          "index": 19,
          "latitude": 50.665,
          "longitude": 16.3186
        },
        {
          "index": 20,
          "latitude": 50.6633,
          "longitude": 16.3339
        },
        {
          "index": 21,
          "latitude": 50.6583,
          "longitude": 16.35
        },
        {
          "index": 22,
          "latitude": 50.6456,
          "longitude": 16.3572
        },
        {
          "index": 23,
          "latitude": 50.6369,
          "longitude": 16.3761
        },
        {
          "index": 24,
          "latitude": 50.6189,
          "longitude": 16.3958
        },
        {
          "index": 25,
          "latitude": 50.6064,
          "longitude": 16.4192
        },
        {
          "index": 26,
          "latitude": 50.5939,
          "longitude": 16.4364
        },
        {
          "index": 27,
          "latitude": 50.5939,
          "longitude": 16.4364
        },
        {
          "index": 28,
          "latitude": 50.5803,
          "longitude": 16.4461
        },
        {
          "index": 29,
          "latitude": 50.5728,
          "longitude": 16.4456
        },
        {
          "index": 30,
          "latitude": 50.5697,
          "longitude": 16.4164
        },
        {
          "index": 31,
          "latitude": 50.5711,
          "longitude": 16.4069
        },
        {
          "index": 32,
          "latitude": 50.5592,
          "longitude": 16.4047
        },
        {
          "index": 33,
          "latitude": 50.5517,
          "longitude": 16.4086
        },
        {
          "index": 34,
          "latitude": 50.54,
          "longitude": 16.3928
        },
        {
          "index": 35,
          "latitude": 50.535,
          "longitude": 16.3947
        },
        {
          "index": 36,
          "latitude": 50.5247,
          "longitude": 16.3925
        },
        {
          "index": 37,
          "latitude": 50.5158,
          "longitude": 16.3747
        },
        {
          "index": 38,
          "latitude": 50.5033,
          "longitude": 16.3636
        },
        {
          "index": 39,
          "latitude": 50.4978,
          "longitude": 16.35
        },
        {
          "index": 40,
          "latitude": 50.4997,
          "longitude": 16.3311
        },
        {
          "index": 41,
          "latitude": 50.5078,
          "longitude": 16.3136
        },
        {
          "index": 42,
          "latitude": 50.4994,
          "longitude": 16.3025
        },
        {
          "index": 43,
          "latitude": 50.4967,
          "longitude": 16.31
        },
        {
          "index": 44,
          "latitude": 50.4931,
          "longitude": 16.3119
        },
        {
          "index": 45,
          "latitude": 50.4817,
          "longitude": 16.2811
        },
        {
          "index": 46,
          "latitude": 50.4753,
          "longitude": 16.2653
        },
        {
          "index": 47,
          "latitude": 50.4753,
          "longitude": 16.2561
        },
        {
          "index": 48,
          "latitude": 50.4675,
          "longitude": 16.2519
        },
        {
          "index": 49,
          "latitude": 50.4692,
          "longitude": 16.245
        },
        {
          "index": 50,
          "latitude": 50.4639,
          "longitude": 16.2425
        },
        {
          "index": 51,
          "latitude": 50.4586,
          "longitude": 16.2242
        },
        {
          "index": 52,
          "latitude": 50.4508,
          "longitude": 16.2281
        },
        {
          "index": 53,
          "latitude": 50.4439,
          "longitude": 16.2319
        },
        {
          "index": 54,
          "latitude": 50.4439,
          "longitude": 16.2217
        },
        {
          "index": 55,
          "latitude": 50.4489,
          "longitude": 16.2125
        },
        {
          "index": 56,
          "latitude": 50.4422,
          "longitude": 16.1956
        },
        {
          "index": 57,
          "latitude": 50.435,
          "longitude": 16.1972
        },
        {
          "index": 58,
          "latitude": 50.4236,
          "longitude": 16.2086
        },
        {
          "index": 59,
          "latitude": 50.4097,
          "longitude": 16.2139
        },
        {
          "index": 60,
          "latitude": 50.4117,
          "longitude": 16.2306
        },
        {
          "index": 61,
          "latitude": 50.4111,
          "longitude": 16.2411
        },
        {
          "index": 62,
          "latitude": 50.4039,
          "longitude": 16.2483
        },
        {
          "index": 63,
          "latitude": 50.3947,
          "longitude": 16.2456
        },
        {
          "index": 64,
          "latitude": 50.3942,
          "longitude": 16.2558
        },
        {
          "index": 65,
          "latitude": 50.3869,
          "longitude": 16.2644
        },
        {
          "index": 66,
          "latitude": 50.3789,
          "longitude": 16.2647
        },
        {
          "index": 67,
          "latitude": 50.3758,
          "longitude": 16.2722
        },
        {
          "index": 68,
          "latitude": 50.3692,
          "longitude": 16.2794
        },
        {
          "index": 69,
          "latitude": 50.3825,
          "longitude": 16.3064
        },
        {
          "index": 70,
          "latitude": 50.3822,
          "longitude": 16.3383
        },
        {
          "index": 71,
          "latitude": 50.3772,
          "longitude": 16.3564
        },
        {
          "index": 72,
          "latitude": 50.3658,
          "longitude": 16.3622
        },
        {
          "index": 73,
          "latitude": 50.3469,
          "longitude": 16.3628
        },
        {
          "index": 74,
          "latitude": 50.3344,
          "longitude": 16.3767
        },
        {
          "index": 75,
          "latitude": 50.3236,
          "longitude": 16.3881
        },
        {
          "index": 76,
          "latitude": 50.3228,
          "longitude": 16.4042
        },
        {
          "index": 77,
          "latitude": 50.3225,
          "longitude": 16.4325
        },
        {
          "index": 78,
          "latitude": 50.3194,
          "longitude": 16.4381
        },
        {
          "index": 79,
          "latitude": 50.3022,
          "longitude": 16.4533
        },
        {
          "index": 80,
          "latitude": 50.2944,
          "longitude": 16.4644
        },
        {
          "index": 81,
          "latitude": 50.2864,
          "longitude": 16.4681
        },
        {
          "index": 82,
          "latitude": 50.2828,
          "longitude": 16.4722
        },
        {
          "index": 83,
          "latitude": 50.2656,
          "longitude": 16.4928
        },
        {
          "index": 84,
          "latitude": 50.2586,
          "longitude": 16.5108
        },
        {
          "index": 85,
          "latitude": 50.2414,
          "longitude": 16.5208
        },
        {
          "index": 86,
          "latitude": 50.2381,
          "longitude": 16.5353
        },
        {
          "index": 87,
          "latitude": 50.2361,
          "longitude": 16.5383
        },
        {
          "index": 88,
          "latitude": 50.2247,
          "longitude": 16.5553
        },
        {
          "index": 89,
          "latitude": 50.2156,
          "longitude": 16.5558
        },
        {
          "index": 90,
          "latitude": 50.215,
          "longitude": 16.5534
        },
        {
          "index": 91,
          "latitude": 50.1919,
          "longitude": 16.4907
        },
        {
          "index": 92,
          "latitude": 50.443,
          "longitude": 16.166
        },
        {
          "index": 93,
          "latitude": 50.5671,
          "longitude": 16.2396
        },
        {
          "index": 94,
          "latitude": 50.5796,
          "longitude": 16.0613
        }
      ],
      "radius": 0.0,
      "shape": "POLYGON"
    },
    "handle": 1859488878,
    "identification": "LKTSA43",
    "metar": {},
    "name": "ORLICKÉ HORY",
    "sun": {
      "astronomicalDawn": "2020-11-20T04:41:00Z",
      "astronomicalDusk": "2020-11-20T14:39:00Z",
      "civilDawn": "2020-11-20T05:18:00Z",
      "civilDusk": "2020-11-20T14:03:00Z",
      "date": "2020-11-19T23:00:00Z"
    },
    "thumbprint": "fe32c8b2379cec652525b24871134cda059a6f84f836769ee3d8b883401c76de"
  },
  {
    "elevationRange": {
      "ceiling": {
        "origin": "FL",
        "units": "FEETS",
        "value": 19500.0
      },
      "floor": {
        "origin": "FL",
        "units": "FEETS",
        "value": 9500.0
      }
    },
    "geometry": {
      "coordinates": [
        {
          "index": 0,
          "latitude": 49.9833,
          "longitude": 17.2667
        },
        {
          "index": 1,
          "latitude": 49.9952,
          "longitude": 17.4325
        },
        {
          "index": 2,
          "latitude": 50.0083,
          "longitude": 17.6209
        },
        {
          "index": 3,
          "latitude": 49.8932,
          "longitude": 17.7533
        },
        {
          "index": 4,
          "latitude": 49.7835,
          "longitude": 17.7276
        },
        {
          "index": 5,
          "latitude": 49.7766,
          "longitude": 17.541
        },
        {
          "index": 6,
          "latitude": 49.9833,
          "longitude": 17.2667
        }
      ],
      "radius": 0.0,
      "shape": "POLYGON"
    },
    "handle": 703192379,
    "identification": "LKTSA47",
    "metar": {},
    "name": "BRUNTÁL",
    "sun": {
      "astronomicalDawn": "2020-11-20T04:35:00Z",
      "astronomicalDusk": "2020-11-20T14:36:00Z",
      "civilDawn": "2020-11-20T05:11:00Z",
      "civilDusk": "2020-11-20T14:00:00Z",
      "date": "2020-11-19T23:00:00Z"
    },
    "thumbprint": "6e43bd5adef00d621dac3a8a775dd1cccb0d28002a079d3c3fbf6df9ee211eb1"
  },
  {
    "elevationRange": {
      "ceiling": {
        "origin": "FL",
        "units": "FEETS",
        "value": 66000.0
      },
      "floor": {
        "origin": "GND",
        "units": "NONE",
        "value": 0.0
      }
    },
    "geometry": {
      "coordinates": [
        {
          "index": 0,
          "latitude": 50.3511,
          "longitude": 13.2297
        },
        {
          "index": 1,
          "latitude": 50.3097,
          "longitude": 13.2292
        },
        {
          "index": 2,
          "latitude": 50.2778,
          "longitude": 13.235
        },
        {
          "index": 3,
          "latitude": 50.2143,
          "longitude": 13.2638
        },
        {
          "index": 4,
          "latitude": 50.1906,
          "longitude": 13.1756
        },
        {
          "index": 5,
          "latitude": 50.1831,
          "longitude": 13.1072
        },
        {
          "index": 6,
          "latitude": 50.1951,
          "longitude": 13.0228
        },
        {
          "index": 7,
          "latitude": 50.1975,
          "longitude": 13.0169
        },
        {
          "index": 8,
          "latitude": 50.2275,
          "longitude": 13.0153
        },
        {
          "index": 9,
          "latitude": 50.2973,
          "longitude": 13.022
        },
        {
          "index": 10,
          "latitude": 50.3364,
          "longitude": 13.05
        },
        {
          "index": 11,
          "latitude": 50.3622,
          "longitude": 13.1036
        },
        {
          "index": 12,
          "latitude": 50.3511,
          "longitude": 13.2297
        }
      ],
      "radius": 0.0,
      "shape": "POLYGON"
    },
    "handle": 1831416203,
    "identification": "LKTSA4",
    "metar": {},
    "name": "HRADISTE",
    "sun": {
      "astronomicalDawn": "2020-11-20T04:53:00Z",
      "astronomicalDusk": "2020-11-20T14:53:00Z",
      "civilDawn": "2020-11-20T05:29:00Z",
      "civilDusk": "2020-11-20T14:16:00Z",
      "date": "2020-11-19T23:00:00Z"
    },
    "thumbprint": "385d25cd2e33b29d11aa5aca75fa42e640951718c7d739dc87250ee84ec40389"
  },
  {
    "elevationRange": {
      "ceiling": {
        "origin": "FL",
        "units": "FEETS",
        "value": 21500.0
      },
      "floor": {
        "origin": "FL",
        "units": "FEETS",
        "value": 9500.0
      }
    },
    "geometry": {
      "coordinates": [
        {
          "index": 0,
          "latitude": 50.364,
          "longitude": 17.2011
        },
        {
          "index": 1,
          "latitude": 50.3624,
          "longitude": 17.1979
        },
        {
          "index": 2,
          "latitude": 50.3564,
          "longitude": 17.205
        },
        {
          "index": 3,
          "latitude": 50.345,
          "longitude": 17.2253
        },
        {
          "index": 4,
          "latitude": 50.3211,
          "longitude": 17.2742
        },
        {
          "index": 5,
          "latitude": 50.3175,
          "longitude": 17.2964
        },
        {
          "index": 6,
          "latitude": 50.3241,
          "longitude": 17.3269
        },
        {
          "index": 7,
          "latitude": 50.3283,
          "longitude": 17.3411
        },
        {
          "index": 8,
          "latitude": 50.3258,
          "longitude": 17.3483
        },
        {
          "index": 9,
          "latitude": 50.32,
          "longitude": 17.3392
        },
        {
          "index": 10,
          "latitude": 50.3161,
          "longitude": 17.3261
        },
        {
          "index": 11,
          "latitude": 50.3116,
          "longitude": 17.335
        },
        {
          "index": 12,
          "latitude": 50.3111,
          "longitude": 17.3464
        },
        {
          "index": 13,
          "latitude": 50.3022,
          "longitude": 17.3489
        },
        {
          "index": 14,
          "latitude": 50.2936,
          "longitude": 17.345
        },
        {
          "index": 15,
          "latitude": 50.2822,
          "longitude": 17.3381
        },
        {
          "index": 16,
          "latitude": 50.2672,
          "longitude": 17.3419
        },
        {
          "index": 17,
          "latitude": 50.2644,
          "longitude": 17.3528
        },
        {
          "index": 18,
          "latitude": 50.2586,
          "longitude": 17.3628
        },
        {
          "index": 19,
          "latitude": 50.2608,
          "longitude": 17.3647
        },
        {
          "index": 20,
          "latitude": 50.2678,
          "longitude": 17.3611
        },
        {
          "index": 21,
          "latitude": 50.2772,
          "longitude": 17.3606
        },
        {
          "index": 22,
          "latitude": 50.2822,
          "longitude": 17.3878
        },
        {
          "index": 23,
          "latitude": 50.2855,
          "longitude": 17.4033
        },
        {
          "index": 24,
          "latitude": 50.2805,
          "longitude": 17.4144
        },
        {
          "index": 25,
          "latitude": 50.2772,
          "longitude": 17.4097
        },
        {
          "index": 26,
          "latitude": 50.2728,
          "longitude": 17.3978
        },
        {
          "index": 27,
          "latitude": 50.2722,
          "longitude": 17.4092
        },
        {
          "index": 28,
          "latitude": 50.2694,
          "longitude": 17.4222
        },
        {
          "index": 29,
          "latitude": 50.2611,
          "longitude": 17.4261
        },
        {
          "index": 30,
          "latitude": 50.2511,
          "longitude": 17.4267
        },
        {
          "index": 31,
          "latitude": 50.25,
          "longitude": 17.4336
        },
        {
          "index": 32,
          "latitude": 50.2511,
          "longitude": 17.4472
        },
        {
          "index": 33,
          "latitude": 50.2522,
          "longitude": 17.448
        },
        {
          "index": 34,
          "latitude": 50.253,
          "longitude": 17.4453
        },
        {
          "index": 35,
          "latitude": 50.1646,
          "longitude": 17.4398
        },
        {
          "index": 36,
          "latitude": 50.0083,
          "longitude": 17.6209
        },
        {
          "index": 37,
          "latitude": 49.9952,
          "longitude": 17.4325
        },
        {
          "index": 38,
          "latitude": 50.2234,
          "longitude": 17.1952
        },
        {
          "index": 39,
          "latitude": 50.364,
          "longitude": 17.2011
        }
      ],
      "radius": 0.0,
      "shape": "POLYGON"
    },
    "handle": 2310874968,
    "identification": "LKTSA46",
    "metar": {},
    "name": "MIKULOVICE",
    "sun": {
      "astronomicalDawn": "2020-11-20T04:36:00Z",
      "astronomicalDusk": "2020-11-20T14:36:00Z",
      "civilDawn": "2020-11-20T05:13:00Z",
      "civilDusk": "2020-11-20T14:00:00Z",
      "date": "2020-11-19T23:00:00Z"
    },
    "thumbprint": "89cb2b52eccbd9b0153eedc8439a613570a883eede8635a400eddfadd5431b3f"
  },
  {
    "elevationRange": {
      "ceiling": {
        "origin": "FL",
        "units": "FEETS",
        "value": 66000.0
      },
      "floor": {
        "origin": "GND",
        "units": "NONE",
        "value": 0.0
      }
    },
    "geometry": {
      "coordinates": [
        {
          "index": 0,
          "latitude": 49.8283,
          "longitude": 13.9381
        },
        {
          "index": 1,
          "latitude": 49.8089,
          "longitude": 13.9639
        },
        {
          "index": 2,
          "latitude": 49.77,
          "longitude": 14.0156
        },
        {
          "index": 3,
          "latitude": 49.7181,
          "longitude": 13.9444
        },
        {
          "index": 4,
          "latitude": 49.6783,
          "longitude": 13.9111
        },
        {
          "index": 5,
          "latitude": 49.7083,
          "longitude": 13.8236
        },
        {
          "index": 6,
          "latitude": 49.7622,
          "longitude": 13.85
        },
        {
          "index": 7,
          "latitude": 49.7956,
          "longitude": 13.8667
        },
        {
          "index": 8,
          "latitude": 49.8283,
          "longitude": 13.9381
        }
      ],
      "radius": 0.0,
      "shape": "POLYGON"
    },
    "handle": 2735146355,
    "identification": "LKTSA7",
    "metar": {},
    "name": "JINCE",
    "sun": {
      "astronomicalDawn": "2020-11-20T04:48:00Z",
      "astronomicalDusk": "2020-11-20T14:51:00Z",
      "civilDawn": "2020-11-20T05:24:00Z",
      "civilDusk": "2020-11-20T14:15:00Z",
      "date": "2020-11-19T23:00:00Z"
    },
    "thumbprint": "ab65255e82e2dd73c45155ca3203043b8293ae0f43a7aee87424b46dbff4a31d"
  },
  {
    "elevationRange": {
      "ceiling": {
        "origin": "AGL",
        "units": "FEETS",
        "value": 1000.0
      },
      "floor": {
        "origin": "AGL",
        "units": "FEETS",
        "value": 300.0
      }
    },
    "geometry": {
      "coordinates": [
        {
          "index": 0,
          "latitude": 49.7546,
          "longitude": 16.68
        },
        {
          "index": 1,
          "latitude": 49.7072,
          "longitude": 17.3912
        },
        {
          "index": 2,
          "latitude": 49.7422,
          "longitude": 17.4433
        },
        {
          "index": 3,
          "latitude": 49.6251,
          "longitude": 17.4058
        },
        {
          "index": 4,
          "latitude": 49.6661,
          "longitude": 16.7522
        },
        {
          "index": 5,
          "latitude": 49.5017,
          "longitude": 16.3249
        },
        {
          "index": 6,
          "latitude": 49.4545,
          "longitude": 16.2035
        },
        {
          "index": 7,
          "latitude": 49.5124,
          "longitude": 16.1112
        },
        {
          "index": 8,
          "latitude": 49.5599,
          "longitude": 16.2219
        },
        {
          "index": 9,
          "latitude": 49.7153,
          "longitude": 16.5868
        },
        {
          "index": 10,
          "latitude": 49.7546,
          "longitude": 16.68
        }
      ],
      "radius": 0.0,
      "shape": "POLYGON"
    },
    "handle": 984090622,
    "identification": "LKTSA24",
    "metar": {},
    "name": "LITOVEL",
    "sun": {
      "astronomicalDawn": "2020-11-20T04:38:00Z",
      "astronomicalDusk": "2020-11-20T14:38:00Z",
      "civilDawn": "2020-11-20T05:14:00Z",
      "civilDusk": "2020-11-20T14:02:00Z",
      "date": "2020-11-19T23:00:00Z"
    },
    "thumbprint": "70f0eaac085bc9577f4a90a70d290a891b68380b7fa33d059baeb4c6b4aeb079"
  }
]